-- Adminer 5.0.2 MySQL 10.11.11-MariaDB-0+deb12u1 dump

SET NAMES utf8;
SET time_zone = '+00:00';
SET foreign_key_checks = 0;
SET sql_mode = 'NO_AUTO_VALUE_ON_ZERO';

SET NAMES utf8mb4;

DROP TABLE IF EXISTS `gps`;
CREATE TABLE `gps` (
  `id` int(11) NOT NULL AUTO_INCREMENT,
  `type` enum('PARKING','LINE_POINT') NOT NULL,
  `lat` decimal(10,6) NOT NULL,
  `lng` decimal(10,6) NOT NULL,
  PRIMARY KEY (`id`)
) ENGINE=InnoDB DEFAULT CHARSET=latin1 COLLATE=latin1_swedish_ci;

INSERT INTO `gps` (`id`, `type`, `lat`, `lng`) VALUES
(1,	'LINE_POINT',	50.799432,	14.055446),
(2,	'LINE_POINT',	50.571675,	16.140617),
(3,	'LINE_POINT',	50.572414,	16.142218),
(4,	'LINE_POINT',	50.856418,	15.216718),
(5,	'LINE_POINT',	50.860729,	15.187787),
(6,	'LINE_POINT',	50.799169,	14.055374),
(7,	'LINE_POINT',	50.801020,	14.054152),
(8,	'LINE_POINT',	50.730153,	14.586290),
(9,	'LINE_POINT',	50.779498,	14.047504),
(10,	'LINE_POINT',	50.801116,	14.054127),
(11,	'LINE_POINT',	50.876530,	15.180772),
(12,	'LINE_POINT',	50.805172,	14.050502),
(13,	'LINE_POINT',	50.730165,	14.585995),
(14,	'LINE_POINT',	50.094986,	14.321754),
(15,	'LINE_POINT',	49.172165,	18.581593),
(16,	'LINE_POINT',	50.772036,	15.084435),
(17,	'LINE_POINT',	49.613345,	13.497560),
(18,	'LINE_POINT',	49.718001,	13.381954),
(19,	'LINE_POINT',	49.741400,	13.381015),
(20,	'LINE_POINT',	49.744339,	13.380776),
(21,	'LINE_POINT',	49.730679,	13.381552),
(22,	'LINE_POINT',	37.750765,	-119.592458),
(23,	'LINE_POINT',	50.534790,	15.032151),
(24,	'LINE_POINT',	50.528426,	13.763344),
(25,	'LINE_POINT',	50.612340,	16.112424),
(26,	'LINE_POINT',	50.569228,	15.167763),
(27,	'LINE_POINT',	49.824650,	17.667579),
(28,	'LINE_POINT',	50.795133,	14.044181),
(29,	'LINE_POINT',	50.579612,	16.142773),
(30,	'LINE_POINT',	50.805114,	14.050468),
(31,	'LINE_POINT',	50.805060,	14.050443),
(32,	'LINE_POINT',	50.871276,	15.258009),
(33,	'LINE_POINT',	36.916883,	-4.773200),
(34,	'LINE_POINT',	36.915176,	-4.750814),
(35,	'LINE_POINT',	50.636782,	15.211808),
(36,	'LINE_POINT',	50.800958,	14.054023),
(37,	'LINE_POINT',	50.875785,	15.871328),
(38,	'LINE_POINT',	50.624401,	16.125927),
(39,	'LINE_POINT',	50.580736,	15.618822),
(40,	'LINE_POINT',	50.580573,	15.618691),
(41,	'LINE_POINT',	50.532225,	15.034016),
(42,	'LINE_POINT',	50.102871,	14.321703),
(43,	'LINE_POINT',	50.725033,	15.066810),
(44,	'LINE_POINT',	50.661945,	15.130235),
(45,	'LINE_POINT',	50.625342,	15.205420),
(46,	'LINE_POINT',	50.037035,	14.401783),
(47,	'LINE_POINT',	50.038237,	14.403147),
(48,	'LINE_POINT',	50.538100,	16.159387),
(49,	'LINE_POINT',	50.785926,	14.034286),
(50,	'LINE_POINT',	50.807350,	14.049286),
(51,	'LINE_POINT',	50.795271,	14.044326),
(52,	'LINE_POINT',	50.795456,	14.043889),
(53,	'LINE_POINT',	50.795413,	14.044042),
(54,	'LINE_POINT',	50.795236,	14.044501),
(55,	'LINE_POINT',	50.795141,	14.044439),
(56,	'LINE_POINT',	50.807004,	14.049471),
(57,	'LINE_POINT',	50.795211,	14.044286),
(58,	'LINE_POINT',	50.799457,	14.055524),
(59,	'LINE_POINT',	50.795011,	14.044390),
(60,	'LINE_POINT',	50.846008,	14.875936),
(61,	'LINE_POINT',	50.488600,	15.133855),
(62,	'LINE_POINT',	50.624331,	16.126015),
(63,	'LINE_POINT',	50.560587,	16.208020),
(64,	'LINE_POINT',	59.034094,	6.585365),
(65,	'LINE_POINT',	50.807636,	14.041539),
(66,	'LINE_POINT',	50.799476,	14.055322),
(67,	'LINE_POINT',	50.622112,	15.199719),
(68,	'LINE_POINT',	50.080653,	14.399244),
(69,	'LINE_POINT',	50.097337,	14.436708),
(70,	'LINE_POINT',	50.808937,	14.051881),
(71,	'LINE_POINT',	50.809186,	14.051795),
(72,	'LINE_POINT',	50.809077,	14.051664),
(73,	'LINE_POINT',	50.815075,	14.055038),
(74,	'LINE_POINT',	49.950965,	14.124120),
(75,	'LINE_POINT',	49.951070,	14.123699),
(76,	'LINE_POINT',	50.490422,	15.135134),
(77,	'LINE_POINT',	50.490163,	15.134596),
(78,	'LINE_POINT',	50.489885,	15.134979),
(79,	'LINE_POINT',	49.950727,	14.124563),
(80,	'LINE_POINT',	46.338640,	9.638735),
(81,	'LINE_POINT',	50.100632,	14.322363),
(82,	'LINE_POINT',	41.285030,	0.764923),
(83,	'LINE_POINT',	50.097844,	14.474841),
(84,	'LINE_POINT',	50.614349,	16.124078),
(85,	'LINE_POINT',	50.367556,	15.663473),
(86,	'LINE_POINT',	50.367515,	15.663655),
(87,	'LINE_POINT',	50.367543,	15.663661),
(88,	'LINE_POINT',	50.531325,	15.031829),
(89,	'LINE_POINT',	50.101141,	14.321762),
(90,	'LINE_POINT',	50.062807,	14.420334),
(91,	'LINE_POINT',	50.862463,	14.402148),
(92,	'LINE_POINT',	50.610757,	16.125007),
(93,	'LINE_POINT',	50.487262,	15.134504),
(94,	'LINE_POINT',	50.087805,	14.371222),
(95,	'LINE_POINT',	50.796069,	14.044545),
(96,	'LINE_POINT',	49.950279,	14.124399),
(97,	'LINE_POINT',	50.589058,	16.125253),
(98,	'LINE_POINT',	50.800868,	14.054113),
(99,	'LINE_POINT',	50.079632,	14.413569),
(100,	'LINE_POINT',	50.799217,	14.055840),
(101,	'LINE_POINT',	50.041803,	14.386446),
(102,	'LINE_POINT',	50.098732,	14.322084),
(103,	'LINE_POINT',	50.098727,	14.321894),
(104,	'LINE_POINT',	50.612160,	16.128809),
(105,	'LINE_POINT',	49.870314,	14.536242),
(106,	'LINE_POINT',	50.039612,	14.360247),
(107,	'LINE_POINT',	50.103000,	14.321462),
(108,	'LINE_POINT',	50.041617,	14.383121),
(109,	'LINE_POINT',	50.606488,	16.117147),
(110,	'LINE_POINT',	50.801066,	14.054067),
(111,	'LINE_POINT',	49.904839,	15.811641),
(112,	'LINE_POINT',	50.612135,	16.128850),
(113,	'LINE_POINT',	50.611743,	16.128662),
(114,	'LINE_POINT',	49.950209,	14.124534),
(115,	'LINE_POINT',	50.611072,	16.124539),
(116,	'LINE_POINT',	50.021321,	14.431025),
(117,	'LINE_POINT',	50.779482,	14.047517),
(118,	'LINE_POINT',	50.779469,	14.047506),
(119,	'LINE_POINT',	50.779534,	14.047922),
(120,	'LINE_POINT',	50.548712,	15.191392),
(121,	'LINE_POINT',	50.548518,	15.192314),
(122,	'LINE_POINT',	50.870263,	15.869986),
(123,	'LINE_POINT',	50.870386,	15.866076),
(124,	'LINE_POINT',	50.800278,	14.054279),
(125,	'LINE_POINT',	50.800267,	14.054382),
(126,	'LINE_POINT',	50.800270,	14.054266),
(127,	'LINE_POINT',	50.491144,	15.134481),
(128,	'LINE_POINT',	50.490543,	15.132850),
(129,	'LINE_POINT',	50.484077,	15.132989),
(130,	'LINE_POINT',	50.474320,	15.278214),
(131,	'LINE_POINT',	50.474186,	15.276550),
(132,	'LINE_POINT',	50.799029,	14.055714),
(133,	'LINE_POINT',	50.802512,	14.053305),
(134,	'LINE_POINT',	50.807228,	14.049349),
(135,	'LINE_POINT',	50.739841,	15.182210),
(136,	'LINE_POINT',	50.790224,	15.086964),
(137,	'LINE_POINT',	45.930256,	10.890900),
(138,	'LINE_POINT',	50.041743,	14.386701),
(139,	'LINE_POINT',	47.907765,	13.293574),
(140,	'LINE_POINT',	51.267656,	9.041865),
(141,	'PARKING',	51.404930,	14.419672),
(142,	'LINE_POINT',	47.907765,	13.293574),
(143,	'LINE_POINT',	51.267656,	9.041865),
(144,	'PARKING',	51.404930,	14.419672),
(145,	'LINE_POINT',	51.322615,	16.875117),
(146,	'LINE_POINT',	49.545423,	16.336787),
(147,	'PARKING',	50.182774,	14.925044),
(148,	'LINE_POINT',	40.687596,	4.065058),
(149,	'LINE_POINT',	49.815553,	8.206904),
(150,	'PARKING',	45.219467,	-0.345953),
(151,	'LINE_POINT',	50.856576,	15.216974),
(152,	'PARKING',	50.870270,	15.234016),
(153,	'LINE_POINT',	49.623318,	15.396566),
(154,	'LINE_POINT',	49.623211,	15.396259),
(155,	'PARKING',	49.621215,	15.397198),
(156,	'LINE_POINT',	50.799147,	14.055584),
(157,	'PARKING',	50.799349,	14.053023),
(158,	'LINE_POINT',	50.730145,	14.586463),
(159,	'PARKING',	50.729933,	14.585902),
(160,	'LINE_POINT',	50.860624,	15.188057),
(161,	'PARKING',	50.865936,	15.172011),
(162,	'LINE_POINT',	59.034072,	6.585708),
(163,	'PARKING',	59.045448,	6.650768),
(164,	'LINE_POINT',	50.087746,	14.371365),
(165,	'PARKING',	50.087204,	14.370788),
(166,	'LINE_POINT',	50.548962,	15.191854),
(167,	'PARKING',	50.554197,	15.195801),
(168,	'LINE_POINT',	50.779633,	14.047647),
(169,	'PARKING',	50.784755,	14.042570),
(170,	'LINE_POINT',	49.828374,	18.286929),
(171,	'LINE_POINT',	49.828599,	18.286869),
(172,	'PARKING',	49.828430,	18.285921),
(173,	'LINE_POINT',	50.659146,	14.482097),
(174,	'LINE_POINT',	50.659247,	14.482368),
(175,	'PARKING',	49.843900,	15.474360),
(176,	'LINE_POINT',	49.900545,	18.479121),
(177,	'LINE_POINT',	49.843900,	18.885615),
(178,	'PARKING',	49.843900,	15.474360),
(179,	'LINE_POINT',	50.799469,	14.055517),
(180,	'LINE_POINT',	50.799268,	14.054991),
(181,	'PARKING',	50.802621,	14.046738),
(182,	'LINE_POINT',	50.768538,	15.070988),
(183,	'LINE_POINT',	50.768450,	15.071401),
(184,	'PARKING',	49.843900,	15.474360),
(185,	'LINE_POINT',	50.603112,	15.215220),
(186,	'LINE_POINT',	50.602854,	15.215496),
(187,	'PARKING',	50.600433,	15.219502),
(188,	'LINE_POINT',	49.717882,	13.382009),
(189,	'LINE_POINT',	49.718196,	13.381925),
(190,	'PARKING',	49.718009,	13.382030),
(191,	'LINE_POINT',	49.399683,	12.868183),
(192,	'LINE_POINT',	49.399739,	12.868478),
(193,	'PARKING',	49.398927,	12.869117),
(194,	'LINE_POINT',	49.399688,	12.868170),
(195,	'LINE_POINT',	49.399482,	12.868626),
(196,	'PARKING',	49.398945,	12.869146),
(197,	'LINE_POINT',	49.583908,	13.542905),
(198,	'LINE_POINT',	49.583887,	13.543074),
(199,	'PARKING',	49.583003,	13.541260),
(200,	'LINE_POINT',	50.483825,	15.135886),
(201,	'LINE_POINT',	50.483956,	15.135979),
(202,	'PARKING',	50.490277,	15.134079),
(203,	'LINE_POINT',	50.483803,	15.135399),
(204,	'LINE_POINT',	50.483964,	15.135769),
(205,	'PARKING',	50.490247,	15.134170),
(206,	'LINE_POINT',	50.833952,	15.259553),
(207,	'LINE_POINT',	50.834102,	15.258980),
(208,	'PARKING',	50.842870,	15.274214),
(209,	'LINE_POINT',	50.556104,	15.176707),
(210,	'LINE_POINT',	50.556070,	15.176332),
(211,	'PARKING',	50.553370,	15.186564),
(212,	'LINE_POINT',	50.842853,	14.355369),
(213,	'LINE_POINT',	50.843205,	14.355289),
(214,	'PARKING',	50.836806,	14.358773),
(215,	'LINE_POINT',	50.028143,	14.324735),
(216,	'LINE_POINT',	50.028564,	14.324125),
(217,	'PARKING',	50.029690,	14.322035),
(218,	'LINE_POINT',	50.028591,	14.324845),
(219,	'LINE_POINT',	50.028270,	14.325050),
(220,	'PARKING',	50.029612,	14.321769),
(221,	'LINE_POINT',	49.950248,	14.124369),
(222,	'LINE_POINT',	49.950231,	14.125657),
(223,	'PARKING',	49.941328,	14.133341),
(224,	'LINE_POINT',	50.094906,	14.433025),
(225,	'LINE_POINT',	50.095209,	14.433888),
(226,	'PARKING',	50.095609,	14.438083),
(227,	'LINE_POINT',	49.827006,	18.290797),
(228,	'LINE_POINT',	49.827323,	18.291023),
(229,	'PARKING',	49.827050,	18.291098),
(230,	'LINE_POINT',	49.870578,	14.536034),
(231,	'LINE_POINT',	49.870663,	14.536481),
(232,	'PARKING',	49.863971,	14.532831),
(233,	'LINE_POINT',	50.675190,	15.457071),
(234,	'LINE_POINT',	50.675181,	15.457383),
(235,	'PARKING',	50.677005,	15.454656),
(236,	'LINE_POINT',	49.870381,	14.536598),
(237,	'LINE_POINT',	49.870724,	14.536153),
(238,	'PARKING',	49.863905,	14.532749),
(239,	'LINE_POINT',	50.665835,	15.281979),
(240,	'LINE_POINT',	50.666196,	15.281976),
(241,	'PARKING',	50.665166,	15.282786),
(242,	'LINE_POINT',	49.902725,	14.091110),
(243,	'LINE_POINT',	49.901982,	14.089415),
(244,	'PARKING',	49.904740,	14.090673),
(245,	'LINE_POINT',	49.831201,	14.454140),
(246,	'LINE_POINT',	49.829181,	14.451114),
(247,	'PARKING',	49.828627,	14.467969),
(248,	'LINE_POINT',	49.532017,	17.750516),
(249,	'LINE_POINT',	49.532306,	17.750950),
(250,	'PARKING',	49.843900,	15.474360),
(251,	'LINE_POINT',	50.027800,	14.324478),
(252,	'LINE_POINT',	50.027128,	14.325075),
(253,	'PARKING',	50.027147,	14.324280),
(254,	'LINE_POINT',	50.642721,	15.186191),
(255,	'LINE_POINT',	50.642380,	15.186998),
(256,	'PARKING',	50.643339,	15.194676),
(257,	'LINE_POINT',	50.642721,	15.186191),
(258,	'LINE_POINT',	50.642380,	15.186998),
(259,	'PARKING',	50.643339,	15.194676),
(260,	'LINE_POINT',	50.642736,	15.186256),
(261,	'LINE_POINT',	50.642389,	15.186988),
(262,	'PARKING',	50.643294,	15.194572),
(263,	'LINE_POINT',	50.642736,	15.186256),
(264,	'LINE_POINT',	50.642389,	15.186988),
(265,	'PARKING',	50.643294,	15.194572),
(266,	'LINE_POINT',	49.902154,	14.092262),
(267,	'LINE_POINT',	49.901919,	14.089416),
(268,	'PARKING',	49.899400,	14.090144),
(269,	'LINE_POINT',	49.901985,	14.092230),
(270,	'LINE_POINT',	49.901896,	14.089433),
(271,	'PARKING',	49.899393,	14.090069),
(272,	'LINE_POINT',	49.901985,	14.092230),
(273,	'LINE_POINT',	49.901896,	14.089433),
(274,	'PARKING',	49.899393,	14.090069),
(275,	'LINE_POINT',	49.902100,	14.092307),
(276,	'LINE_POINT',	49.901906,	14.089433),
(277,	'PARKING',	49.899535,	14.090132),
(278,	'LINE_POINT',	49.902100,	14.092307),
(279,	'LINE_POINT',	49.901906,	14.089433),
(280,	'PARKING',	49.899535,	14.090132),
(281,	'LINE_POINT',	49.902078,	14.092333),
(282,	'LINE_POINT',	49.901870,	14.089423),
(283,	'PARKING',	49.899381,	14.090137),
(284,	'LINE_POINT',	50.042546,	13.463447),
(285,	'LINE_POINT',	50.042495,	13.463105),
(286,	'PARKING',	50.046480,	13.461368),
(287,	'LINE_POINT',	50.063082,	14.419625),
(288,	'LINE_POINT',	50.062579,	14.420217),
(289,	'PARKING',	50.060909,	14.424381),
(290,	'LINE_POINT',	49.445677,	13.902500),
(291,	'LINE_POINT',	49.445472,	13.902700),
(292,	'PARKING',	49.444766,	13.901872),
(293,	'LINE_POINT',	50.219052,	14.312347),
(294,	'LINE_POINT',	50.218437,	14.311816),
(295,	'PARKING',	50.219368,	14.310208),
(296,	'LINE_POINT',	49.955520,	14.189561),
(297,	'LINE_POINT',	49.955750,	14.188879),
(298,	'PARKING',	49.957200,	14.186814),
(299,	'LINE_POINT',	49.954677,	14.176411),
(300,	'LINE_POINT',	49.954009,	14.176756),
(301,	'PARKING',	49.953976,	14.179092),
(302,	'LINE_POINT',	50.760345,	15.050614),
(303,	'LINE_POINT',	50.760725,	15.051558),
(304,	'PARKING',	50.760237,	15.051558),
(305,	'LINE_POINT',	50.616154,	16.105937),
(306,	'LINE_POINT',	50.615523,	16.107098),
(307,	'PARKING',	50.618704,	16.107812),
(308,	'LINE_POINT',	49.296740,	14.480117),
(309,	'LINE_POINT',	49.296076,	14.480657),
(310,	'PARKING',	49.296362,	14.478933),
(311,	'LINE_POINT',	49.215940,	15.377785),
(312,	'LINE_POINT',	49.215924,	15.378427),
(313,	'PARKING',	49.215102,	15.377360),
(314,	'LINE_POINT',	49.216128,	15.377888),
(315,	'LINE_POINT',	49.216097,	15.378243),
(316,	'PARKING',	49.215002,	15.377538),
(317,	'LINE_POINT',	49.946005,	14.135058),
(318,	'LINE_POINT',	49.946988,	14.136469),
(319,	'PARKING',	49.945478,	14.134200),
(320,	'LINE_POINT',	49.946581,	14.136286),
(321,	'LINE_POINT',	49.947254,	14.136364),
(322,	'PARKING',	49.945481,	14.134237),
(323,	'LINE_POINT',	49.946510,	14.136388),
(324,	'LINE_POINT',	49.947100,	14.136018),
(325,	'PARKING',	49.945471,	14.134210),
(326,	'LINE_POINT',	49.009770,	14.764430),
(327,	'LINE_POINT',	49.009934,	14.764201),
(328,	'PARKING',	49.008724,	14.763938),
(329,	'LINE_POINT',	50.617002,	16.108241),
(330,	'LINE_POINT',	50.617002,	16.109378),
(331,	'PARKING',	50.618710,	16.107790),
(332,	'LINE_POINT',	50.097226,	14.437228),
(333,	'LINE_POINT',	50.097598,	14.437690),
(334,	'PARKING',	50.097292,	14.435967),
(335,	'LINE_POINT',	50.043398,	14.392250),
(336,	'LINE_POINT',	50.043391,	14.391255),
(337,	'PARKING',	50.041427,	14.390905),
(338,	'LINE_POINT',	49.951096,	14.123202),
(339,	'LINE_POINT',	49.950518,	14.124417),
(340,	'PARKING',	49.937552,	14.133589),
(341,	'LINE_POINT',	50.026876,	14.397142),
(342,	'LINE_POINT',	50.026843,	14.397901),
(343,	'PARKING',	50.023371,	14.395271),
(344,	'LINE_POINT',	49.947565,	14.129613),
(345,	'LINE_POINT',	49.946990,	14.129452),
(346,	'PARKING',	49.937544,	14.133608),
(347,	'LINE_POINT',	49.654154,	15.618916),
(348,	'LINE_POINT',	49.654016,	15.619068),
(349,	'PARKING',	49.657510,	15.626577),
(350,	'LINE_POINT',	49.950355,	14.124810),
(351,	'LINE_POINT',	49.950122,	14.125774),
(352,	'PARKING',	49.937562,	14.133587),
(353,	'LINE_POINT',	50.119546,	14.379082),
(354,	'LINE_POINT',	50.119648,	14.379524),
(355,	'PARKING',	50.120267,	14.375323),
(356,	'LINE_POINT',	50.586028,	16.178220),
(357,	'LINE_POINT',	50.585804,	16.178219),
(358,	'PARKING',	50.585736,	16.175679),
(359,	'LINE_POINT',	49.950591,	14.124245),
(360,	'LINE_POINT',	49.950934,	14.123560),
(361,	'PARKING',	49.937569,	14.133596),
(362,	'LINE_POINT',	49.620103,	15.411506),
(363,	'LINE_POINT',	49.620096,	15.411874),
(364,	'PARKING',	49.617126,	15.410683),
(365,	'LINE_POINT',	49.949832,	14.131409),
(366,	'LINE_POINT',	49.949992,	14.131728),
(367,	'PARKING',	49.937527,	14.133629),
(368,	'LINE_POINT',	49.949779,	14.131465),
(369,	'LINE_POINT',	49.950243,	14.131622),
(370,	'PARKING',	49.937548,	14.133590),
(371,	'LINE_POINT',	49.949841,	14.131403),
(372,	'LINE_POINT',	49.950267,	14.131296),
(373,	'PARKING',	49.937537,	14.133605),
(374,	'LINE_POINT',	49.946018,	14.135050),
(375,	'LINE_POINT',	49.946653,	14.134667),
(376,	'PARKING',	49.937553,	14.133604),
(377,	'LINE_POINT',	49.950514,	14.124416),
(378,	'PARKING',	49.937549,	14.133588),
(379,	'LINE_POINT',	49.950341,	14.124609),
(380,	'PARKING',	49.937556,	14.133577),
(381,	'LINE_POINT',	49.950528,	14.124411),
(382,	'PARKING',	49.937575,	14.133593),
(383,	'LINE_POINT',	49.950272,	14.124808),
(384,	'PARKING',	49.937528,	14.133636),
(385,	'LINE_POINT',	49.950512,	14.124431),
(386,	'PARKING',	49.937520,	14.133642),
(387,	'LINE_POINT',	49.972036,	14.398131),
(388,	'LINE_POINT',	49.971997,	14.398716),
(389,	'PARKING',	49.970901,	14.399191),
(390,	'LINE_POINT',	50.642721,	15.186323),
(391,	'LINE_POINT',	50.642489,	15.186982),
(392,	'PARKING',	50.641610,	15.186354),
(393,	'LINE_POINT',	49.944345,	14.128646),
(394,	'LINE_POINT',	49.944784,	14.128706),
(395,	'PARKING',	49.937514,	14.133653),
(396,	'LINE_POINT',	49.942896,	14.126866),
(397,	'LINE_POINT',	49.943010,	14.126328),
(398,	'PARKING',	49.937512,	14.133651),
(399,	'LINE_POINT',	49.615536,	16.081301),
(400,	'LINE_POINT',	49.615587,	16.081390),
(401,	'PARKING',	49.612590,	16.082253),
(402,	'LINE_POINT',	50.605312,	15.210417),
(403,	'LINE_POINT',	50.605262,	15.210054),
(404,	'PARKING',	50.601256,	15.215348),
(405,	'LINE_POINT',	49.581890,	18.014683),
(406,	'LINE_POINT',	49.581941,	18.014830),
(407,	'PARKING',	49.581966,	18.011194),
(408,	'LINE_POINT',	50.604724,	15.212396),
(409,	'LINE_POINT',	50.604763,	15.212033),
(410,	'PARKING',	50.601307,	15.215317),
(411,	'LINE_POINT',	50.603638,	15.214777),
(412,	'LINE_POINT',	50.603746,	15.214529),
(413,	'PARKING',	50.601308,	15.215323),
(414,	'LINE_POINT',	50.636298,	15.702552),
(415,	'LINE_POINT',	50.634248,	15.701888),
(416,	'PARKING',	50.636483,	15.705994),
(417,	'LINE_POINT',	49.954038,	14.174887),
(418,	'LINE_POINT',	49.954561,	14.177427),
(419,	'PARKING',	49.953933,	14.179109),
(420,	'LINE_POINT',	50.043403,	14.392220),
(421,	'LINE_POINT',	50.043389,	14.391259),
(422,	'PARKING',	50.041367,	14.390705),
(423,	'LINE_POINT',	50.551900,	15.177536),
(424,	'LINE_POINT',	50.552157,	15.178267),
(425,	'PARKING',	50.555561,	15.192497),
(426,	'LINE_POINT',	50.602932,	15.215202),
(427,	'LINE_POINT',	50.603442,	15.215015),
(428,	'PARKING',	50.601328,	15.215335),
(429,	'LINE_POINT',	50.483995,	15.132470),
(430,	'PARKING',	50.490131,	15.133934),
(431,	'LINE_POINT',	50.484001,	15.133318),
(432,	'LINE_POINT',	50.483639,	15.132765),
(433,	'PARKING',	50.490146,	15.133915),
(434,	'LINE_POINT',	49.951048,	14.122917),
(435,	'LINE_POINT',	49.950257,	14.124276),
(436,	'PARKING',	49.937534,	14.133620),
(437,	'LINE_POINT',	50.549008,	15.191693),
(438,	'PARKING',	50.555177,	15.192422),
(439,	'LINE_POINT',	50.545363,	15.192571),
(440,	'LINE_POINT',	50.545278,	15.192272),
(441,	'PARKING',	50.555174,	15.192440),
(442,	'LINE_POINT',	50.545380,	15.192463),
(443,	'LINE_POINT',	50.545385,	15.191547),
(444,	'PARKING',	50.555193,	15.192307),
(445,	'LINE_POINT',	49.629452,	15.411716),
(446,	'LINE_POINT',	49.629618,	15.411138),
(447,	'PARKING',	49.630251,	15.411304),
(448,	'LINE_POINT',	50.094676,	14.321123),
(449,	'PARKING',	50.093130,	14.321897),
(450,	'LINE_POINT',	50.095078,	14.321603),
(451,	'LINE_POINT',	50.094899,	14.319517),
(452,	'PARKING',	50.093141,	14.321907),
(453,	'LINE_POINT',	28.187178,	-16.519675),
(454,	'LINE_POINT',	28.187243,	-16.519375),
(455,	'PARKING',	28.187113,	-16.520102),
(456,	'LINE_POINT',	50.080548,	14.399502),
(457,	'PARKING',	50.079804,	14.396429),
(458,	'LINE_POINT',	50.066707,	14.429316),
(459,	'LINE_POINT',	50.066558,	14.429432),
(460,	'PARKING',	50.066479,	14.429408),
(461,	'LINE_POINT',	50.185396,	14.085099),
(462,	'LINE_POINT',	50.185471,	14.085775),
(463,	'PARKING',	50.187490,	14.087371),
(464,	'LINE_POINT',	50.185238,	14.084747),
(465,	'LINE_POINT',	50.184347,	14.085174),
(466,	'PARKING',	50.187519,	14.087444),
(467,	'LINE_POINT',	50.161694,	14.101330),
(468,	'LINE_POINT',	50.161668,	14.101823),
(469,	'PARKING',	50.162976,	14.101945),
(470,	'LINE_POINT',	50.157349,	14.086419),
(471,	'LINE_POINT',	50.157230,	14.087599),
(472,	'PARKING',	50.155385,	14.088046),
(473,	'LINE_POINT',	50.161680,	14.101802),
(474,	'LINE_POINT',	50.161697,	14.102085),
(475,	'PARKING',	50.162886,	14.101992),
(476,	'LINE_POINT',	50.106677,	13.511168),
(477,	'LINE_POINT',	50.106288,	13.510879),
(478,	'PARKING',	50.106849,	13.512581),
(479,	'LINE_POINT',	50.161744,	14.101870),
(480,	'LINE_POINT',	50.161748,	14.102042),
(481,	'PARKING',	50.162909,	14.101991),
(482,	'LINE_POINT',	50.487470,	14.582653),
(483,	'LINE_POINT',	50.487896,	14.582911),
(484,	'PARKING',	50.489200,	14.599956),
(485,	'LINE_POINT',	50.788573,	15.103023),
(486,	'LINE_POINT',	50.788465,	15.103301),
(487,	'PARKING',	50.786733,	15.111083),
(488,	'LINE_POINT',	50.783627,	15.118999),
(489,	'LINE_POINT',	50.783377,	15.119671),
(490,	'PARKING',	50.784999,	15.114496),
(491,	'LINE_POINT',	50.185375,	14.085093),
(492,	'LINE_POINT',	50.185101,	14.086297),
(493,	'PARKING',	50.187484,	14.087420),
(494,	'LINE_POINT',	49.950845,	14.124302),
(495,	'LINE_POINT',	49.950500,	14.124392),
(496,	'PARKING',	49.843900,	15.474360),
(497,	'LINE_POINT',	50.094909,	14.433031),
(498,	'LINE_POINT',	50.095019,	14.433561),
(499,	'PARKING',	49.843900,	15.474360),
(500,	'LINE_POINT',	49.901796,	15.814449),
(501,	'LINE_POINT',	49.901572,	15.814672),
(502,	'PARKING',	49.906738,	15.812942),
(503,	'LINE_POINT',	50.193478,	12.813394),
(504,	'LINE_POINT',	50.193008,	12.814947),
(505,	'PARKING',	50.205632,	12.818244),
(506,	'LINE_POINT',	50.207173,	15.824734),
(507,	'LINE_POINT',	50.206765,	15.825574),
(508,	'PARKING',	50.208008,	15.827650),
(509,	'LINE_POINT',	50.185255,	14.086079),
(510,	'LINE_POINT',	50.184360,	14.085386),
(511,	'PARKING',	50.187500,	14.087155),
(512,	'LINE_POINT',	50.549618,	15.190824),
(513,	'LINE_POINT',	50.548435,	15.191859),
(514,	'PARKING',	50.545640,	15.188179),
(515,	'LINE_POINT',	50.489395,	14.582887),
(516,	'LINE_POINT',	50.488320,	14.582804),
(517,	'PARKING',	49.843900,	15.474360),
(518,	'LINE_POINT',	50.037622,	14.408608),
(519,	'LINE_POINT',	50.037580,	14.408705),
(520,	'PARKING',	50.037851,	14.409115),
(521,	'LINE_POINT',	50.788042,	14.028471),
(522,	'LINE_POINT',	50.787576,	14.029005),
(523,	'PARKING',	50.785588,	14.029016),
(524,	'LINE_POINT',	50.205286,	15.834697),
(525,	'LINE_POINT',	50.205623,	15.834866),
(526,	'PARKING',	50.205948,	15.834076),
(527,	'LINE_POINT',	50.609826,	16.117456),
(528,	'LINE_POINT',	50.609017,	16.118076),
(529,	'PARKING',	50.617445,	16.122889),
(530,	'LINE_POINT',	50.608538,	16.115863),
(531,	'LINE_POINT',	50.609023,	16.118041),
(532,	'PARKING',	50.617418,	16.122917),
(533,	'LINE_POINT',	50.551853,	15.163465),
(534,	'LINE_POINT',	50.551587,	15.163605),
(535,	'PARKING',	50.550766,	15.145104),
(536,	'LINE_POINT',	50.629871,	14.743018),
(537,	'LINE_POINT',	50.629703,	14.743428),
(538,	'PARKING',	50.629612,	14.740283),
(539,	'LINE_POINT',	49.629845,	15.411199),
(540,	'LINE_POINT',	49.629602,	15.412538),
(541,	'PARKING',	49.628720,	15.407810),
(542,	'LINE_POINT',	49.629576,	15.411039),
(543,	'LINE_POINT',	49.629455,	15.411777),
(544,	'PARKING',	49.628613,	15.407775),
(545,	'LINE_POINT',	49.629574,	15.411011),
(546,	'LINE_POINT',	49.629442,	15.411749),
(547,	'PARKING',	49.628820,	15.407649),
(548,	'LINE_POINT',	49.843900,	13.161738),
(549,	'LINE_POINT',	49.843900,	17.786982),
(550,	'PARKING',	49.843900,	15.474360),
(551,	'LINE_POINT',	50.140451,	14.072769),
(552,	'LINE_POINT',	50.140422,	14.074032),
(553,	'PARKING',	50.139906,	14.073340),
(554,	'LINE_POINT',	50.140416,	14.072720),
(555,	'LINE_POINT',	50.140394,	14.074045),
(556,	'PARKING',	50.139877,	14.073361);

DROP TABLE IF EXISTS `highline`;
CREATE TABLE `highline` (
  `id` int(11) NOT NULL AUTO_INCREMENT,
  `typ` int(11) NOT NULL DEFAULT 0,
  `uzivatel_id` int(11) DEFAULT NULL,
  `jmeno` varchar(100) NOT NULL,
  `delka` int(11) NOT NULL,
  `vyska` int(11) NOT NULL,
  `stat` varchar(100) DEFAULT NULL,
  `oblast` varchar(100) DEFAULT NULL,
  `kraj` varchar(100) DEFAULT NULL,
  `gps` text DEFAULT NULL,
  `hodnoceni` int(11) DEFAULT NULL,
  `kotveni` varchar(50) DEFAULT NULL,
  `info` text DEFAULT NULL,
  `pointOneInfo` varchar(512) DEFAULT NULL,
  `pointTwoInfo` varchar(512) DEFAULT NULL,
  `autor` varchar(100) DEFAULT NULL,
  `datum` date DEFAULT NULL,
  `lat` varchar(31) DEFAULT NULL,
  `lng` varchar(31) DEFAULT NULL,
  `parking_id` int(11) DEFAULT NULL,
  `point1_id` int(11) DEFAULT NULL,
  `point2_id` int(11) DEFAULT NULL,
  `nameHistory` text DEFAULT NULL,
  `timeApproach` int(11) DEFAULT NULL,
  `timeTensioning` int(11) DEFAULT NULL,
  PRIMARY KEY (`id`),
  UNIQUE KEY `jmeno` (`jmeno`),
  KEY `fk_highline_highline_oddily1` (`typ`),
  KEY `fk_highline_uzivatel1` (`uzivatel_id`),
  KEY `parking_id` (`parking_id`,`point1_id`,`point2_id`),
  KEY `point1_id` (`point1_id`),
  KEY `point2_id` (`point2_id`),
  CONSTRAINT `fk_highline_uzivatel1` FOREIGN KEY (`uzivatel_id`) REFERENCES `uzivatel` (`id`) ON DELETE NO ACTION ON UPDATE NO ACTION,
  CONSTRAINT `highline_ibfk_1` FOREIGN KEY (`typ`) REFERENCES `highline_oddily` (`id`),
  CONSTRAINT `highline_ibfk_2` FOREIGN KEY (`parking_id`) REFERENCES `gps` (`id`),
  CONSTRAINT `highline_ibfk_3` FOREIGN KEY (`point1_id`) REFERENCES `gps` (`id`),
  CONSTRAINT `highline_ibfk_4` FOREIGN KEY (`point2_id`) REFERENCES `gps` (`id`)
) ENGINE=InnoDB DEFAULT CHARSET=utf8mb3 COLLATE=utf8mb3_czech_ci;

INSERT INTO `highline` (`id`, `typ`, `uzivatel_id`, `jmeno`, `delka`, `vyska`, `stat`, `oblast`, `kraj`, `gps`, `hodnoceni`, `kotveni`, `info`, `pointOneInfo`, `pointTwoInfo`, `autor`, `datum`, `lat`, `lng`, `parking_id`, `point1_id`, `point2_id`, `nameHistory`, `timeApproach`, `timeTensioning`) VALUES
(31,	2,	1,	'Planet Slackturn',	38,	20,	'Česká republika',	'Ostrov',	'Ústecký',	'(50.799432179940226, 14.055445790290833)',	3,	'3',	'                        ',	NULL,	NULL,	'',	'2009-05-02',	'50.799432179940226',	'14.055445790290833',	NULL,	1,	NULL,	NULL,	NULL,	NULL),
(32,	1,	1,	'Bišík',	8,	10,	'Česká republika',	'Bišík',	'Královéhradecký',	'(50.57167464639518, 16.140616536140442)',	2,	'3',	'                                                      ',	NULL,	NULL,	'',	'2007-08-12',	'50.57167464639518',	'16.140616536140442',	NULL,	2,	NULL,	NULL,	NULL,	NULL),
(33,	1,	1,	'Green Air line',	23,	20,	'Česká republika',	'Bišík',	'Královéhradecký',	'(50.57241396147993, 16.142217814922333)',	3,	'3',	'',	NULL,	NULL,	'',	'2008-08-04',	'50.57241396147993',	'16.142217814922333',	NULL,	3,	NULL,	NULL,	NULL,	NULL),
(34,	0,	1,	'Cimbuří-Cimbuline',	25,	20,	'Česká republika',	'Jizerské hory',	'Liberecký',	'(50.85641900198966, 15.216912031173706)',	4,	'2',	'<p>Prvn&iacute; skutečn&aacute; HL v Česku. Na podzim 2007 ji jako prvn&iacute; a jedinej pře&scaron;el Stefan Junghannss. My ostatn&iacute; jsme si museli rok počkat, ale st&aacute;lo to za to! Nově navrt&aacute;no na obou stran&aacute;ch kotven&iacute;!</p>\n',	'',	'',	'kolouch',	'2010-07-20',	'50.85641900198966',	'15.216912031173706',	152,	4,	151,	'',	NULL,	NULL),
(35,	0,	1,	'Ořešník',	22,	15,	'Česká republika',	'Jizerky',	'Liberecký',	'(50.860665321940225, 15.187810063362122)',	3,	'23',	'<p>Na obou stran&aacute;ch lepen&eacute; z&aacute;vitov&eacute; tyče průměr 12 mm celkem 5 kusů.Oka (plakety) nutno přin&eacute;st s sebou.</p>\n',	'',	'',	'kolouch',	'2009-08-20',	'50.860665321940225',	'15.187810063362122',	161,	5,	160,	'',	NULL,	NULL),
(36,	0,	1,	'Alter Weg',	15,	15,	'Česká republika',	'Ostrov',	'Ústecký',	'(50.79927621619304, 14.055853486061096)',	1,	'1',	'<p>Prvn&iacute; ofici&aacute;ln&iacute; highline v Česku.Přes svoj&iacute; nevelkou d&eacute;lku a v&yacute;&scaron;ku je ov&scaron;en velice nebezpečn&aacute;, zvl&aacute;&scaron;ť na kraj&iacute;ch může po p&aacute;du do odsedky doj&iacute;t ke kontaktu se sk&aacute;lou. Vzhledem k jej&iacute; snadn&eacute; dostupnosti a rychl&yacute; mont&aacute;ži l&aacute;k&aacute; k n&aacute;cviku pro hajlajnov&eacute; zač&aacute;tečn&iacute;ky. Doporučuju proto použ&iacute;vat přilbu a nastupovat v bezpečn&yacute; vzd&aacute;lenosti od okraje.</p>\n',	'',	'',	'Kolouch',	'2007-07-20',	'50.79927621619304',	'14.055853486061096',	157,	6,	156,	'Smolda tuhle lajnu napínal s Jelenem jako jednu z prvních hajlajn v ČR. První opakování a první FM bylo v roce 2008. \nNázev Alter Weg (Stará cesta) koresponduje s lezeckou tradicí Ostrova, kdy většina prvních výstupů na věž nesla právě toto jméno. (Q)',	15,	60),
(37,	1,	1,	'Nad Bivakem',	26,	20,	'Česká republika',	'Ostrov',	'Ústecký',	'(50.80101975955313, 14.0541522949934)',	2,	'13',	'      Poměrně složitá montáž na masívu vyžaduje jednak použití velkého množství materiálu na obvázání více slabých břízek a taky jeden megawoodhex- kus špalku- k dokotvení lajny na pevno ke skále, aby se lajna při pádech do odsedky nepředřela.\r\n  \r\n  ',	NULL,	NULL,	'kolouch',	'2010-04-16',	'50.80101975955313',	'14.0541522949934',	NULL,	7,	NULL,	NULL,	NULL,	NULL),
(38,	1,	1,	'Sváteční',	20,	13,	'Česká republika',	'Sloup v Čechách',	'Liberecký',	'(50.730153448657894, 14.586289823055267)',	2,	'1',	'                                          ',	NULL,	NULL,	'Kajoch',	'2010-03-07',	'50.730153448657894',	'14.586289823055267',	NULL,	8,	NULL,	NULL,	NULL,	NULL),
(39,	0,	1,	'Stoletá Doga',	18,	20,	'Česká republika',	'Tisá',	'Ústecký',	'(50.77957991567926, 14.047600328922272)',	3,	'13',	'<p>Lajna natažen&aacute; u př&iacute;ležitosti st&eacute;ho v&yacute;roč&iacute; v&yacute;stupu na jednu z dominant T&iacute;s&eacute;- Dogu. Vcelku snadn&aacute; mont&aacute;ž. Nejlehč&iacute; cestou, kterou lze na Dogu vystoupit je pětka z n&aacute;horn&iacute; strany. !!! Nekotvit lajnu pouze za prvn&iacute; dva kameny, ale obhodit cel&yacute; vrchol. Prvn&iacute; dva kameny se h&yacute;bou !!!</p>\n',	'',	'',	'kolouch',	'2007-08-20',	'50.77957991567926',	'14.047600328922272',	169,	9,	168,	'',	0,	0),
(40,	1,	1,	'Kinder highline',	8,	20,	'Česká republika',	'Osrtov',	'Ústecký',	'(50.80111553812495, 14.054127484560013)',	2,	'13',	'      \r\n  Názvem hajlajna pro děti.Ovšem opak je pravdou. Na věž je třeba překočit dvojkovým přeskokem, k montáži je třeba mrtě matroše a bandáže + bouldermatka. Těch pár kroků nestojí za tu námahu, ale lajna bezesporu patří k historii hajaljningu v česku. Never more!    \r\n    ',	NULL,	NULL,	'kolouch',	'2008-05-02',	'50.80111553812495',	'14.054127484560013',	NULL,	10,	NULL,	NULL,	NULL,	NULL),
(41,	3,	1,	'Kongolajna',	29,	12,	'Česká republika',	'jizerské hory',	'Liberecký',	'(50.87652972706758, 15.180771946907043)',	2,	'1',	'                      \r\n      \r\n  Městská HL v Hejnicích  u mostu přes řeku Smědou u hospody Kongo. Rychlá montáž na jedné straně za strom , na druhé za sloup. Pozor na projíždějící auta po mostu a na plot u sloupu- nepoškodit.    \r\n    \r\n            ',	NULL,	NULL,	'kolouch',	'2010-06-13',	'50.87652972706758',	'15.180771946907043',	NULL,	11,	NULL,	NULL,	NULL,	NULL),
(42,	2,	1,	'I-Landcruise',	40,	30,	'Česká republika',	'Ostrov',	'Ústecký',	'(50.805171961819035, 14.050502479076385)',	4,	'3',	'                                  \r\n  Naprosto úžasná linie,čekala až dospěje generace hajlajnerů schopných přejít 40-ti metovou HL. Takže svým způsobem historický milník .   \r\n                  ',	NULL,	NULL,	'landcruising',	'2010-05-01',	'50.805171961819035',	'14.050502479076385',	NULL,	12,	NULL,	NULL,	NULL,	NULL),
(43,	0,	1,	'Bílá Sobota',	33,	13,	'Česká republika',	'Sloup v Čechách',	'Liberecký',	'(50.73017721739421, 14.586295187473297)',	2,	'1',	'<p>Nekotvit za malou borovici na kraji, ale ukotvit kladkostroj za vzd&aacute;leněj&scaron;&iacute; strom ve směru.</p>\n',	'',	'',	'',	'2004-10-20',	'50.73017721739421',	'14.586295187473297',	159,	13,	158,	'',	NULL,	NULL),
(44,	0,	1,	'Wild Sarah',	57,	40,	'Česká republika',	'Praha',	'Hlavní město Praha',	'(50.09459575251884, 14.321609437465668)',	4,	'3',	'<p>Přechodem t&yacute;hle monstrhajlajny konč&iacute; čas her a malin nezral&yacute;ch a zač&iacute;n&aacute; &eacute;ra skutečn&yacute;ho hajlajningu v Česku.</p>\n\n<p>Na obo stran&aacute;ch se obhazuje masivn&iacute; blok. Stejn&yacute; obhoz i na backup.&nbsp;Sk&aacute;la je m&iacute;sty dost ostr&aacute;, je potřeba dostatek band&aacute;ž&iacute;.</p>\n',	'8m',	'12m',	'Kwjet & friends',	'2009-10-25',	'50.09459575251884',	'14.321609437465668',	449,	14,	448,	'',	20,	120),
(45,	1,	50,	'Nad Ohniskom',	16,	35,	'Slovensko',	'Sulov ',	'Žilinský kraj',	'(49.172164740017294, 18.58159303665161)',	3,	'13',	'  \r\n      \r\n  ',	NULL,	NULL,	'Woita, Rasta, Fuckey',	'2008-11-10',	'49.172164740017294',	'18.58159303665161',	NULL,	15,	NULL,	NULL,	NULL,	NULL),
(48,	3,	45,	'Urban Červený Harcov',	23,	12,	'Česká republika',	'Liberec, Koleje Harcov',	'Liberecký',	'(50.772035608712976, 15.084435045719147)',	1,	'1',	'Kotvení Most(trubky) -&gt; Strom, ideální lajna pro začátky nebo párty na mostě spojené se skákáním z mostu :-)',	NULL,	NULL,	'stanely',	'2010-06-19',	'50.772035608712976',	'15.084435045719147',	NULL,	16,	NULL,	NULL,	NULL,	NULL),
(49,	3,	53,	'Hradlajn',	17,	10,	'Česká republika',	'Vlčtejn',	'Plzeňský',	'(49.61334469184164, 13.49755972623825)',	1,	'3',	'',	NULL,	NULL,	'Honzís',	'2009-05-03',	'49.61334469184164',	'13.49755972623825',	NULL,	17,	NULL,	NULL,	NULL,	NULL),
(50,	3,	53,	'Tyršovská',	35,	10,	'Česká republika',	'Plzeň',	'Plzeňský',	'(49.71800071468887, 13.381953835487366)',	1,	'',	'kotvení za konstrukci',	NULL,	NULL,	'Tomáš Komínek & Michal ',	'2009-10-05',	'49.71800071468887',	'13.381953835487366',	NULL,	18,	NULL,	NULL,	NULL,	NULL),
(51,	3,	53,	'Železniční',	10,	10,	'Česká republika',	'Plzeň',	'Plzeňský',	'(49.741399603235344, 13.381015062332153)',	1,	'',	'kotvení za konstrukci',	NULL,	NULL,	'Honzís',	'2010-01-30',	'49.741399603235344',	'13.381015062332153',	NULL,	19,	NULL,	NULL,	NULL,	NULL),
(52,	3,	53,	'Kulturní',	16,	10,	'Česká republika',	'Plzeň',	'Plzeňský',	'(49.74433927040238, 13.380776345729828)',	1,	'',	'kotvení za konstrukci, \r\nmontáž ze servisních-pohyblivých lávek',	NULL,	NULL,	'Honzís',	'2010-05-23',	'49.74433927040238',	'13.380776345729828',	NULL,	20,	NULL,	NULL,	NULL,	NULL),
(53,	3,	53,	'Pilíře',	52,	8,	'Česká republika',	'Plzeň',	'Plzeňský',	'(49.730679402367365, 13.381551504135132)',	1,	'2',	'',	NULL,	NULL,	'Honzís',	'2008-07-20',	'49.730679402367365',	'13.381551504135132',	NULL,	21,	NULL,	NULL,	NULL,	NULL),
(54,	1,	64,	'Lost Arrow Spire Classic',	17,	880,	'USA',	'Yosemite',	'CA',	'(37.750765198354316, -119.59245800971985)',	5,	'2',	'Prvni prelez: Scott Balcom - 1985\r\n\r\nKotveni na jednej strane (big flake) - friendy, heksy + 1 nyt. Kotveni na vezi - nyty',	NULL,	NULL,	'Daemon',	'2010-06-21',	'37.750765198354316',	'-119.59245800971985',	NULL,	22,	NULL,	NULL,	NULL,	NULL),
(55,	1,	10,	'Vypálený chodidla',	23,	25,	'Česká republika',	'Drábky',	'Středočeský',	'(50.53478956894313, 15.032150745391846)',	3,	'13',	'HL vede ze Lvíčka na Sokola. Na Lvíčka přeskokem za II. Na Sokola doporučuju Údolní stěnu za VI. Kotvení: Na Lvíčkovi obhozenej blok (dva spojený čtyřmetrový spamsety). Na Sokoloj ovázaná borovice, back-up dojištenej za slaňák, lajna přitažená k dobíráku. NENAPÍNAT JENOM ZA DOBÍRÁK !!! NELÉZT PO DEŠTI! ',	NULL,	NULL,	'',	'2010-07-12',	'50.53478956894313',	'15.032150745391846',	NULL,	23,	NULL,	NULL,	NULL,	NULL),
(56,	1,	10,	'Kozatá',	29,	20,	'Česká republika',	'Bořeň',	'Ústecký',	'(50.528426, 13.763344)',	3,	'13',	'',	NULL,	NULL,	'Kwjet',	'2009-04-02',	'50.528426',	'13.763344',	NULL,	24,	NULL,	NULL,	NULL,	NULL),
(57,	1,	1,	'Cukrovarák',	10,	15,	'Česká republika',	'Adršpach',	'Královéhradecký',	'(50.6123401726076, 16.112423837184906)',	3,	'2',	'Na Cukrovarském komíně obhození celé věže, dojištění za slaňák a poslední kruh Kampaňové cesty. Na Karbaníku hlavní kotvení za hrot nejblíže k Cukrovaráku. Dojištění obhozem celé skály (3 obhozy 80m statiky). NEKOTVIT POUZE ZA SLAŇÁK!!! Lezení povoleno od 1.5. - 30.11. a 48hod po dešti!',	NULL,	NULL,	'Renan Ozturk, Cedar Wright',	'2010-07-15',	'50.6123401726076',	'16.112423837184906',	NULL,	25,	NULL,	NULL,	NULL,	NULL),
(59,	3,	10,	'Guánoline',	13,	10,	'Česká republika',	'Kost',	'Liberecký',	'(50.56922835064433, 15.167763233184814)',	1,	'3',	'Speciální lajna pro speciální příležitosti. Natahuje se pro účely pobavení návštěvníků hradu Kost. Z hlavní věže plné holubích mrtvol a hoven (odtud ne zcela přesný název), do okna Paláce.',	NULL,	NULL,	'',	'2010-04-25',	'50.56922835064433',	'15.167763233184814',	NULL,	26,	NULL,	NULL,	NULL,	NULL),
(60,	1,	82,	'Kružberkská vrtule',	26,	20,	'Česká republika',	'Kružberk',	'Moravskoslezský',	'(49.82465005269181, 17.667579352855682)',	2,	'1',	'Pravděpodobně první hajlajna v širším okolí opavy, prvním výjezdem nepokořena.\r\n\r\nKotvení lajny za borovice, lano dojištěno friendy, vklíněnci, smyčkami...\r\n\r\n',	NULL,	NULL,	'ondra a matesh',	'2010-07-21',	'49.82465005269181',	'17.667579352855682',	NULL,	27,	NULL,	NULL,	NULL,	NULL),
(61,	1,	1,	'Malej Huhulák',	33,	15,	'Česká republika',	'Himmelreich',	'Vysočina',	'(50.795132814755526, 14.044180512428284)',	2,	'3',	'vede z Morice na Soví věž\r\nkotvení: 3 m spanset (ideálně víc) na každý straně na obhození šutrů (dávat bacha, aby se spansety nevysmekly)',	NULL,	NULL,	'Kwjet',	'2010-07-16',	'50.795132814755526',	'14.044180512428284',	NULL,	28,	NULL,	NULL,	NULL,	NULL),
(62,	1,	54,	'Blueberry Jungle',	32,	15,	'Česká republika',	'Supí skály - Bišík',	'Královéhradecký',	'(50.57961230783833, 16.142773032188416)',	2,	'13',	'pěkná pralesní hajlajna na skrytým místě, kotvení strom - věž, na věž vede cesta cca za VI (ale není na ní kruh ani slaňák) obvod věže cca 7-8 m',	NULL,	NULL,	'česko-německý team :)',	'2010-08-02',	'50.57961230783833',	'16.142773032188416',	NULL,	29,	NULL,	NULL,	NULL,	NULL),
(63,	2,	54,	'Master of the Universe',	95,	35,	'Česká republika',	'Ostrov',	'Ústecký',	'(50.80511433018347, 14.050467610359192)',	4,	'3',	'lajna vede ze Střední rohový věže na Kořenáč; kotvení dohromady necelejch 20 m spansetů, obhazujou se vršky skal..',	NULL,	NULL,	'Janek, Jerry, Faith, Jordan, K',	'2010-08-29',	'50.80511433018347',	'14.050467610359192',	NULL,	30,	NULL,	NULL,	NULL,	NULL),
(64,	2,	54,	'Island King',	56,	30,	'Česká republika',	'Ostrov',	'Ústecký',	'(50.80506008857919, 14.050443470478058)',	3,	'3',	'lajna vede ze Střední rohový věže na Špičák; celkem asi 20 metrů spansetů na kotvení, obhazujou se vršky obou věží.. napínací systém je na Rohový věži..',	NULL,	NULL,	'Kwjet',	'2010-08-27',	'50.80506008857919',	'14.050443470478058',	NULL,	31,	NULL,	NULL,	NULL,	NULL),
(65,	1,	1,	'Trpasličí',	18,	15,	'Česká republika',	'Jizerské hory - Paličník',	'Liberecký',	'(50.8712760448849, 15.25800883769989)',	1,	'3',	'Problematické kotvení na obou stranách. Na vyhlídce rezavé zábradlí - nutno jistit až ke kříži. Na Skřítkoj volné desky na vrchu - kotvení za krk vrcholové hlavy. ',	NULL,	NULL,	'Kajoch',	'2010-09-05',	'50.8712760448849',	'15.25800883769989',	NULL,	32,	NULL,	NULL,	NULL,	NULL),
(66,	1,	50,	'Camino Del Rey',	10,	25,	'Španělsko',	'El Chorro',	'AL',	'(36.916883031788636, -4.773200154304504)',	2,	'3',	'Zajímavé místo v soutězce, ale všchny lávky jsou v dezolátním stavu a naprosto nedůvěryhodné pro kotvení. \r\nPro další akce by bylo lépe navrtat kotvení.',	NULL,	NULL,	'Kajoch',	'2007-12-31',	'36.916883031788636',	'-4.773200154304504',	NULL,	33,	NULL,	NULL,	NULL,	NULL),
(67,	1,	50,	'Escalera Arabe',	20,	10,	'Španělsko',	'El Chorro',	'AL',	'(36.915176033061535, -4.750814437866211)',	3,	'23',	'Věžičku obhodit - ve stěně provázat složitého pavouka, který zasahuje do několika lezeckých cest a to by mohlo někomu vadit :-(',	NULL,	NULL,	'Kajoch',	'2008-03-21',	'36.915176033061535',	'-4.750814437866211',	NULL,	34,	NULL,	NULL,	NULL,	NULL),
(68,	1,	50,	'Vánoční',	12,	30,	'Česká republika',	'Suché skály',	'Liberecký',	'(50.63678182890138, 15.211807787418365)',	3,	'3',	'',	NULL,	NULL,	'Kajoch',	'2009-12-27',	'50.63678182890138',	'15.211807787418365',	NULL,	35,	NULL,	NULL,	NULL,	NULL),
(69,	1,	50,	'Německá',	15,	20,	'Česká republika',	'Ostrov',	'Ústecký',	'(50.800957884796176, 14.054022878408432)',	2,	'3',	'Lajna mezi Širokou věží a Tureckou stěnou',	NULL,	NULL,	'Kajoch',	'2008-05-02',	'50.800957884796176',	'14.054022878408432',	NULL,	36,	NULL,	NULL,	NULL,	NULL),
(70,	1,	50,	'Big Boy',	13,	30,	'Polsko',	'Sokoliki',	'Dolnoslezské',	'(50.875785040101924, 15.871328115463257)',	3,	'23',	'',	NULL,	NULL,	'KudŁATY',	'2007-05-19',	'50.875785040101924',	'15.871328115463257',	NULL,	37,	NULL,	NULL,	NULL,	NULL),
(72,	1,	83,	'Maják-Ape (Záškolácká)',	31,	25,	'Česká republika',	'Adršpach/Křížový vrch',	'Královéhradecký',	'(50.62440093737771, 16.125927418470383)',	4,	'3',	'Na Majáku stačí třímetrová nekonečná smyčka u Apeho omotání kusu věže lanem nebo spojení 2,5-2-2m spanstů\r\n\r\nExpozice je luxusní na jedné straně Adršpach na druhé straně Zdoňov a zá zády Sněžka musí být jen dobrá viditelnost..\r\n\r\n',	NULL,	NULL,	'Adrlines',	'2010-10-14',	'50.62440093737771',	'16.125927418470383',	NULL,	38,	NULL,	NULL,	NULL,	NULL),
(73,	3,	57,	'Druhá Kunčická',	9,	8,	'Česká republika',	'Vrchlabsko',	'Královéhradecký',	'(50.580736417845415, 15.618822276592255)',	1,	'1',	'V ostré levotočivé zatáčce do kopce je po pravě straně kunčický Grand Kaňon.Z levé strany dobrý přístup ke kotvícímu stromu, z druhé strany se musí na strom vyšplhat. :-)',	NULL,	NULL,	'Spy.Dr',	'2010-10-17',	'50.580736417845415',	'15.618822276592255',	NULL,	39,	NULL,	NULL,	NULL,	NULL),
(74,	3,	57,	'Grand Finále',	15,	9,	'Česká republika',	'',	'Královéhradecký',	'(50.58057291260277, 15.618690848350525)',	1,	'1',	'',	NULL,	NULL,	'Spy.Dr',	'2010-10-24',	'50.58057291260277',	'15.618690848350525',	NULL,	40,	NULL,	NULL,	NULL,	NULL),
(75,	2,	1,	'Mládí vpřed!',	50,	35,	'Česká republika',	'Drábky',	'Středočeský',	'(50.53222542329471, 15.034016221761703)',	2,	'1',	'lajna vede ze Skalního hradu na Sokola.. kotvení za borovičky, bekap za dobíráky a šutry kolem..',	NULL,	NULL,	'Kwjet',	'2010-10-30',	'50.53222542329471',	'15.034016221761703',	NULL,	41,	NULL,	NULL,	NULL,	NULL),
(77,	1,	70,	'Mechobeton 20/12',	20,	12,	'Česká republika',	'Praha - Šárka',	'Hlavní město Praha',	'(50.102870897636485, 14.32170271126779)',	1,	'3',	'Pražská HL v Šárce v sektoru Žabák. Poměrně user friendly. Kotvení spansety (4 a 5m) za skalní bloky. Na straně u Žabáku dávat pozor, aby blok neodpochodoval i s kotvením do údolí - pojistit. Krásný výhled do údolí a možnost lezení.',	NULL,	NULL,	'',	'2010-11-06',	'50.102870897636485',	'14.32170271126779',	NULL,	42,	NULL,	NULL,	NULL,	NULL),
(79,	3,	46,	'Důlnovesecká',	36,	8,	'Česká republika',	'Liberecko',	'Liberecký',	'(50.72503270260117, 15.066810250282288)',	1,	'1',	'Midline co kamenem dohodíš od luxusního longline plácku ve Vesci. Lajna natažená nad starym lomem je ideální tréninkovka na 30+. Rychlá montáž, fajn spojení s longline poťapáním... 60m statiky na kladkostroj a bekap zároveň vyšlo napohodu. Smyce na stromy nejlíp 2m.',	NULL,	NULL,	'Peeto, Michal',	'2010-04-29',	'50.72503270260117',	'15.066810250282288',	NULL,	43,	NULL,	NULL,	NULL,	NULL),
(81,	2,	57,	'Que Vadis',	56,	20,	'Česká republika',	'Bezděčín',	'Liberecký',	'(50.661945290339844, 15.130235105752945)',	2,	'1',	'Na každou stranu asi 8m spansetů na hlavní kotvení+něco na backup. uprostřed dva zdatné stromy, ale nevadí, ačkoliv padat v tom místě asi neni nejlepší nápad :-)',	NULL,	NULL,	'',	'2011-03-05',	'50.661945290339844',	'15.130235105752945',	NULL,	44,	NULL,	NULL,	NULL,	NULL),
(82,	1,	57,	'Eis Caffee',	13,	13,	'Česká republika',	'Besedice',	'Liberecký',	'(50.625341911138975, 15.205420106649399)',	2,	'3',	'',	NULL,	NULL,	'',	'2011-03-06',	'50.625341911138975',	'15.205420106649399',	NULL,	45,	NULL,	NULL,	NULL,	NULL),
(83,	0,	57,	'Instantní Housle',	26,	15,	'',	'Klokočí',	'',	'',	2,	'1',	'<p>User Friendly :-)</p>\n',	'',	'',	'',	'2011-03-12',	NULL,	NULL,	410,	408,	409,	'',	30,	60),
(84,	0,	57,	'Davová Psychóza',	20,	20,	'',	'Klokočí',	'',	'',	3,	'13',	'<p>na jednu stranu 9,5m spansetů, na druhou asi 8m?+ něco na backup.</p>\n',	'',	'',	'',	'2011-03-13',	NULL,	NULL,	413,	411,	412,	'',	30,	60),
(85,	4,	1,	'Trn v patě',	29,	15,	'Česká republika',	'Praha',	'Hlavní město Praha',	'(50.037034905467955, 14.401783347129822)',	2,	'1',	'lajna je na soukromým pozemku, takže setup musí bejt rychlej, nebo přijde vyhazovač Vasil.. celkem 15 spansetů..',	NULL,	NULL,	'Slackshop Team',	'2011-03-24',	'50.037034905467955',	'14.401783347129822',	NULL,	46,	NULL,	NULL,	NULL,	NULL),
(86,	1,	54,	'Houmlesův odkaz',	29,	15,	'Česká republika',	'Praha',	'Hlavní město Praha',	'(50.038237378459, 14.403147250413895)',	1,	'1',	'lajna je u Barrandovskýho mostu, hned vedle Teras Barrandov.. celkem 16 m spansetů.. repka na přehození se hodí, ale lajna se dá i vytáhnout odspoda.. ',	NULL,	NULL,	'Slackshop Team',	'2011-03-30',	'50.038237378459',	'14.403147250413895',	NULL,	47,	NULL,	NULL,	NULL,	NULL),
(87,	1,	1,	'Po větvovém flámu',	20,	18,	'Česká republika',	'Stárkovská stráň',	'Královéhradecký',	'(50.53810024765357, 16.15938663482666)',	1,	'1',	'Lajna vede nad roklí cca 200 m od Vysáku. Kotví se za stromy.Na jedné straně mega strom asi 60 cm průměr, naproti se musí ze stráně naslaňovat ke stromu ve skalní stěně (má hodně členitý spodek).',	NULL,	NULL,	'PetrN',	'2011-04-03',	'50.53810024765357',	'16.15938663482666',	NULL,	48,	NULL,	NULL,	NULL,	NULL),
(88,	1,	54,	'Otvírání studánek',	33,	15,	'Česká republika',	'Tisá',	'Ústecký',	'(50.78592582492333, 14.034285843372345)',	3,	'13',	'lajna je na okrajovým masivu Tisských stěn, přibližně v úrovni křižovatky na Libouchec, vede z Hřebenovýho kamene na Varhany.. kotvení celkem 8 + 8 m spansetů.. ',	NULL,	NULL,	'SlackShop Team',	'2011-04-02',	'50.78592582492333',	'14.034285843372345',	NULL,	49,	NULL,	NULL,	NULL,	NULL),
(89,	1,	54,	'Šupsajda Umakajda',	14,	10,	'Česká republika',	'Ostrov',	'Ústecký',	'(50.80735004651754, 14.049286097288132)',	2,	'3',	'lajna vede z Komorníka (skrz skalní okno, kotveno za spáru v komíně) na Rozeklaný kámen (obhoz bloku v zadní části skály), cca půl metru výškový rozdíl..\r\ncelkem 7 + 13 m spansetů..',	NULL,	NULL,	'SlackShop Team',	'2011-04-03',	'50.80735004651754',	'14.049286097288132',	NULL,	50,	NULL,	NULL,	NULL,	NULL),
(90,	1,	46,	'Internacionála',	20,	15,	'Česká republika',	'Ostrov, Himmelreich',	'Ústecký',	'(50.79527056671723, 14.044326357543468)',	2,	'3',	'Na jednu věžičku vedle Mórice vede tak trojka, cca 5m spansetů, na druhou věž výlez komínem, obhození vršku - 4m spansetů.',	NULL,	NULL,	'Kwjet a spol',	'2010-10-09',	'50.79527056671723',	'14.044326357543468',	NULL,	51,	NULL,	NULL,	NULL,	NULL),
(91,	1,	46,	'Bob a Bobek',	15,	10,	'Česká republika',	'Ostrov, Himmelreich',	'Ústecký',	'(50.795455789484194, 14.043888822197914)',	1,	'3',	'Ideální hajlajn do startu highkariéry. Malá expozice, rozumná dýlka. Na věžičku 2m spanset kolem výběžku u slaňáku, na větší skalce obhození hrotu navrchu a podložení nějakým dřevem pro vyrovnání. Duťák doporučen...',	NULL,	NULL,	'Kwjet',	'2010-10-09',	'50.795455789484194',	'14.043888822197914',	NULL,	52,	NULL,	NULL,	NULL,	NULL),
(92,	2,	46,	'Velkej Huhulák',	47,	15,	'Česká republika',	'Ostrov, Himmelreich',	'Ústecký',	'(50.79541255677589, 14.044042378664017)',	3,	'3',	'Vede ze Soví věže(4m spansetů) na levou stranu věže protější(7-8m spansetů).',	NULL,	NULL,	'Kwjet',	'2011-04-16',	'50.79541255677589',	'14.044042378664017',	NULL,	53,	NULL,	NULL,	NULL,	NULL),
(93,	2,	46,	'Never ending story',	49,	20,	'Česká republika',	'Ostrov, Himmelreich',	'Ústecký',	'(50.795236234727824, 14.044501036405563)',	3,	'3',	'Parádní highline se slušnou expozicí připravená Sebastianem, Fabianem, Bernhardem a Helmarem. Na menší věžičce tak 4m spansetů, na protější mohutnější tak 10m spansetů.',	NULL,	NULL,	'Sebastian, Fabian, Bernhard',	'2011-04-16',	'50.795236234727824',	'14.044501036405563',	NULL,	54,	NULL,	NULL,	NULL,	NULL),
(94,	1,	46,	'Black beast 9.81 in space',	12,	15,	'Česká republika',	'Ostrov, Himmelreich',	'Ústecký',	'(50.79514129181105, 14.04443934559822)',	1,	'3',	'Lajna vede z věžičky vedle Mórice na druhou stranu než Internacionála. Na věžičce 5m spansetů, na protější věži 5m spanset od nižšího bloku vyveden na vršek. Spajdrovina :-)',	NULL,	NULL,	'Spy.Dr',	'2011-04-16',	'50.79514129181105',	'14.04443934559822',	NULL,	55,	NULL,	NULL,	NULL,	NULL),
(96,	2,	54,	'Electro Boogie',	34,	25,	'Česká republika',	'Ostrov',	'Ústecký',	'(50.80700427175858, 14.04947116971016)',	3,	'3',	'lajna vede z Rozeklanýho kamene na Široký roh - kotvení 8 + 10 m spansetů.. napínání na Širokým rohu.. krásná expozice, čupr príma směr..',	NULL,	NULL,	'SlackShop Team',	'2011-04-18',	'50.80700427175858',	'14.04947116971016',	NULL,	56,	NULL,	NULL,	NULL,	NULL),
(97,	1,	46,	'Zkouřenka',	21,	15,	'Česká republika',	'Ostrov, Himmelreich',	'Ústecký',	'(50.79521080360832, 14.044285789132118)',	2,	'3',	'Lajna vede z Mórice na protější věž. Na Móricovi 5m spansetů v úrovni pod slaňákem, na věži obhození vyčnívajícího hrotu za homolí 2m spansetem, vyvést kolem homole a dopojistit o věžičku dál 3m spansetem. Když se pod věží rozdělá oheň, správně pofoukne a člověk se nadechne z plnejch plic...',	NULL,	NULL,	'Kwjet a spol',	'2011-04-26',	'50.79521080360832',	'14.044285789132118',	NULL,	57,	NULL,	NULL,	NULL,	NULL),
(98,	2,	46,	'Hippie punk',	62,	25,	'Česká republika',	'Ostrov',	'Ústecký',	'(50.799456761135495, 14.055524244904518)',	3,	'3',	'Lajna vede ze Stěny Horské služby na Jezevčí doupě(Slackturn). Na SHS potřeba 3m spanset na obhození kamene položeného hned za vrcholkem a 2m spanset na protažení spárou a kotvení vychází přesně na hranu skály, na JD potřeba 9,5m spansetů na obhození celého bloku na vrchu. Pěkná expozice, dobrá přístupnost.',	NULL,	NULL,	'Peeto a spol.',	'2011-04-30',	'50.799456761135495',	'14.055524244904518',	NULL,	58,	NULL,	NULL,	NULL,	NULL),
(99,	1,	54,	'Dred',	22,	12,	'Česká republika',	'Himmelreich',	'Ústecký',	'(50.795010744985554, 14.044390395283699)',	1,	'3',	'lajna vede ze Slabikáře na Čekatele, kotvení 6 m spansetů (blok na kraji S.)  + 5 m (nižší pilíř s volnym šutrem na Č.), bekap kotvení slaňák na S. (5 m) a volnej šutr na Č. (3 m spanset na obhoz).. lajna se dá přetáhnout odspoda skrz stromy.. napínání na Slabikáři..',	NULL,	NULL,	'Kwjet, Voříšek',	'2011-06-05',	'50.795010744985554',	'14.044390395283699',	NULL,	59,	NULL,	NULL,	NULL,	NULL),
(100,	3,	46,	'K-Comeback',	25,	10,	'Česká republika',	'Grabštejn',	'Liberecký',	'(50.846008125769366, 14.875935539603233)',	1,	'3',	'Lajna natažená při příležitosti Euro climbing rock tripu. Pochozena za světla i ve tmě. Doufám, že se objeví příležitost pro zopakování. Kolouchův návrat na highlinové výslunní...',	NULL,	NULL,	'Peeto, Kolouch, Jindra, Voří',	'2011-06-18',	'50.846008125769366',	'14.875935539603233',	NULL,	60,	NULL,	NULL,	NULL,	NULL),
(101,	2,	46,	'Čokoládovej keksík',	82,	27,	'Česká republika',	'Kost, Plakánek',	'Královéhradecký',	'(50.48859996911842, 15.133854746818542)',	3,	'1',	'Kotvení za stromy, jedna strana 2m, druhá 3m za rozvětvenej buk.',	NULL,	NULL,	'Peeto',	'2011-07-06',	'50.48859996911842',	'15.133854746818542',	NULL,	61,	NULL,	NULL,	NULL,	NULL),
(102,	1,	83,	'Mravenčí útok',	16,	15,	'Czech Republic',	'Křížový vrch',	'Hradec Kralove',	'(50.624331171846315, 16.126014590263367)',	3,	'3',	'Maják 3m span set, Páter omotaný lanem',	NULL,	NULL,	'',	'2011-07-27',	'50.624331171846315',	'16.126014590263367',	NULL,	62,	NULL,	NULL,	NULL,	NULL),
(103,	0,	150,	'Eliščino divadélko',	17,	8,	'ČR',	'Nový Jičín skalky',	'',	'',	1,	'1',	'<p>Lajna uprostřed les&iacute;ka nedaleko kann&eacute;ho divadla. Celkem pěkn&aacute; oblast až na rozbit&eacute; l&aacute;hve a odpad po akc&iacute;ch...</p>\n',	'',	'',	'',	'2011-08-24',	NULL,	NULL,	407,	405,	406,	'',	15,	60),
(104,	1,	83,	'Cikánská lajna',	18,	25,	'Czech Republic',	'Ostaš',	'Hradec Kralove',	'(50.56058693561938, 16.208020448684692)',	2,	'123',	'Na Cikánce byla hlava omotaná lanem(stačil by asi 5m spanset) backup 3m spanset, Na protějším masivu omotaný velký šutr lanem',	NULL,	NULL,	'',	'2011-08-25',	'50.56058693561938',	'16.208020448684692',	NULL,	63,	NULL,	NULL,	NULL,	NULL),
(105,	0,	1,	'Kjerag',	20,	1000,	'Norsko',	'Kjerag (Norway)',	'Rogaland',	'(59.03432834075346, 6.590938568115234)',	4,	'23',	'<p>Na obou stran&aacute;ch zavrt&aacute;ny 12mm z&aacute;vitov&eacute; tyče (vlevo 3, vpravo 5). 3 z tyč&iacute; jsou moc dlouh&eacute; n&aacute; z&aacute;vitov&aacute; oka M12, takže je potřeba na tyče nasadit plakety s 12mm otvorem nebo to poře&scaron;it jinak. Jako backup se d&aacute; na každ&eacute; straně je&scaron;tě obhodit k&aacute;men cca 20m od kotven&iacute;.</p>\n',	'',	'',	'M. Aschaber, G. Haas, D. Merci',	'2004-09-20',	'59.03432834075346',	'6.590938568115234',	163,	64,	162,	'',	NULL,	NULL),
(106,	1,	46,	'Divadelní drama',	33,	20,	'Česká republika',	'Ostrov',	'Ústecký',	'(50.80763649523744, 14.041538536548615)',	2,	'3',	'Na menší věži obhození bloku pod vrcholem 2m spansetem a vytažení vedle vrcholové čepice 2m spansetem, dojištění ke slaňáku. Na protější věži použití dvou klád(schovány ve spáře na vrcholu)rozepřením do velké spáry, protažení spansetu a vyvedení kotvení na hranu věže 6m spansetů.',	NULL,	NULL,	'Q, Anče, Jindra, Peeto',	'2011-07-23',	'50.80763649523744',	'14.041538536548615',	NULL,	65,	NULL,	NULL,	NULL,	NULL),
(107,	1,	46,	'Kontraband',	36,	20,	'Česká republika',	'Ostrov',	'Ústecký',	'(50.799476256557035, 14.055322408676147)',	2,	'13',	'Lajna se kotví u stromu od Alter wegu, který je blíž Slackturnu a 4m spansety se protáhnou pod velký kámen ležící na vrcholu. Na druhé straně kotvení také za strom a vytažení 6m spansetů do spáry uprostřed vrcholu. Lajna křižuje Slackturn, první natažení bylo od Němců.',	NULL,	NULL,	'Němci',	'2010-10-07',	'50.799476256557035',	'14.055322408676147',	NULL,	66,	NULL,	NULL,	NULL,	NULL),
(108,	1,	46,	'Zbirohypnol',	16,	11,	'Česká republika',	'Zbiroh',	'Liberecký',	'(50.622112233630325, 15.199719071388245)',	1,	'1',	'Kratší lajna na rychlopunk, kotvení strom - strom nad roklí pod hradem. V rokli nejsou žádné stromy, takže výška je poctivá. Rychlostní rekord 20:18 - začátek napínání, 20:58 začínáme balit :-).',	NULL,	NULL,	'Jindra, Peeto',	'2011-08-11',	'50.622112233630325',	'15.199719071388245',	NULL,	67,	NULL,	NULL,	NULL,	NULL),
(109,	0,	46,	'Zahradní slavnost',	22,	13,	'Česká republika',	'Praha, Petřín',	'Hlavní město Praha',	'(50.0805011793379, 14.399396181106567)',	1,	'1',	'<p>Lajna se kotv&iacute; na p&iacute;skovcov&eacute;m boulderbloku pod Petř&iacute;nem za strom a na druh&eacute; straně za strom pod hradbami, kam se mus&iacute; vyl&eacute;zt odspodu po stromě nebo slanit z hradeb. Opatrně na straně u hradeb, svah kles&aacute; pomaleji, tak tam nepadat.</p>\n',	'Strom, 2m spanset. Backup vedlejší strom.',	'Strom, 2m spanset. Backup kořen stejného stromu.',	'Kwjet',	'2011-08-14',	'50.0805011793379',	'14.399396181106567',	457,	68,	456,	'',	10,	30),
(110,	4,	46,	'Frekvence',	25,	10,	'Česká republika',	'Praha, Hlávkův most',	'Hlavní město Praha',	'(50.097336742944584, 14.436708390712738)',	1,	'3',	'Urban highline na Hlávkově mostě, kotvení za bloky zábradlí, 2m spansety + 1m spanset na prodloužení jedné strany. Chodí se nad Vltavou, přístup parádní. Tahali jsme kolem desátý večer, přes den bych to moc nepraktikoval, když jsme dochodili, jeli kolem uniformovaný a stavili se na pokec. Možností na delší i kratší směry je víc...',	NULL,	NULL,	'Kwjet, Peeto',	'2011-08-14',	'50.097336742944584',	'14.436708390712738',	NULL,	69,	NULL,	NULL,	NULL,	NULL),
(111,	1,	46,	'Koláčovej graf',	17,	20,	'Německo',	'Ostrov',	'Sasko',	'(50.80893650966115, 14.05188113451004)',	2,	'1',	'Lajna vede z Adršpašské stěny na Zalesněnou věž. Na obou věžích kotvení za stromky, které je potřeba pojistit, my jsme použili 30m a 60m statiky navíckrát.',	NULL,	NULL,	'Peeto, Jindra',	'2011-08-20',	'50.80893650966115',	'14.05188113451004',	NULL,	70,	NULL,	NULL,	NULL,	NULL),
(112,	1,	46,	'Korporace',	32,	25,	'Německo',	'Ostrov',	'Sasko',	'(50.8091856608367, 14.051795303821564)',	3,	'13',	'Lajna vede z Adršpašské stěny na Obra. Na AS kotvení za pojištěný stromek, na Obrovi 5m spansetů na obhození hrotu za vrcholem. Parádní exponovanej směr.',	NULL,	NULL,	'Peeto, Jindra',	'2011-08-20',	'50.8091856608367',	'14.051795303821564',	NULL,	71,	NULL,	NULL,	NULL,	NULL),
(113,	1,	46,	'Šultime',	11,	30,	'Německo',	'Ostrov',	'Sasko',	'(50.809077187018836, 14.051663875579834)',	3,	'3',	'Lajna vede ze Zalesněné věže na Obra. Na ZV obhození zaklíněného kamene 3m spansetem a prodloužení 2m spansetem na hranu. Na Obrovi obhození vrchní čepice 3m+2m spansetů. Expozice je parádní, škoda délky lajny, na okraji skal, parádní výška.',	NULL,	NULL,	'Peeto, Jindra',	'2011-08-20',	'50.809077187018836',	'14.051663875579834',	NULL,	72,	NULL,	NULL,	NULL,	NULL),
(114,	1,	46,	'Bullshit',	13,	24,	'Německo',	'Ostrov',	'Sasko',	'(50.81507507203578, 14.055038094520569)',	2,	'3',	'Lajna na německé straně, na masívu obhození bloku za spárou 3m spansetem + 2m spanset na hranu, na protější věžičce 10m spansetů pod vrchol a vytažení nahoru 2m spanset + něco na dojištění. Slušná díra, ale rostou tam stromy, takže expozice více do údolí než pod lajnou.',	NULL,	NULL,	'Peeto, Jindra',	'2011-08-21',	'50.81507507203578',	'14.055038094520569',	NULL,	73,	NULL,	NULL,	NULL,	NULL),
(115,	0,	54,	'Hitparáda',	55,	20,	'Česká republika',	'Srbsko',	'Středočeský',	'(49.95052784208798, 14.124438911676407)',	3,	'23',	'<p>hajlajn v Srbsku na Alkazaru v 2. patře.. vede od domečku (3 n&yacute;ty 12 mm - jenom &scaron;roub a matka s podložkou + 2 borh&aacute;ky na bekap) k &scaron;utru v polovině oblouku 2. patra.. spansety: 3 m + 6 m bekap u domečku a 8 m u &scaron;utru (obhoz).. nap&iacute;n&aacute;n&iacute; u domečku.. 3 plakety/oka na 12 mm nutno don&eacute;st vlastn&iacute;..</p>\n',	'',	'',	'SlackShop Team',	'2011-09-26',	'49.95052784208798',	'14.124438911676407',	386,	74,	385,	'',	45,	60),
(116,	0,	54,	'Démon v hlavě',	79,	40,	'Česká republika',	'Srbsko',	'Středočeský',	'(49.95107321208915, 14.123682528734207)',	3,	'2',	'<p>hajlajn v Srbsku na Alkazaru v 2. patře.. vede od domečku (3 n&yacute;ty + 2 borh&aacute;ky na bekap) na druhou stranu ke &scaron;tole (3 n&yacute;ty + 1 n&yacute;t na bekap).. nap&iacute;n&aacute;n&iacute; u domečku.. spansety: 3 m + 6 m na bekap u domečku; 2 m + 2 m na bekap u &scaron;toly.. hod&iacute; se cca 30 m repky na přehozen&iacute; lajny kolem křov&iacute; u domečku.. na okraji masivu je strom, kter&yacute; je potřeba s lajnou obl&eacute;zt.. celkem 7 ok/plaket je nutno přin&eacute;st s sebou, na n&yacute;tech jsou jen podložky a matky..</p>\n',	'',	'',	'SlackShop Team',	'2011-09-28',	'49.95107321208915',	'14.123682528734207',	378,	75,	377,	'',	45,	60),
(117,	3,	46,	'Zubatá',	22,	10,	'Česká republika',	'Kost',	'Královéhradecký',	'(50.49042248290927, 15.135134160518646)',	1,	'3',	'Highline vede z paláce na hradby u kaple.',	NULL,	NULL,	'Kolouch',	'2011-09-30',	'50.49042248290927',	'15.135134160518646',	NULL,	76,	NULL,	NULL,	NULL,	NULL),
(118,	2,	46,	'Kuchtička',	70,	18,	'Česká republika',	'Kost',	'Královéhradecký',	'(50.49016310321467, 15.13459637761116)',	2,	'13',	'Lajna vede z kuchyně na protější rostlou borovici.',	NULL,	NULL,	'Q, Peeto, Kolouch',	'2011-10-01',	'50.49016310321467',	'15.13459637761116',	NULL,	77,	NULL,	NULL,	NULL,	NULL),
(119,	1,	46,	'Nádherná atmosféra',	76,	20,	'Česká republika',	'Kost',	'Královéhradecký',	'(50.48988495103884, 15.134979262948036)',	3,	'13',	'Lajna vede od původně padacího mostu na protilehlou borovici.',	NULL,	NULL,	'Q, Peeto, Píďa',	'2011-10-01',	'50.48988495103884',	'15.134979262948036',	NULL,	78,	NULL,	NULL,	NULL,	NULL),
(120,	0,	149,	'Duhový křovíčko',	26,	20,	'Česká republika',	'srbsko, lom Alkazar',	'Středočeský',	'(49.95053819727211, 14.1244375705719)',	2,	'12',	'',	'Pevný strom s odkrytým kmenem - 8m spansetu a spanset provlíknout karabinou na řetězu pod hranou.',	'12 mm nýty. Nutné vzít plakety + 3m spanset.',	'kwjet',	NULL,	'49.95053819727211',	'14.1244375705719',	382,	79,	381,	'',	45,	60),
(122,	1,	54,	'Fiamma',	26,	20,	'Švýcarsko',	'jezero Albigna, Švýcarsko',	'Graubünden',	'(46.338639658649036, 9.638735353946686)',	5,	'2',	'Horská highline u jezera Albigna ve Švýcarsku, cca 2480 m.n.m. K jezeru Albigna (2200 m.n.m.) se dá vyjet lanovkou (cca 1000 výškových metrů) od dubna do půlky října, za 15 euro/osoba..  Lajna vede ze Spazzacaldeiry na věž Fiamma.. Kotvení - nýty 12 mm - 2+1 na Spazzacaldeiře (plošina) a 2 nýty na Fiammě, jeden na levé straně a jeden na pravé straně, cca půl metru pod vrcholem (na bekap použít některé z lezeckých nýtů kolem).. Plakety netřeba, nechali jsme je tam :) Na Fiammu vede lezecká cesta po hraně, cca 6 UIAA, 4-5 nýtů.. Lajna se dá spustit z Fiammy a vyjít s ní ke kotvení na Spazzacaldeiře.. Od přehrady Albigna na vrchol je to cca 20-30 minut, cestička prošlapaná, ale dá se lehce zabloudit.. U Albigny se dá bivakovat pod převisem (cca 3 osoby) jinak venku, ale pozor na masivní rosu :)',	NULL,	NULL,	'SlackShop Team',	'2011-10-14',	'46.338639658649036',	'9.638735353946686',	NULL,	80,	NULL,	NULL,	NULL,	NULL),
(123,	1,	149,	'Havana',	20,	10,	'Česká republika',	'Praha-Divoká Šárka',	'Hlavní město Praha',	'(50.10063157410647, 14.322363138198853)',	1,	'3',	'Skála hřeben naproti mechobetonu. Spansety:5m+ min. 10m. jedna strana je problémová a je to tam dost oblé(obhodit vše co se dá!!!).',	NULL,	NULL,	'Q a Alex Schulz',	'2012-01-21',	'50.10063157410647',	'14.322363138198853',	NULL,	81,	NULL,	NULL,	NULL,	NULL),
(124,	3,	83,	'Baby highline',	10,	7,	'Španělsko',	'Margalef',	'Katalánsko',	'(41.285030454601916, 0.764923095703125)',	1,	'123',	'Highline v lezeckým free campu v Margalef. Příjemné spestření při rest dayi. Kotvení i back up za dva nýty M12',	NULL,	NULL,	'Frantíci',	'2012-02-16',	'41.285030454601916',	'0.764923095703125',	NULL,	82,	NULL,	NULL,	NULL,	NULL),
(126,	4,	99,	'Spirála',	11,	11,	'Česká republika',	'Praha - Krejcárek',	'Hlavní město Praha',	'(50.0978443165567, 14.474841356277466)',	1,	'3',	'Lajna se tahá v prostoru psycho spirály, kterouž je bezbariérový chodník/sjezd z ulice Pod Plynojemem. Snadno napnutelná. Je třeba 5m spansetů na obě strany, případně zdvojit pro větší bezpečnost.',	NULL,	NULL,	'Adam Havriluk',	'2012-04-25',	'50.0978443165567',	'14.474841356277466',	NULL,	83,	NULL,	NULL,	NULL,	NULL),
(127,	1,	81,	'Jezerní Zahlídka',	26,	20,	'Česká republika',	'Adršpach jezírko vyhlídka',	'Královéhradecký',	'(50.61434852922794, 16.124078035354614)',	1,	'1',	'Highline vede napravo kousíček od vyhlídky tak tam ukotvit za smrk a za břízku a na druhý straně nutno vylízt po mechu na skalku a tam je borovička, celkem v pohodě..',	NULL,	NULL,	'Yak! Malafson Mára',	'2012-03-17',	'50.61434852922794',	'16.124078035354614',	NULL,	84,	NULL,	NULL,	NULL,	NULL),
(128,	1,	46,	'Vyhraněná',	32,	13,	'Česká republika',	'Hořice, lom ve Vlčí',	'Královéhradecký',	'(50.36755636034171, 15.663473010063171)',	2,	'1',	'Lajna se kotví za borovici nad hlavní stěnou v lomu (2m), vede kousek podél hrany a na druhé sraně za mohutnou borovici přes rokli (3m). Na chození pěkná, u hrany bacha na pády nebo nastoupit dál.',	NULL,	NULL,	'Peeto, OHK, Oli',	'2012-06-01',	'50.36755636034171',	'15.663473010063171',	NULL,	85,	NULL,	NULL,	NULL,	NULL),
(129,	1,	46,	'Podzimní',	28,	13,	'Česká republika',	'Hořice, lom ve Vlčí',	'Královéhradecký',	'(50.36751529933955, 15.663655400276184)',	2,	'1',	'Lajna vede z levé borovice když stojíme nad převisem (3m) na borovici nad hlavní stěnou lomu (2m). Příjemný pochození s menší expozicí.',	NULL,	NULL,	'Peeto, OHK, Oli',	'2011-10-29',	'50.36751529933955',	'15.663655400276184',	NULL,	86,	NULL,	NULL,	NULL,	NULL),
(130,	1,	46,	'Kontrapin',	23,	13,	'Česká republika',	'Hořice, lom ve Vlčí',	'Královéhradecký',	'(50.36754267334495, 15.663660764694214)',	2,	'1',	'Lajna vede z pravé borovice (3m) když stojíme nad převisem a na druhé straně kotvení za buk. Příjemnej směr pro začátek hajlajnění...',	NULL,	NULL,	'Bobři, Kaštan',	'2011-06-01',	'50.36754267334495',	'15.663660764694214',	NULL,	87,	NULL,	NULL,	NULL,	NULL),
(131,	0,	149,	'Uzlíčku drž',	25,	35,	'Česká republika',	'drábské světničky',	'Středočeský',	'(50.53132521145033, 15.031828880310059)',	2,	'13',	'Lajna přímo na hradě na hlavní velký vyhlídce za zábradlím. Kotvená za solidní uzel ve spáře(5m spansetu) a k udržení lajny ve směru nutno udělat podlouhlý uzel na spansetu a strčit do díry pod hranou a provlíknout jím hlavní spanset. Druhá strana kotvená na věži vlevo od vyhlídky kam se musí lézt docela těžká cesta. Je tam větší borovice, od ktere to chce 17m spansetů . Spansety se vedou okolo malé borovice a směr se usměrnuje dalším uzlem ve spáře.  ',	NULL,	NULL,	'Kwjet',	'2012-06-09',	'50.53132521145033',	'15.031828880310059',	NULL,	88,	NULL,	NULL,	NULL,	NULL),
(132,	0,	1,	'Větrník',	35,	15,	'Česká republika',	'Divoká Šárka',	'Hlavní město Praha',	'(50.10114083327306, 14.321762323379517)',	2,	'3',	'Lajna v šárce na návětrný stěně naproti hospodě dívčí skok, je to i lezecký sektor \\&quot;dívčí skok Z\\&quot;. Kotvení je na jedné straně obhoz najednoducho 3m a na druhé straně obhoz většího kamene a stáhnutí přes zub ve stěně až na hranu(cca 8-9m spansetů). Chcte to hodně bandážovat skála je dost ostrá.',	NULL,	NULL,	'Kwjet',	'2012-01-21',	'50.10114083327306',	'14.321762323379517',	NULL,	89,	NULL,	NULL,	NULL,	NULL),
(133,	0,	179,	'Šemík',	42,	15,	'Česká republika',	'Praha - Vyšehrad',	'Hlavní město Praha',	'(50.06280739941179, 14.420333504676819)',	2,	'',	'Jedna strana kotvená za věžičku (5-6m spansetu) a druhá za strom. Spansety (12m) vést přes chodník a stáhnout za zábradlí. ',	NULL,	NULL,	'Lukš + Píďa + Mára',	'2012-09-14',	'50.06280739941179',	'14.420333504676819',	NULL,	90,	NULL,	NULL,	NULL,	NULL),
(134,	0,	1,	'Für Elise',	26,	17,	'Česká republika',	'České Švýcarsko',	'Ústecký kraj',	'(50.862463288257906, 14.402148127555847)',	1,	'1',	'Lajna je kotvená za solidní borovice (2m a 3m spansetů) šikmo přes údolí. ',	NULL,	NULL,	'Slacklinerz',	'2012-09-13',	'50.862463288257906',	'14.402148127555847',	NULL,	91,	NULL,	NULL,	NULL,	NULL),
(135,	0,	81,	'Perihélium',	31,	33,	'Česká republika',	'Adršpach- Vévoda',	'Královéhradecký kraj',	'(50.61075725485138, 16.125007420778275)',	3,	'3',	'Na jedný straně nutno dostat se na Knežnu, vede tam taková hodně mokrá zeleá mechová spára ale lepší nahodit slanák z břízy, tam je kotvení za obří hodiny, 6m spansetu + backup, a nadruhý straně slanit tak 7m na poličku a tam se kotví za šutr ca 13m spansetu a provlíkne se to celý jště hodnama směrem dozadu, + backup za strom, Parádní vysoká lajna!!',	NULL,	NULL,	'Adrlines-',	'2012-08-13',	'50.61075725485138',	'16.125007420778275',	NULL,	92,	NULL,	NULL,	NULL,	NULL),
(136,	2,	1,	'Kundypán (PussyMaster)',	102,	30,	'Česká republika',	'Hrad Kost, údolí Plakánek',	'Královéhradecký kraj',	'(50.487262049081785, 15.134503841400146)',	3,	'123',	'1. přešlá 100+ highline v ČR',	NULL,	NULL,	'Peeto, Kwjet, Danny',	'2012-10-14',	'50.487262049081785',	'15.134503841400146',	NULL,	93,	NULL,	NULL,	NULL,	NULL),
(137,	0,	1,	'Kajetánka',	12,	30,	'Česká republika',	'Praha, Kajetánka',	'Hlavní město Praha',	'(50.087490098850864, 14.371267184615135)',	1,	'3',	'<p>Highline mezi bloky kolej&iacute; na Kajet&aacute;nce. Na obou stran&aacute;ch pohodov&eacute; kotven&iacute; obhozen&iacute;m v&yacute;tahov&eacute; &scaron;achty. Ot&aacute;zkou je jak se dostat na obě střechy :-)</p>\n',	'',	'',	'Vejvis, Stenly, Víťa',	'2011-11-20',	'50.087490098850864',	'14.371267184615135',	165,	94,	164,	'',	NULL,	NULL),
(138,	0,	1,	'Narkobaron',	65,	40,	'Česká republika',	'Ostrov, himmelreich',	'Ústecký kraj',	'(50.79606867239999, 14.044545292854309)',	4,	'3',	'Super exponovaná highline z Tovární věžě na úplně krajní věž ve směru ke kempu. Spansety: 8m na tovární věž, kde se obhazuje talíř co je okolo kopule věžě, ne jenom kopule samotná! Na druhé straně také 8m = dohromady 16m. Na druhou věž se překračuje z masivu a je tam vrcholová knížka kde je HL napsaná.',	NULL,	NULL,	'swel team',	'2012-10-24',	'50.79606867239999',	'14.044545292854309',	NULL,	95,	NULL,	NULL,	NULL,	NULL),
(139,	0,	179,	'Ťuky ťuk',	20,	10,	'Česká republika',	'Srbsko - Alkazár',	'Středočeský kraj',	'(49.951503403916234, 14.122495651245117)',	2,	'2',	'<p>Pěkn&aacute;, fotogenick&aacute; hajlajnička. Na jedn&eacute; straně docela n&iacute;zko, tak pozor na p&aacute;dy</p>\n',	'Navléct velký blok a spansety vyvést na vrcholek do žlabu (1.5m + 6m).',	'2 nýty (2m) a 1 nýt jako pojišťovák.',	'Lukáš Černý, Vojtěch Malafa, J',	'2012-11-18',	'49.951503403916234',	'14.122495651245117',	380,	96,	379,	'',	45,	60),
(140,	0,	1,	'Skalní koruna',	32,	50,	'Česká republika',	'Teplické skály',	'Královéhradecký kraj',	'(50.58905785776328, 16.125252842903137)',	4,	'',	'Skalní korunu řeší obhoz (dost velký) na druhou stranu se musí vyjít zezadu jakoby zleva(hrozná cesta) ale jinak se tam nedá dostat, kotvení je nad věží Trůn za docela velký obhoz to stáhneš dolů přes takovou římsu(dost spansetů)',	NULL,	NULL,	'landcruising',	'2012-11-20',	'50.58905785776328',	'16.125252842903137',	NULL,	97,	NULL,	NULL,	NULL,	NULL),
(141,	0,	179,	'Zoufalcova touha',	15,	14,	'Česká republika',	'Ostrov',	'Ústecký kraj',	'(50.80086826508472, 14.054112732410431)',	2,	'3',	'Kotvení: výrazný talíř (8.5m), vklíněný kámen(6m).',	NULL,	NULL,	'Lukáš Černý, Jakub Trávník',	'2013-01-06',	'50.80086826508472',	'14.054112732410431',	NULL,	98,	NULL,	NULL,	NULL,	NULL),
(142,	0,	179,	'Doktor strach',	35,	7,	'Česká republika',	'Praha',	'Hlavní město Praha',	'(50.07963207866915, 14.41356897354126)',	1,	'13',	'',	NULL,	NULL,	'Jakub Trávník, Petr Voříšek, J',	'2012-08-01',	'50.07963207866915',	'14.41356897354126',	NULL,	99,	NULL,	NULL,	NULL,	NULL),
(143,	0,	99,	'Csukás (tvrdě)',	26,	16,	'Česká republika',	'Ostrov',	'Ústecký kraj',	'(50.799217108002, 14.055840075016022)',	2,	'3',	'Lajna vede od Alter Wegu paralelně s Planet Slackturn. Na S straně obhodit nos 3m plus přitáhnout k hodinám napravo dole. Na J straně obhodit balvan 3m, prodloužit 0.5m a podložit kládou ideálně. Milovníkům stromů doporučujeme otočení do expozice v polovině.',	NULL,	NULL,	'',	'2012-10-22',	'50.799217108002',	'14.055840075016022',	NULL,	100,	NULL,	NULL,	NULL,	NULL),
(144,	0,	179,	'Labutí jezero',	34,	14,	'Česká republika',	'Prokopské údolí',	'Hlavní město Praha',	'(50.04180327456932, 14.386446475982666)',	2,	'2',	'V zadní části jezírka. Na pravé straně police (3nýty, 3m). Levá strana za hranou velké plotny (3nýty, 3m+3m). Vzít reepku na přetáhnutí lajny. :)\r\nVIDEO:\r\nhttp://www.youtube.com/watch?v=0JmZOOZ3YGE',	NULL,	NULL,	'Lukáš Černý, Jakub Trávník',	'2013-01-10',	'50.04180327456932',	'14.386446475982666',	NULL,	101,	NULL,	NULL,	NULL,	NULL),
(145,	0,	179,	'Slavnosti chudáků',	33,	11,	'Česká republika',	'Divoká šárka',	'Hlavní město Praha',	'(50.098732127301865, 14.322084188461304)',	1,	'3',	'Hajlajna na začátku hřebene kde vede větrník. Málo exponovaná a docela zarostlá. Přesto pěkná. Až se vše zazelená bude to uplně jiné. Taková jednoduchá 30ka.\r\nKotvení: Vlevo obhodit hrot a vyvést spárkou nahoru (3m+2m). Vpravo obhodit velký skalní výstupek (10m). \r\n',	NULL,	NULL,	'Marek Smolka, Lukáš Černý',	'2013-01-18',	'50.098732127301865',	'14.322084188461304',	NULL,	102,	NULL,	NULL,	NULL,	NULL),
(146,	0,	179,	'Nervík',	24,	13,	'Česká republika',	'Divoká šárka',	'Hlavní město Praha',	'(50.09872696565903, 14.321893751621246)',	2,	'',	'Hajlajna na začátku hřebene kde vede Větrník. Vedle Slavnosti chudáků. Vcelku exponovaná a pěkná. Na začátku vadí lehce strom. \r\nKotvení: Levá strana police - 2 nýty(3m),\r\nPravá strana, obhodit hrot - navléct spanset (3m).',	NULL,	NULL,	'Lukáš Černý, Jakub Trávník, Da',	'2013-01-19',	'50.09872696565903',	'14.321893751621246',	NULL,	103,	NULL,	NULL,	NULL,	NULL),
(147,	0,	81,	'Kundí Judo',	64,	17,	'Česká republika',	'Adršpach',	'Královéhradecký kraj',	'(50.612159756714, 16.128809452056885)',	2,	'13',	'Lajna vede přes takové hezké mělké údolíčko..Na jedné straně kotveno za takovou statnější borovici+ backup o kousíček dál též za strom a na druhý straně cca 11m spansetovej obhoz+ backup za borovičku..Na skalku se dá v pohodě vyjít...',	NULL,	NULL,	'Adrlines',	'2013-02-16',	'50.612159756714',	'16.128809452056885',	NULL,	104,	NULL,	NULL,	NULL,	NULL),
(148,	0,	149,	'Orlí hnízdo',	21,	17,	'Česká republika',	'lom v Doubí (u Prosečnice)',	'Středočeský kraj',	'(49.87031373485224, 14.536242485046387)',	2,	'12',	'HL v žulovém lomu u vesnice jménem Prosečnice. Jedna strana ve stěně na polici navrtáno 4x10mm nýty 3x na hlavní, 1x na backup(3m spanset + 2m spanset)....druhá strana obhoz(2m spanset) borovice kousek od kraje(lepší zbackupovat). Na polici nutno kousek slanit. Sebou plakety na 10 nebo jdou i 12. Nesplést si lomy je jich tam víc...tenhle je trochu skrytej.',	NULL,	NULL,	'EQB team',	'2013-02-16',	'49.87031373485224',	'14.536242485046387',	NULL,	105,	NULL,	NULL,	NULL,	NULL),
(149,	0,	99,	'ReBarbora',	41,	18,	'Česká republika',	'Praha - Prokopské údolí',	'Hlavní město Praha',	'(50.03961208862098, 14.360246658325195)',	3,	'',	'Lajna tvoří jasnou linii v prostoru nad hřištěm a bývalým koupalištěm v Prokopském údolí v místech, kam se dostanete silnicí z Barrandova přes Klukovice a pod viaduktem. Přístup snazší shora nebo zprava cestou u nejbližšího baráku. Na V straně 3x 12mm nýty včetně podložek a matek, na Z straně 4x 12mm nýty(jeden jen jako backup druhého) včetně podložek a matek. Na V stranu 3m spanset a prodlužit o 25cm půlmetrákem na dvojito. Na Z straně  zprava 3m z obou nýtů a zleva 3m z jednoho spodního nýtu. Oba spansety spojit pevnostním šeklem a kotvítka založit do levého, ale metodou sliding-X, ne pouze provléknout. Kladky lépe na V straně. Zanechte po sobě čisto, nalezené odpadky odneste.',	NULL,	NULL,	'Píďa',	'2013-01-31',	'50.03961208862098',	'14.360246658325195',	NULL,	106,	NULL,	NULL,	NULL,	NULL),
(150,	0,	179,	'Primarýma',	27,	12,	'Česká republika',	'Praha-Divoká šárka',	'Hlavní město Praha',	'(50.10300027153092, 14.321461915969849)',	2,	'2',	'Lajna se nachází na stejném hřebeni jako mechobeton ale znatelně výše.\r\n   Kdysi tahal Kwjet s mrte spansetama na obhozy. Nově navrtány obě strany. (pohled dolu) Levá strana 2nýty (3m), pravá strana 2nýty (6m).',	NULL,	NULL,	'Jakub \"Kwjet\" Hanuš',	'2011-12-01',	'50.10300027153092',	'14.321461915969849',	NULL,	107,	NULL,	NULL,	NULL,	NULL),
(151,	0,	149,	'Socka',	45,	25,	'Česká republika',	'Prokopské údolí',	'Hlavní město Praha',	'(50.04161723436464, 14.3831205368042)',	3,	'1',	'Lajna se super kovením, kousek po pěší cestě od jezírka. Kotvení je dost libový =D +-40m spansetů, 60m statiky....čím víc toho vezmete tím líp. Tahat s někym kdo už tam byl!',	NULL,	NULL,	'Pída, Luky',	'2013-03-03',	'50.04161723436464',	'14.3831205368042',	NULL,	108,	NULL,	NULL,	NULL,	NULL),
(152,	0,	81,	'Šaolínek',	31,	17,	'Česká republika',	'Adršpach',	'Královéhradecký kraj',	'(50.6064882176014, 16.117147207260132)',	3,	'1',	'Hajlajna vede nad  rybníčkem v zadní části,co se vozej turisti na lodičkách,na každé straně v pohodě borovice + něco na backup..\r\nFotky : http://www.facebook.com/media/set/?set=a.450357241706589.1073741826.170783296330653&type=1&l=f0bd72320a',	NULL,	NULL,	'Adrlines',	'2013-03-17',	'50.6064882176014',	'16.117147207260132',	NULL,	109,	NULL,	NULL,	NULL,	NULL),
(153,	0,	179,	'3.14',	28,	20,	'Česká republika',	'Ostrov',	'Ústecký kraj',	'(50.80106637746659, 14.054067134857178)',	2,	'',	'Vedle Zoufalcovi touhy. Z bližšího kotvení zouflacovi touhy naproti na převislý výstupek. Obhoz 6m a 6m. ',	NULL,	NULL,	'Lukáš Černý',	'2013-04-26',	'50.80106637746659',	'14.054067134857178',	NULL,	110,	NULL,	NULL,	NULL,	NULL),
(154,	0,	210,	'Tůjková',	20,	12,	'Česká republika',	'Škrovád, Slatiňany',	'Pardubický kraj',	'(49.90483924702851, 15.811641216205317)',	0,	'1',	'Spíše tréninková highline ve starém lomu poblíž lezecké oblasti Škrovád. Dojem hloubky snížen množství křoví na dně. Rychlé kotvení strom-strom a relativně snadná dostupnost jak autem, tak autobusem.',	NULL,	NULL,	'Ondra Svoboda',	'2012-10-15',	'49.90483924702851',	'15.811641216205317',	NULL,	111,	NULL,	NULL,	NULL,	NULL),
(155,	0,	214,	'Pomsta GPS',	27,	15,	'Česká Republiky',	'Klokočí',	'Klokočí',	'',	2,	'',	'<p>Rychlonapnuteln&aacute; z&aacute;ležitost. 2 stromy na kraj&iacute;ch jdou hodně bl&iacute;zko lajny, takže padat tam nen&iacute; dobr&yacute; n&aacute;pad :))</p>\n',	'',	'',	'Adam Zeman',	'2013-05-24',	NULL,	NULL,	404,	402,	403,	'',	30,	60),
(156,	0,	81,	'Hon na žirafu',	70,	18,	'Česká republika',	'Adršpach',	'Královéhradecký kraj',	'(50.61213454523981, 16.128849685192108)',	2,	'13',	'Tahle lajna vede ze stejného šutru jako Kundí Judo akorát trošku víc doprava.., Na jedné straně kotvená obhozem 6m spanset + backup za stromy opodál  a na straně druhé za masivní borovičku,která je nalepená ke skále.,, backup jde za strom vedle ale je to skoro zbytečný, protože ten strom je fakt dost vedle.. :)',	NULL,	NULL,	'Adrlines',	'2013-06-15',	'50.61213454523981',	'16.128849685192108',	NULL,	112,	NULL,	NULL,	NULL,	NULL),
(157,	0,	81,	'Mauglí',	38,	13,	'Česká republika',	'Adršpach',	'Královéhradecký kraj',	'(50.61174307420214, 16.128661930561066)',	2,	'13',	'Hajlajna se nachází v sektoru Kundího Juda.., Vede z nepřehlédnutelné věžičky, na které je průlez  který se musí možná trochu složitějším způsobem obhodit, na obhoz krásně stačí 2x6m spanset, nejlépe se obhazuje ve dvou.Na druhé straně kotveno za stromek.. krásná borovička. + něco na backup..',	NULL,	NULL,	'Adrlines',	'2013-06-15',	'50.61174307420214',	'16.128661930561066',	NULL,	113,	NULL,	NULL,	NULL,	NULL),
(158,	0,	179,	'Gravitace',	21,	11,	'Česká republika',	'Srbsko',	'Středočeský kraj',	'(49.95073925998917, 14.124577045440674)',	2,	'2',	'<p>Hajlajna vedouc&iacute; u Ťuky ťuk - kousek pod a v&iacute;ce vystrčen&aacute; do prostoru. 3+2 nejty - 2.5m + 5m spansetu.</p>\n',	'',	'',	'Lukáš Černý, Adam Máčel',	'2013-06-29',	'49.95073925998917',	'14.124577045440674',	384,	114,	383,	'',	45,	60),
(159,	0,	149,	'Vévoda',	54,	40,	'Česká republika',	'Adršpach',	'Královéhradecký kraj',	'(50.61107245972411, 16.124539375305176)',	4,	'',	'Nejvystrčenější směr v údolí přímo nad písákem. Z věže Vévoda na věž Lost Arrow, která je přilepená na Strážce jezera. Na vévodu vede komín za 3. Na lostarrow to jde z masivu na strážce jezera a pak slanit na lost arrow. přehazování repky je nejlepší ze strážce. Spansety: 8m na vévodovi a 14-16m? na lost arrow. Tam je lepší to dát na liščák a stáhnout ke straně věže, aby se lajna vedla dost daleko od skály vpravo.',	NULL,	NULL,	'Danny, Adrlines',	'2013-07-18',	'50.61107245972411',	'16.124539375305176',	NULL,	115,	NULL,	NULL,	NULL,	NULL),
(160,	0,	189,	'babiččinno oudolí',	50,	11,	'Česká republika',	'Praha 4',	'Hlavní město Praha',	'(50.021320743026294, 14.43102478981018)',	0,	'1',	'kotvení za 3 stromy ..jedna strana kotvení do v 7,5 spansetu na druhé 50..dá se přenést a natáhnout v 1 lidu',	NULL,	NULL,	'',	NULL,	'50.021320743026294',	'14.43102478981018',	NULL,	116,	NULL,	NULL,	NULL,	NULL),
(161,	0,	46,	'Doga old school',	25,	20,	'Česká republika',	'Tisá',	'Ústecký kraj',	'(50.77948222743669, 14.04751718044281)',	3,	'3',	'Levej směr na Dogu. Kotvení na masivu za velkej šutr a vytažení kotvení navršek 3m na jednoducho, 4m na hranu, na Doze obhoz středovýho šutru 3m na jednoducho a metr na hranu tak. Poprvé napnuto Němci 2011.',	NULL,	NULL,	'Němci',	'2010-05-14',	'50.77948222743669',	'14.04751718044281',	NULL,	117,	NULL,	NULL,	NULL,	NULL),
(162,	0,	46,	'Doga nu school',	25,	20,	'Česká republika',	'Tisá',	'Ústecký kraj',	'(50.77946865960333, 14.04750645160675)',	3,	'3',	'Pravej směr na Dogu. Kotvení na masivu za vybíhající blok - zadní zářez. Možnost 16m spansetů nebo míň, ale ne tak elegantní varianta(šel by i 5m na jednoducho a prodloužení na hranu). Na Doze prostřední šutr 3m na jednoducho, metr na prodloužení, kotvení vychází na vršek. První napnutí od Němců 2011.',	NULL,	NULL,	'Němci',	'2010-05-14',	'50.77946865960333',	'14.04750645160675',	NULL,	118,	NULL,	NULL,	NULL,	NULL),
(163,	0,	46,	'Dobrman',	12,	20,	'Česká republika',	'Tisá',	'Ústecký kraj',	'(50.779534463537665, 14.047922194004059)',	2,	'13',	'Kotvení od klasiky na Dogu - strom borovička 5m, obhoz hrany na stažení do směru 3m. Na druhé straně obhoz šutru za blokem a vytažení na hranu 8m spansetů. Pěknej směr na začátek, ideál na duťáku.',	NULL,	NULL,	'Peeto, Jindra, Kaštan',	'2011-09-04',	'50.779534463537665',	'14.047922194004059',	NULL,	119,	NULL,	NULL,	NULL,	NULL),
(164,	0,	46,	'Holčičky na provázku',	40,	20,	'Česká republika',	'Hrubá skála, Sahara',	'Liberecký kraj',	'(50.54863968281267, 15.191363990306854)',	3,	'13',	'<p>Supr čupr lajna na Sahaře ve Skal&aacute;ku. Na straně pod &Uacute;norovou věž&iacute; kl&aacute;dahex do sp&aacute;ry - 4m nebo 5m spansetů, na druh&yacute; straně na Ministrantovi kotven&iacute; za strom a vytažen&iacute; na hranu - podložit pařezem pokud tam zůstal nebo naj&iacute;t nov&eacute; kl&aacute;dy cca 14m spansetů. Nataženo od G4G</p>\n',	'',	'',	'Jelena, Faith, Ančekanče',	'2009-12-20',	'50.54863968281267',	'15.191363990306854',	438,	120,	437,	'',	30,	45),
(165,	0,	1,	'Shangri-la',	59,	40,	'Česká republika',	'Hrubá skála, Sahara',	'Liberecký kraj',	'(50.548908967312165, 15.191836059093475)',	5,	'2',	'<p>N&aacute;dhernej směr z Oc&uacute;nu na &Uacute;norovou. Na obou věž&iacute;ch tři tutov&yacute; borh&aacute;ky určen&yacute; přesně na lajnu, na ně tak dvoumetrov&yacute; a tř&iacute;metrov&yacute; spansety. Na &Uacute;norov&eacute; backup ke slaň&aacute;ku, na Oc&uacute;nu 6m spansetů na backup obhoz. Na Oc&uacute;n koutek za IV po průchodu na předskal&iacute;, na &Uacute;norovou Norm&aacute;lka přes tři kruhy za VIIb.</p>\n',	'',	'',	'Jelena, Faith, Ančekanče',	'2012-09-20',	'50.548908967312165',	'15.191836059093475',	167,	121,	166,	'',	15,	0),
(166,	0,	46,	'Zmrdi řvou',	15,	25,	'Polsko',	'Sokoliki, Polsko',	'Dolnoslezské',	'(50.87026315353839, 15.869985669851303)',	3,	'3',	'Směr z věže kde je vyhlídka (výrazný zářez na hraně, kotvení za šutr za hranou 5m spansetů) druhá strana na věži - obhoz bloku na vrchu - evidentní spáry 7m spansetů. Na věž vede nějaká čtyřka po vlastním...',	NULL,	NULL,	'Peeto, Voříšek',	'2012-09-21',	'50.87026315353839',	'15.869985669851303',	NULL,	122,	NULL,	NULL,	NULL,	NULL),
(167,	0,	46,	'Big air',	36,	15,	'Polsko',	'Sokoliki, Polsko',	'Dolnoslezské',	'(50.87038638083291, 15.866076350212097)',	3,	'2',	'Pěkně exponovanej směr na věž za kterou je vidět celý údolí. Tušim že na každý straně 3 plakety. Na věž se leze nějaká trojka, na druhou skálu asi taky za tři. ',	NULL,	NULL,	'Janek, Damian',	NULL,	'50.87038638083291',	'15.866076350212097',	NULL,	123,	NULL,	NULL,	NULL,	NULL),
(168,	0,	149,	'Klárčina buchtička',	12,	13,	'Česká republika',	'Ostrov',	'Ústecký kraj',	'(50.800278422529054, 14.054279029369354)',	5,	'3',	'Krátkýá bezpečná highline z masivu na věž(....nějaká Jehla), na kterou je zakázaný lízt na úzký vrcholový blok.\r\npěknej obhoz za zub ze zadku věže okolo tenkého vrcholového bloku. cca 9m spansetů asi. Druhá strana se obhazuje za zadní blok(buchtu na masivu, co se nehýbe! cca 6m spansetů.(podložit kládou).\r\nPS: na věž je těžký lezení...tak je to pro dobrý lezce a nebo vychcánky co se tam umí dostat přehozením lana přes věž.',	NULL,	NULL,	'Danny, Luky, Adam, uhlík, voří',	'2013-10-26',	'50.800278422529054',	'14.054279029369354',	NULL,	124,	NULL,	NULL,	NULL,	NULL),
(169,	0,	149,	'MAna maNA',	17,	15,	'Česká republika',	'Ostrov',	'Ústecký kraj',	'(50.80026724464054, 14.054382294416428)',	4,	'3',	'pěkná highline z věžě jako Klárčina buchtička(viz: deník). Na vež vedle masivu kam se dá vyskočit nebo vylézt lehkou cestou. Obhoz dobrého vrcholového bloku je asi 8-9m(spanset vést až pod slaňák!) pak podložit kraj kládou, aby se nedotýkalo kotvení skály!! Věž má výběžek jak skákací prkno. Je to pěkná bezpečná lajna. Druhá strana je asi 9m viz: highline klárčina buchtička',	NULL,	NULL,	'Danny, Luky, Adam, uhlík, voří',	'2013-10-26',	'50.80026724464054',	'14.054382294416428',	NULL,	125,	NULL,	NULL,	NULL,	NULL),
(170,	0,	149,	'Old snail lady',	16,	15,	'Česká republika',	'Ostrov',	'Ústecký kraj',	'(50.80027026425999, 14.05426561832428)',	4,	'',	'highline ve stejné lokalitě jako \"klárčina buchtička\" a \"mana mana\". Jde z věže s tenkým vrcholovým blokem kam se nesmí!! obhoz viz: highline klárčina buchtička. druhá strana: cca 10-12m spansetů. na věž bud těžce vylezt nebo přhodit lano a vyjumarovat. pěkná bezpečná lajna.',	NULL,	NULL,	'Janek, Jordan',	'2013-10-26',	'50.80027026425999',	'14.05426561832428',	NULL,	126,	NULL,	NULL,	NULL,	NULL),
(171,	0,	46,	'Malý pívo',	8,	7,	'Česká republika',	'Kost',	'Královéhradecký kraj',	'(50.49114361924558, 15.13448104262352)',	1,	'1',	'Midline za budovou pivovaru na Kosti. Jednoduchý napínání strom-strom. Pod lajnou pěknej vytesanej průchod v pískovci. Ideál pro první zkušenosti ve výškách. Napínána v rámci Highline meetingu.',	NULL,	NULL,	'Peeto, Kolouch',	'2013-09-27',	'50.49114361924558',	'15.13448104262352',	NULL,	127,	NULL,	NULL,	NULL,	NULL),
(172,	0,	46,	'Sokolníkova dcera',	17,	15,	'Česká republika',	'Kost',	'Královéhradecký kraj',	'(50.490542957477764, 15.132850259542465)',	2,	'',	'Pěkná hajlajna u Kosti nad Barborkama. Kotvení strom-stromy(nutno udělat kotvení z asi třech stromů a vytáhnout na dobré místo kvůli hraně pod lajnou). Možnost více variant kotvení, podle toho délka od 15m - 17m. Na Kosti 2013 17m varianta. ',	NULL,	NULL,	'Píďa, Kernerski, Kolouch, Jind',	'2012-07-07',	'50.490542957477764',	'15.132850259542465',	NULL,	128,	NULL,	NULL,	NULL,	NULL),
(173,	0,	46,	'Bájné zvíře Kundapták',	38,	25,	'Česká republika',	'Kost, Plakánek',	'Středočeský kraj',	'(50.484229745210186, 15.134436786174774)',	3,	'1',	'<p>V zadn&iacute; č&aacute;sti Plak&aacute;nku za pravotočivou zat&aacute;čkou od Kosti &uacute;dol&iacute;čko mezi skalami, kotven&iacute; strom-strom. Pěknej směr i s dobrou v&yacute;&scaron;kou. Pod lajnou trochu humus, ale d&aacute; se propojit. Strom bl&iacute;ž Kosti je lep&scaron;&iacute; pojistit nějakou lajnou na r&aacute;čnu. U toho stromu bylo taky 2013 vos&iacute; hn&iacute;zdo, tak opatrně.</p>\n',	'',	'',	'Kernerski, Jindra, Kaštan',	'2012-09-29',	'50.484229745210186',	'15.134436786174774',	430,	129,	429,	'',	20,	90),
(174,	0,	46,	'Levoboček',	29,	14,	'Česká republika',	'Prachov',	'Královéhradecký kraj',	'(50.4743198132406, 15.278213918209076)',	2,	'1',	'Směr lehkej na kotvení strom-strom. Na jednu stranu se vpohodě dojde, na druhou takový napůl lezení. Když přicházíte k lajně tak na pravé straně borovičku ukotvit co nejníž a obandážovat pořádně spanset na hraně 3m, na levé straně dobrý přístup, místo na kladky 2m spanset. ',	NULL,	NULL,	'Kernerski, Peeto, Adam',	'2012-12-27',	'50.4743198132406',	'15.278213918209076',	NULL,	130,	NULL,	NULL,	NULL,	NULL),
(175,	0,	46,	'Pařízková',	41,	20,	'Česká republika',	'Prachov',	'Královéhradecký kraj',	'(50.474185641095346, 15.276549607515335)',	3,	'13',	'Pěknej směr přes cestu v údolí. Na jedný straně obhoz velkýho bloku na předskalí cca 10m spansetů, snadný přístup s jedním pololezeckým krokem. Na druhé straně kotvení za strom blíž u skály - borovice 2m spanset. ',	NULL,	NULL,	'Peeto, Kernerski, Voříšek',	'2012-12-27',	'50.474185641095346',	'15.276549607515335',	NULL,	131,	NULL,	NULL,	NULL,	NULL),
(176,	0,	46,	'Kleparate separity',	36,	20,	'Česká republika',	'Ostrov',	'Ústecký kraj',	'(50.799029385588184, 14.055714011192322)',	3,	'3',	'Lajna vedoucí od bloku u Alter wegu(směr na Csukáš tvrdě) kotvení za strom Alter wegu a vytažení kolem bloku 8m spansetů, druhá strana stejně jako Slackturn, ale jsou dvě varianty. 37m - obhození zadního šutru a vytažení kolem hrany cca 15m spansetů,  35m - kotvení za klády, protažení skrz okno a opření o velkej šutr cca 9m spansetů. ',	NULL,	NULL,	'Kernerski',	'2013-04-25',	'50.799029385588184',	'14.055714011192322',	NULL,	132,	NULL,	NULL,	NULL,	NULL),
(177,	0,	46,	'No gods no masters',	22,	30,	'Česká republika',	'Ostrov',	'Ústecký kraj',	'(50.8025120183413, 14.053305387496948)',	4,	'3',	'Moc pěkná a exponovaná lajna. Z věže na kterou vede 3,14 a Kinder, nemusí se lízt, stačí skočit přeskok za II, na masiv kotvení v zářezu. Kotvení tak 6m a 4m spansetů.',	NULL,	NULL,	'Faith',	NULL,	'50.8025120183413',	'14.053305387496948',	NULL,	133,	NULL,	NULL,	NULL,	NULL),
(178,	0,	46,	'28kHz',	29,	25,	'Česká republika',	'Ostrov',	'Ústecký kraj',	'(50.80722834767475, 14.049349129199982)',	3,	'3',	'Kratší směr u Electro boogie blíž k masivu. Na menší věžičce tak 7m spansetů, na věži u EB 6m spansetů.',	NULL,	NULL,	'Píďa',	NULL,	'50.80722834767475',	'14.049349129199982',	NULL,	134,	NULL,	NULL,	NULL,	NULL),
(179,	0,	46,	'Prdopad',	15,	11,	'Česká republika',	'Jablonec, Na dopadu',	'Liberecký kraj',	'(50.73984058630116, 15.182209610939026)',	1,	'1',	'Rychlá a jednoduchá lajna na kotvení, dobrá pro začátek. Vede vedle přelanění ocelových lan. Kotvení strom-strom, na jedné straně lepší prodloužit na hranu tak 2m spansetem. ',	NULL,	NULL,	'Voříšek, Peeto, Adam',	'2013-06-17',	'50.73984058630116',	'15.182209610939026',	NULL,	135,	NULL,	NULL,	NULL,	NULL),
(180,	0,	214,	'Ruprechtická',	57,	12,	'Česká republika',	'Liberec- Ruprechtice',	'Liberecký kraj',	'(50.790223917541155, 15.08696436882019)',	0,	'1',	'V poměru výška/délka je to spíše tréninkovka. Kotvení na obou stranách za stromy, na jedné straně stačí 2m spanset a na druhé je kotvící strom dál od hrany, tudíž je potřeba cca. 8m spansetů a kláda na podložení je na místě.',	NULL,	NULL,	'Adam',	NULL,	'50.790223917541155',	'15.08696436882019',	NULL,	136,	NULL,	NULL,	NULL,	NULL),
(181,	0,	168,	'Starline',	25,	320,	'Itálie',	'Arco - Colodri',	'Trentino-Alto Adige',	'(45.9302562974908, 10.890900492668152)',	5,	'2',	'Navrtáno na každý straně 3 expanzní 10mm závitovky, plakety si vzít sebou i s matkama. Na pravý straně (převis) jdou dodatečný backupy obhozem různých hrotů a ve stěně vytáhnout lano nahoru ke stromu od kterýho se ke kotvení slaní...',	NULL,	NULL,	'',	NULL,	'45.9302562974908',	'10.890900492668152',	NULL,	137,	NULL,	NULL,	NULL,	NULL),
(182,	0,	99,	'Ornitolog',	30,	20,	'Česká republika',	'Prokopské údolí',	'Hlavní město Praha',	'(50.04174330682746, 14.38670128583908)',	3,	'12',	'V zadní části jezírka. Na pravé straně za dva stromy vzadu a protáhnout až ke kraji, podložit (2x2m,2x3m,3 šekly 12mm nerez a pevnější na spojení). Levá strana za hranou velké plotny (3nýty, 3m+2m, šekl 12mm nerez a pevnější na spojení). Vzít reepku na přetáhnutí lajny. K nýtům se dostává technickým lezením, přes zaseknutý vrták nahozenou smyčkou k nýtům. Je třeba trochu zručnosti a několik smyček a karabin :)',	NULL,	NULL,	'Píďa, Lukáš',	'2013-12-25',	'50.04174330682746',	'14.38670128583908',	NULL,	138,	NULL,	NULL,	NULL,	NULL),
(187,	0,	179,	'Hokus-Pokus',	62,	20,	'Česká republika',	'Srbsko',	'Středočeský',	'',	2,	'2',	'<p>Spodn&iacute; et&aacute;ž v alkaz&aacute;ru.</p>\n',	'',	'',	'Lukáš Černý',	'2014-03-19',	NULL,	NULL,	361,	359,	360,	'',	30,	30),
(188,	0,	221,	'Zrození',	10,	9,	'CZ',	'Pasecká skála',	'Vysočina',	'49°36\'56.082\"N, 16°4\'53.277\"E',	0,	'3',	'<p>Jednoduch&aacute; lajna (tah&aacute;no s&aacute;m), snadn&yacute; př&iacute;stup ke sk&aacute;la a i na ni. Kotven&iacute;: hrot směr vyhl&iacute;dka 4m spanset+backup za borh&aacute;k. Na druh&eacute; straně kolem vrcholku a doleva dolů 6m+2m na backup za vrcholek.</p>\n',	'',	'',	'LesMen',	'2014-01-11',	NULL,	NULL,	401,	399,	400,	'',	30,	60),
(189,	0,	179,	'Hodinář',	40,	20,	'čr',	'Srbsko',	'středočeský',	'',	3,	'3',	'<p>Hajlajn na zač&aacute;tku skal v srbsku. Kotven&iacute; dvoje prov&aacute;zan&eacute; hodiny a obhoz.</p>\n',	'',	'',	'Lukáš Černý a Jakub Trávník',	'2014-04-01',	NULL,	NULL,	398,	396,	397,	'',	30,	60),
(190,	0,	179,	'Lapač snů',	50,	25,	'čr',	'Srbsko',	'středočeský',	'',	3,	'32',	'<p>Na zač&aacute;tku skal v srbsku. U HL hodin&aacute;ř. Jedna strana navrtan&aacute; a druh&aacute; obhoz.</p>\n',	'',	'',	'Lukáš Černý a Jakub Trávník',	'2014-05-19',	NULL,	NULL,	395,	393,	394,	'',	30,	60),
(191,	0,	149,	'Zub času',	53,	20,	'čr',	'Pantheon - Malá skála',	'český ráj',	'',	0,	'3',	'<p>Hajlajna na Pantheonu. Kotven&iacute; za uzel ve stěně a obhoz. prvn&iacute; tahal Kwjet&aacute;k v roce 2012.</p>\n',	'',	'',	'Kwjet',	'2012-10-01',	NULL,	NULL,	392,	390,	391,	'',	30,	120),
(192,	0,	179,	'Mokrej pes',	43,	10,	'čr',	'Praha',	'praha',	'',	1,	'',	'<p>Highline na mostě na Zbraslav</p>\n',	'',	'',	'Lukáš Černý',	'2014-05-01',	NULL,	NULL,	389,	387,	388,	'',	30,	60),
(193,	0,	179,	'Prosíme vystupte',	76,	18,	'čr',	'Srbsko',	'středočeský',	'',	1,	'12',	'',	'',	'',	'Lukáš Černý',	'2014-06-02',	NULL,	NULL,	376,	374,	375,	'',	45,	60),
(194,	0,	179,	'Pondělní vlhká!',	49,	15,	'čr',	'Srbsko',	'středočeský',	'',	1,	'',	'<p>Kotven&iacute; 2x nejt (3m spanset), druh&aacute; strana strom + keř a směrovat okolo men&scaron;&iacute;ho bloku (9m spansetu)</p>\n',	'',	'',	'Lukáš Černý',	'2014-06-30',	NULL,	NULL,	373,	371,	372,	'',	30,	60),
(195,	0,	179,	'Potní žláza',	51,	20,	'ČR',	'Srbsko',	'středočeský',	'49.9500144°N, 14.1316214°E',	2,	'',	'<p>Mal&yacute; lom kus od alkaz&aacute;ru směrem na Sv. J&aacute;n pod Skalou. Nejdel&scaron;&iacute; a nejvy&scaron;&scaron;&iacute; směr nad Hajlajnou &quot;Vlhk&aacute; ponděln&iacute;&quot;. Kotven&iacute; strom (10m) + druh&aacute; strana stromek a keř vyv&aacute;zat (13m)</p>\n',	'',	'',	'Lukáš Černý',	'2014-08-08',	NULL,	NULL,	370,	368,	369,	'',	30,	60),
(196,	0,	99,	'Kumáré Sútra',	29,	14,	'Česká republika',	'Srbsko',	'Středočeský kraj',	'49°56\'59.543\"N, 14°7\'53.438\"E',	1,	'2',	'<p>Kr&aacute;sn&yacute; směr vych&aacute;z&iacute; z hrotu (2x12mm n&yacute;t s podložkou a matkou, 2m spanset) od vrtan&eacute; strany (napravo) highlajny Ponděln&iacute; vlhk&aacute;! a směřuje na logick&eacute; m&iacute;sto do zadn&iacute; stěny pod stromečky(3x 12mm n&yacute;t s podložkou a matkou, 3m spanset). Do stěny je třeba opatrně slanit(35m) ze stromů až nad lomem. Na slaněn&iacute; dolů od kotven&iacute;(20m) po sund&aacute;n&iacute; lajny by tam mělo b&yacute;t nechan&eacute; z&aacute;vitov&eacute; oko. Oko i v&scaron;echny matky a podložky vždy zanechejte pro dal&scaron;&iacute; lidi. Lajnu přehazujte od hrotu a pak vyneste po fixnim laně do stěny. Pokud jeste neznate takzvane &quot;sliding X&quot; kotveni, neboli spravny a bezpecny zpusob kotveni highline z nekolika nejtů, kouknete sem: http://www.balancecommunity.com/knowledge/sliding-x-anchor/ .</p>\n',	'',	'',	'Píďa & Lukáš',	'2014-08-08',	NULL,	NULL,	367,	365,	366,	'',	30,	120),
(197,	0,	171,	'Pípákovka',	25,	10,	'Česká Republika',	'Teplice nad Metují',	'Královehradecký',	'',	0,	'1',	'<p>Roztomil&aacute; hajlajnička nad železničn&iacute; trat&iacute; v okol&iacute; Teplic nad Metuj&iacute;. v&iacute;ce fotek _ http://philipbitnar.zonerama.com/Album/528870</p>\n',	'',	'',	'Filipski & Tomáš',	'2015-01-04',	NULL,	NULL,	358,	356,	357,	'',	15,	60),
(198,	0,	179,	'Pavučinka',	35,	10,	'ČR',	'Praha - Dolní šárka',	'praha',	'',	1,	'1',	'<p>Takov&aacute; pražsk&aacute;</p>\n',	'',	'',	'Lukáš Černý',	'2015-02-01',	NULL,	NULL,	355,	353,	354,	'',	30,	60),
(199,	0,	179,	'Less Acro More Highline',	73,	40,	'Česká republika',	'Srbsko',	'Středočeský',	'',	3,	'',	'<p>37m spansetů, 60m statiky. Domečer 4 nejty a vyv&eacute;st až na keř. Druh&aacute; strana strom a vyv&eacute;st na hranu. Monžost kotven&iacute; i v&iacute;ce do strany na 80m směr, tak&eacute; navrtanej, ale v&iacute;ce složitej.</p>\n',	'',	'',	'Lukáš Černý',	'2015-03-02',	NULL,	NULL,	352,	350,	351,	'',	45,	60),
(200,	0,	434,	'Milada',	20,	7,	'Česká Republika',	'Havlíčkobrodsko',	'Vysočina',	'',	0,	'1',	'<p>Lajnička lok&aacute;ln&iacute;ho v&yacute;znamu, se nach&aacute;z&iacute; nedaleko Havl&iacute;čkova Brodu, na zř&iacute;cenině hradu Ronovec. Vede přes b&yacute;val&yacute; hradn&iacute; př&iacute;kop.</p>\n',	'',	'',	'',	'2015-03-10',	NULL,	NULL,	349,	347,	348,	'',	30,	60),
(201,	0,	434,	'Velkej brácha',	26,	10,	'Česká Republika',	'Lipnice nad Sázavou',	'Vysočina',	'',	0,	'1',	'<p>Lajna se nach&aacute;z&iacute; v zatopen&eacute;m lomu na Hol&eacute;m vrchu, v les&iacute;ch pobl&iacute;ž Lipnice. Kotven&iacute; za tenk&yacute; strom d&aacute;l za hranou na skaln&iacute; plo&scaron;ině na jedn&eacute; straně, a na straně druh&eacute; za stromy za v&yacute;raznou přečn&iacute;vaj&iacute;c&iacute; hranou. Napnuli a pře&scaron;li Uhl&iacute;ci 2013.</p>\n',	'',	'',	'',	'2015-03-10',	NULL,	NULL,	364,	362,	363,	'',	60,	60),
(202,	0,	434,	'Zápalná šňůra',	22,	10,	'Česká Republika',	'Lipnice nad Sázavou',	'Vysočina',	'',	0,	'1',	'<p>Jedn&aacute; se o krat&scaron;&iacute; variantu &quot;Velk&yacute;ho br&aacute;chy&quot;. Kotven&iacute; na jedn&eacute; straně totožn&eacute;, za stromy za v&yacute;raznou hranou, na druh&eacute; straně za velkou borovici, př&iacute;mo v rohu. Poprv&eacute; napnuli 2011 Uhl&iacute;ci, ale prvn&iacute; FM přechod až Hynek v březnu 2015.</p>\n',	'',	'',	'',	'2015-08-13',	NULL,	NULL,	155,	153,	154,	'',	NULL,	NULL),
(203,	0,	179,	'Země Plocha',	66,	30,	'ČR',	'Srbsko - Tomáškův lom',	'Středočeský',	'',	1,	'12',	'<p>Hajlajna na zač&aacute;tku lomu když se jde od Karl&scaron;tejnu (vlak. zast&aacute;vka). Kotvena za borovici + men&scaron;&iacute; stromek a vyv&eacute;st na hranu. Druh&aacute; strana navrtan&aacute; za hranou 3 n&yacute;ty a tak&eacute; vyv&eacute;st na hranu. N&aacute;ročněj&iacute; na materi&aacute;l, asi 32m spansetů. Bez Reepky to nepůjde.</p>\n',	'',	'',	'Lukáš Černý',	'2015-03-14',	NULL,	NULL,	346,	344,	345,	'',	30,	120),
(204,	0,	183,	'Pozor na jachty!',	51,	10,	'ČR',	'Praha - Malá Chuhle',	'Praha',	'50.0267136N, 14.3978958E',	1,	'3',	'<p>Podmostov&aacute; urban hajlajna na mostě Inteligence, kter&yacute; je pobl&iacute;ž Chuchle. Na obě strany je nutn&eacute; slanit ze z&aacute;bradl&iacute; cca 8m na pil&iacute;ř. Kde se obhazuje jedna &quot;noha&quot; (15m spansetů na každou stranu). Je vhodn&eacute; spansety oddd&aacute;lit od stěny oblouku mostu pomoc&iacute; spadan&yacute;ch železobetonv&yacute;ch bloků, kter&eacute; se tam v&aacute;lej&iacute;. Repka je nutnost&iacute;. Jak n&aacute;zev napov&iacute;d&aacute; je třeba si d&aacute;t POZOR na proj&iacute;žděj&iacute;c&iacute; lodě (předev&scaron;&iacute;m dokud nen&iacute; lajna napnut&aacute; a volně vis&iacute;)! Obzvl&aacute;&scaron;tě za hezk&eacute;ho počas&iacute;.</p>\n',	'',	'',	'Turban',	'2015-03-26',	NULL,	NULL,	343,	341,	342,	'',	30,	120),
(205,	0,	183,	'Jaan\'s Crossing',	45,	20,	'ČR',	'Ostrov - údolíčko',	'Ústecký',	'',	3,	'3',	'<p>Lajna je situovan&aacute; v &uacute;dol&iacute;čku mezi klasikami HippiePunk a Slackturn. &nbsp;Obě strany obhoz. Celkem 16m spansetů (+hodně band&aacute;ž&iacute;)</p>\n',	'Na jedné straně je kotvená za stejný blok jako HippiePunk a taky zeshora, kde je potřeba cca 7-8m spansetů. Dost záleží jaký způsob se zvolí, lze například použít stahovák okolo celého šutru a provléct spodem). Pozor zadní blok je pravděpodobně jen opřen o ten přední, tak to při kotvení respektovat!',	'Druhá strana se kotví za poklici (která je mezi Slackturnem a HippiePunkem, blížeji k HippiePunku). Zde je potřeba cca 8m spansetů. Nejlepší je opět použít kotvení přes stahovák a vyvést spanset nahoru (poté je lajna vodorovně).\nNa úvodní fotce je obhozen celý blok, na což je potřeba více spansetů.',	'',	'2015-10-27',	NULL,	NULL,	181,	179,	180,	'',	0,	0),
(206,	0,	179,	'Časoprostor',	108,	40,	'ČR',	'Srbsko',	'středočeský',	'',	3,	'2',	'<p>Nejdel&scaron;&iacute; highline v Alkazaru. Kwjetův projekt.</p>\n',	'',	'',	'Jakub \"Kwjet\" Hanuš',	'2015-05-09',	NULL,	NULL,	340,	338,	339,	'',	45,	30),
(208,	0,	202,	'IPM',	40,	7,	'CZ',	'Český ráj (Jirkov)',	'Liberecký',	'50.666041, 15.282181',	0,	'1',	'<p>Midka nad jez&iacute;rkem u Jirkova. Je to strom - 2 stromy. Jedna strana se kotv&iacute; u mraveni&scaron;tě za bř&iacute;zkou, druh&eacute; kotven&iacute; je od bř&iacute;zy vidět přes jez&iacute;rko. Na druh&eacute; straně jsou 2 stromy, spansety (2m + 3m) mezi ně maj&iacute; pěkn&yacute; &uacute;hel a relativně dobře se tam zakl&aacute;daj&iacute; kladky. (PS: Nechte si vypr&aacute;vět od &Scaron;těp&aacute;na T., když m&aacute;te kr&aacute;tkou lajnu). Je potřeba 40+m lajna, 2&times; 2m, 1&times; 3m + lano na backup bř&iacute;zy pro jistotu :)</p>\n',	'Strom pojištěný druhým stromem',	'2 stromy kotvení ve vzduchu mezi těmi stromy',	'',	'2017-04-23',	NULL,	NULL,	241,	239,	240,	'Skáčete do vody a vylejzáte plní pulců, jdete kotvit midku, odcházíte pokousaní od obřích mravenců. Pokud jdete kotvit midku potom co jste přeplavali jezírko je to Invaze Pulců na Mravence :)',	1,	20),
(210,	0,	396,	'V rytmu struny',	25,	12,	NULL,	NULL,	NULL,	NULL,	3,	NULL,	'<p>Industrialni HL v Trojhali Karol&iacute;na (Ostrava).&nbsp;</p>\n',	'Sloup budovy',	'Sloup budovy',	'Jan Zelený',	'2015-09-23',	NULL,	NULL,	172,	170,	171,	'Při přechodu hrála prapodivná hudba z nějaké ocelové struny',	1,	40),
(211,	0,	228,	'Babylonské kvítí',	24,	14,	NULL,	NULL,	NULL,	NULL,	0,	NULL,	'<p>Lajna se taha přes n&eacute; moc frekventovanou silnici kousek od vesnice kv&iacute;tkov ( je tam i zastavka ) na Leve strane kotveno od stromu u krereho je radoby sesunuta puda a je tam parez&nbsp;cca 1m nad zemi&nbsp;a na druhe strane si vyber nakej&nbsp;peknej strom kteremu budes verit a dej to tam aby to bylo rovne me to vychazelo tak 4-5 m vysoko...(tadle&nbsp;strana je trochu nepadaci tak si dej pozor) na mape sem to oznacil spis jen orientacne</p>\n',	'Leva strana ( kdyz mas zastavku kvitkov po pravy ruce) je vejs takze strom kotveno nizko nad povrchem ',	'Prava:Strom kotveno asi 4-5 m nad urovní povrchu',	'Plech',	'2013-09-18',	NULL,	NULL,	175,	173,	174,	'Babylonské kuli rozvodně Babylon, kterou sem tam stavěl a kvítí protože je to u zastávky Kvítkov',	2,	20),
(212,	0,	396,	'Kamera jede, Akce!',	12,	10,	NULL,	NULL,	NULL,	NULL,	3,	NULL,	'<p>Kr&aacute;tk&aacute; lajna v kr&aacute;sn&eacute;m prostřed&iacute; Satinsk&yacute;ch vodop&aacute;dů</p>\n',	'Strom',	'Strom',	'Zahradník Pavel',	'2015-09-17',	NULL,	NULL,	178,	176,	177,	'Během pnutí se nahrnulo 15 lidi od televize a točili nějakou reklamu',	5,	60),
(213,	0,	301,	'Fishting',	30,	5,	NULL,	NULL,	NULL,	NULL,	0,	NULL,	'<p>Pěkn&aacute; midka při vypu&scaron;těn&eacute; přehradě.</p>\n',	'Strom',	'Přehradní věž',	'štěp. & Barča',	'2015-11-12',	NULL,	NULL,	184,	182,	183,	'Ryba',	0,	30),
(214,	0,	179,	'Turbo Luboš a.k.a. MasTURBatOr',	70,	15,	NULL,	NULL,	NULL,	NULL,	3,	NULL,	'<p>Hor&scaron;&iacute; kotven&iacute;. Sk&aacute;la &scaron;rot a keř&iacute;ky.&nbsp;</p>\n',	'3x nýt v rozsypané skále, 2x keř. My ještě používali kolíky zabité do země.',	'Břízky vyvázat ke keři na hraně',	'Lukáš Černý a spol.',	'2016-01-10',	NULL,	NULL,	337,	335,	336,	'Pro kamaráda Tomáše Urbana který snámi nemohl protože má zlomenou nohu. Turbo - Turboš - Luboš!',	10,	150),
(215,	0,	168,	'Placák',	35,	26,	NULL,	NULL,	NULL,	NULL,	2,	NULL,	'<p>Plac&aacute;k v Klokočsk&yacute;ch skal&aacute;ch. Po v&yacute;&scaron;lapu schodů doprava asi 150- 200m. obě dvě strany jsou masivy.</p>\n',	'5m spansetů od stromu a stáhnout za dobírák do směru ke skále',	'8m spansetů od stromu + 1m spanset na stáhnutí do směru k menší borovičce',	'Adam, Kaštan',	'2016-06-19',	NULL,	NULL,	187,	185,	186,	'Poznáš sám až půjdeš kolem hrany :)',	10,	60),
(216,	0,	241,	'Sajgon',	35,	10,	NULL,	NULL,	NULL,	NULL,	3,	NULL,	'<p>Highline lok&aacute;ln&iacute;ho v&yacute;znamu. Dobr&aacute; pro zač&aacute;tečnick&eacute; pad&aacute;n&iacute;, d&aacute; se j&iacute;t hned&nbsp; z kotvy ve stoje.</p>\n\n<p>Př&iacute;stup od zast&aacute;vky trolejbusu Tyr&scaron;ův most (vedle je parkovi&scaron;tě). Most se přejde a hned za mostem jsou schody kter&eacute; v&aacute;s dovedou pod most.<br />\nVe směru lajny by měl b&yacute;t natažen&yacute; prov&aacute;zek, občas praskne tak d&aacute;v&aacute;me hned dal&scaron;&iacute;. Když nen&iacute;, nat&aacute;hne se instalace, kvuli přehozav&aacute;n&iacute; řeky.</p>\n',	'Spanset dvoumetr obhodit traverzu. je potřeba mít šekl navíc kvuli přetočení lajny.',	'stejný jako kotvení 1',	'Jan Honzís Vít',	'2016-06-28',	NULL,	NULL,	190,	188,	189,	'snad jendou z deseti napínání bylo hezky, jinak chčije a je hic --> prostě Sajgon',	10,	60),
(217,	0,	241,	'Klepátko',	21,	12,	NULL,	NULL,	NULL,	NULL,	5,	NULL,	'<p>pěkn&yacute; kotven&iacute; s pěknym př&iacute;stupem hezky posvějch až k HL. Na zač&aacute;tky super lajna.<br />\nKdyž m&aacute;&scaron; koleje za z&aacute;dy a čum&iacute;&scaron; na lom je Klep&aacute;tko po levej straně lomu, nad plotnou. Strana bl&iacute;ž k tobě je kotvěn&iacute; 1, d&aacute;l od tebe kotva 2.</p>\n',	'dvoumetr spanset kolem stromu.',	'dva metry spanset. strom leze ze skály metr nad lezeckejma kruhama. Obejdeš lom a slaníš se - chycenej za stromy. Jde to i bez slanění, ale pro jistotu, povrch je sypkej.',	'Jan Honzís Vít',	'2016-06-28',	NULL,	NULL,	193,	191,	192,	'pokaždý to chce někdo strunit',	2,	60),
(218,	0,	241,	'Klepadlo',	40,	12,	NULL,	NULL,	NULL,	NULL,	0,	NULL,	'<p>Přistup ke kotv&aacute;m je s krosnou po svejch až na m&iacute;sto, cca 150 metrů od parkovi&scaron;tě, Klepadlo je ta nejdel&scaron;&iacute; možnost co lom nab&iacute;z&iacute;.<br />\nMožnost SPACELINE !!!</p>\n',	'2 metry spanset kolem stromu (stejné jako klepátko)',	'taky dvoumetr spanset kolem stromu',	'Jan Honzís Vít',	'2016-06-28',	NULL,	NULL,	196,	194,	195,	'Vyklepávka maximální',	2,	60),
(219,	0,	241,	'Domací Stromajda',	12,	7,	NULL,	NULL,	NULL,	NULL,	1,	NULL,	'<p>Sed&iacute;&scaron; v parku u lognline a ř&iacute;k&aacute;&scaron; si že tě ty longline už moc neberou. Ale že nem&aacute;&scaron; kde tahat highline protože na sk&aacute;ly se nem&aacute;&scaron; jak dostat. A tak čuč&iacute;&scaron; do stromů jak blbej až tě to trkne. stromov&aacute; midka 10 minut od bar&aacute;ku, jen tak cvičně.<br />\nNic super ale přece nebude&scaron; doma sedět když je tak hezky.</p>\n',	'',	'',	'Reaggi',	'2016-06-28',	NULL,	NULL,	199,	197,	198,	'',	0,	0),
(220,	0,	168,	'Kurvínek a ruměnka',	16,	25,	NULL,	NULL,	NULL,	NULL,	1,	NULL,	'<p>Od hradu Kost př&iacute;mo do Plak&aacute;nku a za mostkem rovně do kopce, jedn&aacute; se o b&yacute;val&yacute; lom</p>\n',	'vyvedení od borovice přes druhou na hraně 4m spanset',	'Od břízy 2m spanset  a napínání také na této straně',	'Peeto, Kaštan, Kolouch',	'2016-08-11',	NULL,	NULL,	202,	200,	201,	'',	10,	0),
(221,	0,	168,	'Elfí karma',	32,	27,	NULL,	NULL,	NULL,	NULL,	1,	NULL,	'<p>Od hradu Kost př&iacute;mo do Plak&aacute;nku a za mostkem rovně do kopce, jedn&aacute; se o b&yacute;val&yacute; lom. Obě kotven&iacute; strom</p>\n',	'4 spanset na borovici a vyvést přes druhý strom zde napínání',	'na buku asi ve 4-5m výšky (nahodit větev a vylézt) - 3-4m spanset',	'Peeto, Kaštan, Kolouch',	'2014-09-25',	NULL,	NULL,	205,	203,	204,	'',	15,	45),
(222,	0,	168,	'Jizerýna',	44,	14,	NULL,	NULL,	NULL,	NULL,	3,	NULL,	'<p>Dal&scaron;&iacute; magick&aacute; meta Jizersk&eacute; Odysey na kopci Jizera v 1122 m.n.m.</p>\n',	'Strana u kříže: na travnaté polici výrazný balvan 2m spanset na obhoz v levé části a 4m spanset protáhnout pod balvanem a máme krásný dvojitý kotvení, zde i napínání.',	'V levé  části masivu pohlehem k boudě podhodit zub za hranou a vytánout 8m spansetu na hranu',	'Kolouch, Kaštan, Maty',	'2016-08-11',	NULL,	NULL,	208,	206,	207,	'Iseriny jsou drahokamy co se nacházely v Safírovém potoce na Jzerce apodle nich mají jizerky, potažmo Jizera svoje jméno... Nebo že by tomu bylo naopak? :)\n Kolouch',	0,	70),
(223,	0,	214,	'Gotická',	27,	40,	NULL,	NULL,	NULL,	NULL,	3,	NULL,	'<p>Směr se nach&aacute;z&iacute; ve Skal&aacute;ku mezi Maj&aacute;kem a Zelen&aacute;čem. Na obě věže pohodov&eacute; (III) lezen&iacute;. Při tah&aacute;n&iacute; věc&iacute; na Maj&aacute;k buď udělat mezistanovi&scaron;tě na balk&oacute;nu, nebo m&iacute;t druh&eacute; lano pro udržen&iacute; b&aacute;glů od sk&aacute;ly, ať se nenič&iacute; sk&aacute;la. Nejl&eacute;pe tahat ve v&scaron;edn&iacute; den (Maj&aacute;k je dost lezen&aacute;&nbsp;věž)&nbsp;a rozhodně dodržovat v&scaron;echna pravidla lezen&iacute; a pohybu na p&iacute;skovc&iacute;ch.</p>\n',	'Maják: 22m spansetů. Seknout spansety do zářezu pod vrcholovkou a vyvézt napravo (z pohledu na Zelenáče) kolem volného bloku a dále do zářezu na vrcholovém talíři. Nalevo od knížky vyvézt podél hrany a přes ni nahoru. !Neprotahovat železnou konstrukcí na vlajku! Spansety se setkají na vrcholovém talíři a dále vyvážeme tak, aby šla lajna úplně z pravého rohu věže (zářez). Backup za slaňák na rohu.\n',	'Zelená: 6m spansetů (šlo by asi i 5m). Obhazujeme výrazný blok na levém rohu věže (z pohledu na Maják). Backup za uzel ve spáře a za dobírák na druhé straně věže.',	'Adam Z., Matty, Štěpinda, Barč',	'2016-08-25',	NULL,	NULL,	211,	209,	210,	'Napne-li se lajna podle popisu, tak při pohledu ze Zelenáče přímo kopíruje výraznou cestu \"Gotická hrana\"',	10,	120),
(224,	0,	183,	'Zahrňte se',	38,	44,	NULL,	NULL,	NULL,	NULL,	4,	NULL,	'<p>Př&iacute;jemn&aacute; hajlajna v oblasti Jetřichovicka.&nbsp;</p>\n\n<p>Př&iacute;stup: Ve vesnici V&scaron;emily zaparkovat nejl&eacute;pe těsně před kempem U Ferdinanda (odbočka z hlavn&iacute; silnice u hospody těsně před kopcem). Pě&scaron;ky cca 1,5 km podel proudu Kamenice do v&yacute;razn&eacute; zat&aacute;čky s vysok&yacute;mi skalami zde před nimi&nbsp;uhnout doprava.</p>\n\n<p>Kotven&iacute;: Je v&yacute;hodn&eacute; použ&iacute;t reepku pro přetažen&iacute;. Nejl&eacute;pe přehodit cel&yacute;ch 40m. Při nezdaru lze sl&eacute;zt do rokle, kter&aacute; je av&scaron;ak silně zarostl&aacute;.</p>\n\n<p><strong>!POZOR!</strong></p>\n\n<p>Dle pravidel NP:&nbsp;Na cel&eacute;m &uacute;zem&iacute; je zak&aacute;z&aacute;no zdol&aacute;v&aacute;n&iacute; voln&eacute;ho prostoru mezi skaln&iacute;mi objekty prostřednictv&iacute;m slackline.</p>\n',	'Jižní strana je kotvená za strom. Při vyšších tazích doporučuji vyvázat dva stromy. Poté vyvést na hranu podél pařezu.\nPři kotvení za jeden strom cca 9m spansetů.\nOdtud napínat.',	'Severní strana kotvená za strom za hranou či lze obhodit vyčnívající skálu na ostrohu. Při kotvení za strom cca 10-12m spansetů. Při kotvení za skálu pravděpodobně 4m na jednoducho a pak 2-3m na vyvedení za hranu.',	'Turban a VLK',	'2016-10-02',	NULL,	NULL,	214,	212,	213,	'Volný překlad anglického \"Get involved\", pozvánka do málo známého hajlajnového sektoru',	20,	60),
(225,	0,	183,	'Lžíce',	64,	25,	NULL,	NULL,	NULL,	NULL,	3,	NULL,	'<p>Druh&aacute; hajlajna v lomu Pož&aacute;ry na konci Prokopsk&eacute;ho &uacute;dol&iacute;. Určen&aacute; sp&iacute;&scaron;e pro pokročil&eacute; lajnery.</p>\n\n<p>Parkov&aacute;n&iacute;: lze zajet až t&eacute;měř k lomu, ale pozor prvn&iacute; přes den otevřen&aacute; z&aacute;vora se večer skutečně zav&iacute;r&aacute;, tak raději parkovat před n&iacute;</p>\n\n<p>Kotven&iacute;: n&aacute;ročnej&scaron;&iacute; kotven&iacute; je d&aacute;no nutn&yacute;m minim&aacute;ln&iacute;m počtem spansetů (celkem 24 metrů + statiky na backup) a&nbsp;pečliv&yacute;m zv&aacute;žen&iacute;m zdali je dan&yacute; keř&iacute;k dostatečně pevn&yacute;. Cel&aacute; oblast je velmi trnit&aacute; a zarostl&aacute;. &Aacute;čko t&eacute;měř nutnost&iacute; a reepka v&yacute;hodou.</p>\n',	'Na JV straně vyvázat 3 nepříliš vzrostlé stromy a vyvést na hranu podél malého keříku. 3+2 m spansetů na vyvázání a 5 m na vyvedení až k hraně. Dále backupnout k ostatním keříkům pomocí statik. Hrana se bortí a do lomu pak padají kameny. Pozor především ať neshodíte kámen na turisty, kteří se v lomu se vyskytují.\nLze napnout i o cca 5 m delší variantu.',	'Na SZ straně vede lajna do rohu lomu, který je o několik metrů níž. Je výhodné využít Áčko (cca 2,5 m vysoké) na zvednutí a stabilizování lajny dál od hrany. Kotvení za strom, který je schovaný až za křovím. 3 metry spansetů na obhození stromu a 5+4+2 na vyvedení k áčku. Opět lze backupnout ke keřům. Lajnu je zde možné uktovit i jinak ale žádná varianta asi není ideální, popřípadě se lze obejít i bez Áček.',	'Turban, Vlk a Stařec',	'2016-12-10',	NULL,	NULL,	217,	215,	216,	'Kdo si zapomene lžíci ten si jí musí vyrobit!',	5,	120),
(226,	0,	183,	'Požární poplach',	39,	25,	NULL,	NULL,	NULL,	NULL,	3,	NULL,	'<p>Prvn&iacute; hajlajna v lomu Pož&aacute;ry na konci Prokopsk&eacute;ho &uacute;dol&iacute;. Určen&aacute; sp&iacute;&scaron;e pro pokročil&eacute; lajnery.</p>\n\n<p>Parkov&aacute;n&iacute;: lze zajet až t&eacute;měř k lomu, ale pozor prvn&iacute; přes den otevřen&aacute; z&aacute;vora se večer skutečně zav&iacute;r&aacute;, tak raději parkovat před n&iacute;</p>\n\n<p>Kotven&iacute;: Nutn&yacute; počet spansetů je cca 20 m + statiky na backup.&nbsp;Cel&aacute; oblast je velmi trnit&aacute; a zarostl&aacute;. &Aacute;čko nutnost&iacute; a reepka v&yacute;hodou.</p>\n',	'Severní strana - Kotvení za strom. 6 m spansetů (2 m okolo stromu a 4 m přes Áčko)\n',	'Jižní strana - 13m spansetů - za výrazný strom vyvést okolo dvou menších stromů do strany a pak na hranu vedle keříku.',	'Turban a bůh',	'2016-11-27',	NULL,	NULL,	220,	218,	219,	'Když necháte auto v Požárech za zavřenou závorou vzniká poplach.',	5,	90),
(227,	0,	179,	'Mami to je sníh?',	90,	35,	NULL,	NULL,	NULL,	NULL,	3,	NULL,	'<p>Směr z Domečku do stěny kde je kotven&iacute; Krasu a za něj kotvit. Cca 12+ 3m spansetů, lano na slaněn&iacute;, 4 plakety.</p>\n',	'Strom + směrový nejt',	'3 nejty',	'Lukš a Uhlík',	'2017-03-05',	NULL,	NULL,	223,	221,	222,	'Dole pod lajnou je nasráno, z dálky to vypadá jako sníh. ',	25,	100),
(228,	0,	149,	'Minimax',	70,	7,	NULL,	NULL,	NULL,	NULL,	3,	NULL,	'<p>Supr tr&eacute;ningov&aacute; midlajna na z&aacute;padn&iacute;m c&iacute;pu &Scaron;tvanice. Rychl&yacute; natahov&aacute;n&iacute;. Nikdy nebyl probl&eacute;m se st&iacute;žnostma. Jen si d&aacute;vejte bacha na př&iacute;padn&yacute; cyklysty a chodce , p&aacute;č lajna jde přes cestu, ale jelikože je o 5m vedle druhej chodn&iacute;k, tak to nen&iacute; takovej probl&eacute;m. A band&aacute;že na č&aacute;st lajny, kter&aacute; je nad hranou n&aacute;plavky povinost&iacute;!!!</p>\n',	'Obhoz betonového podstavce turbíny. Cca 8m',	'Obhoz velkého stromu za cestou 3m',	'Uhlíček',	'2017-03-09',	NULL,	NULL,	226,	224,	225,	'je to sice minimálně nízko ale maximálně dlouhý v týhle oblasti =D',	5,	40),
(229,	0,	847,	'Chladný špek',	35,	12,	NULL,	NULL,	NULL,	NULL,	4,	NULL,	'<p>docela pěkn&aacute; urban lajnička&nbsp;mezi dvěma nevyuž&iacute;van&yacute;mi mosty za Trojhal&iacute;m, tolerov&aacute;n&aacute; hl&iacute;dačema i PČR</p>\n',	'Protější zábradlí či obhoz celého mostu pokud nevěříš',	'Železniční most',	'zelenyjan',	'2017-03-27',	NULL,	NULL,	229,	227,	228,	'chladný špek netřeba víc vysvětlovat. byla zima a špek.',	1,	30),
(230,	0,	848,	'Sardinky ve vodě',	33,	17,	NULL,	NULL,	NULL,	NULL,	2,	NULL,	'<p>Lajna je v b&yacute;val&eacute;m dole V Doub&iacute; (49.8704989N, 14.5360247E), je to kousek od lomu Prosečnice. Cestou po červen&eacute;, po př&iacute;chodu a křižov&aacute;n&iacute; uhnout doprava, pak hned zase doleva. Po chvili bude nalevo obora. Pokud půjde&scaron; pod&eacute;l obory, doraz&iacute;&scaron; dolů do dolu. Takže to vem zprava někam nahoru a nějak to natref&iacute;&scaron;, žejo.</p>\n',	'Strana na polici mezi dolama. Vyvázali jsme tři stromy (foto) a vyvedli těsně za hranu. Odsedky padaly, drželo to, i když nemají hluboké kořeny. Cca 18 m spansetů.\nSpansetů je tam kotel, ale kotvení na týhle straně ještě musíme vychytat.',	'Na polici u cesty Sílou vola, nalevo od Morávkovy stěny. Slanit za strom, 30 m lana vystačí až na zem. Případně se dá krkolomě slézt a vylézt roklinkou shora.\nNavrtáno 3x 12 mm na polici, matky a podložky jsme tam nechali. 3m spanset vyjde hezky na hranu.',	'Vlk, Dawid',	'2017-04-17',	NULL,	NULL,	232,	230,	231,	'Měli jsme sardinky a dost pršelo. ',	15,	0),
(231,	0,	179,	'LSD',	50,	10,	NULL,	NULL,	NULL,	NULL,	2,	NULL,	'<p>Pravděpodobně se stav&iacute; policie.</p>\n',	'Obhoz podstavce sochy',	'Obhoz zábradlí u lampy. ',	'Lukš a Uhlík',	'2017-04-05',	NULL,	NULL,	334,	332,	333,	'',	5,	40),
(232,	0,	850,	'Matilda',	22,	8,	NULL,	NULL,	NULL,	NULL,	5,	NULL,	'<p>Rychl&aacute; lajnička nad trat&iacute;. Kr&aacute;sn&eacute; m&iacute;sto s kamenn&yacute;m mostem přes čerstvě prok&aacute;cen&yacute; a vyči&scaron;těn&yacute; traťov&yacute; průsmyk. Snadn&eacute; parkov&aacute;n&iacute; na dohled na hlavn&iacute; silnici z Jilemnice do Harrachova - odbočka vpravo hned za železničn&iacute;m mostem. Pak přes most k lajně 300m. Nap&iacute;n&aacute;n&iacute; strom - strom, přes dva statn&eacute; smrky.</p>\n',	'Strom, 2m spanset',	'Strom, 2m spanset',	'HanZ',	'2017-04-05',	NULL,	NULL,	235,	233,	234,	'https://www.youtube.com/watch?v=Q06wFUi5OM8',	3,	30),
(233,	0,	179,	'Projektor',	75,	20,	NULL,	NULL,	NULL,	NULL,	3,	NULL,	'<p>CCa 4 + 10 spansetů.&nbsp;</p>\n',	'Strom',	'Obhoz',	'Adam Zeman, Petr Voříšek, Peet',	'2016-03-01',	NULL,	NULL,	331,	329,	330,	'Dlouhodobý projekt beze jemnéna - Projekt - Projektor',	10,	40),
(234,	0,	848,	'Překrk',	50,	35,	NULL,	NULL,	NULL,	NULL,	3,	NULL,	'<table>\n	<tbody>\n		<tr>\n			<td>\n			<p>Lajna je v b&yacute;val&eacute;m dole V Doub&iacute; (49.8704989N, 14.5360247E), je to kousek od lomu Prosečnice. Cestou po červen&eacute;, po př&iacute;chodu a křižov&aacute;n&iacute; uhnout doprava, pak hned zase doleva. Po chvili bude nalevo obora. Pokud půjde&scaron; pod&eacute;l obory, doraz&iacute;&scaron; dolů do dolu. Takže to vem zprava někam nahoru a nějak to natref&iacute;&scaron;, žejo.</p>\n			</td>\n		</tr>\n		<tr>\n		</tr>\n	</tbody>\n</table>\n',	'Nad vysokou stěnou za velký strom (foto), vytáhnout na hranu a podhodit pod kamenem na hraně, tím se dostaneš na úroveň protější strany, oddálíš od hrany. Potřeba dobře obandážovat a připravit předem, nedá se k tomu pak dostat. POZOR! Hrana je navětralá a padá z ní kamení dolů, kde se může lézt. Tak opatrně.',	'Prostřední strana lomu, kotvení nad HL: Orlí hnízdo. Za dva stromy (foto), spansety 3+3 ke hraně, dobrý přístup.',	'Vlk, Dawid',	'2017-04-17',	NULL,	NULL,	238,	236,	237,	'Ultimátní ozvěna při pivním krku. Pracovní název: Přespolní krk.',	15,	0),
(235,	0,	179,	'Nestabilní podloží',	75,	30,	NULL,	NULL,	NULL,	NULL,	3,	NULL,	'<p>Lom nad Srbskem. Lajna vede v jeho zadn&iacute; č&aacute;sti. Jeden strom ve svahu a st&aacute;hnout o druh&yacute; a přes propast na hranu - tam je možnost&iacute; k ukotven&iacute; v&iacute;ce - stromy.&nbsp;</p>\n',	'Strom',	'Strom',	'Lukš + Uhlík',	'2017-04-22',	NULL,	NULL,	322,	320,	321,	'',	25,	60),
(236,	0,	852,	'Midnigh train',	25,	9,	NULL,	NULL,	NULL,	NULL,	0,	NULL,	'<p>https://mapy.cz/letecka?planovani-trasy&amp;x=14.7642779&amp;y=49.0097046&amp;z=19&amp;rc=9h.oVxSpupKJQp&amp;rs=coor&amp;rs=coor&amp;ri=&amp;ri=&amp;mrp=%7B%22c%22%3A1%2C%22tt%22%3A1%7D&amp;mrp=%7B%22c%22%3A1%2C%22tt%22%3A1%7D&amp;rt=&amp;rt= Přesn&eacute; m&iacute;sto na map&aacute;ch, nach&aacute;z&iacute; se mezi dvema mosty na v&yacute;padovce na Jindřichuv Hradec</p>\n',	'2 spansety ',	'2 spansety',	'Jirka Málek',	'2017-04-22',	NULL,	NULL,	328,	326,	327,	'první high/mid line v Třeboni',	5,	90),
(237,	0,	179,	'Zombie krtek !!!',	70,	30,	NULL,	NULL,	NULL,	NULL,	2,	NULL,	'<p>Kotven&iacute; an jedn&eacute; starně stehjn&eacute; jako HL &quot;nestabiln&iacute; podlož&iacute;&quot; tj strom a o druhej ohnout. Druh&aacute; strana bř&iacute;zka a jin&yacute; men&scaron;&iacute; stromek, společně vyv&aacute;zat.&nbsp;</p>\n',	'2 stromy',	'1 strom + strom',	'Lukš',	'2017-05-01',	NULL,	NULL,	325,	323,	324,	'Na místě byli jeskyňáři - krtci, a pak sem našel lebku Kozy - zombie.',	25,	40),
(238,	0,	179,	'140 Z leva Z prava',	155,	30,	NULL,	NULL,	NULL,	NULL,	2,	NULL,	'',	'Strom',	'strom',	'Lukš, Mišo, Voříšek',	'2017-05-03',	NULL,	NULL,	319,	317,	318,	'Nejdřív jsem si myslel že je to 140m dlouhé - název dle písničky - Smack: 140. ',	25,	50),
(239,	0,	852,	'TAKRAF',	25,	15,	NULL,	NULL,	NULL,	NULL,	3,	NULL,	'<p>v nebliž&scaron;&iacute; době bude navrtan&aacute;.&nbsp;https://mapy.cz/zakladni?planovani-trasy&amp;x=15.3790864&amp;y=49.2114711&amp;z=15&amp;base=ophoto&amp;rc=9im-sxTzuB&amp;rs=coor&amp;rs=&amp;ri=&amp;ri=&amp;mrp=%7B%22c%22%3A1%2C%22tt%22%3A1%7D&amp;mrp=&amp;rt=&amp;rt= Lajna se nach&aacute;z&iacute; v lomu Řasn&aacute;, pobl&iacute;ž zř&iacute;ceniny hradu &Scaron;tamberk</p>\n',	'TAKRAF',	'strom plus dalsi dva o dvacet metru dál',	'Zbyšek a Jirka',	'2017-06-18',	NULL,	NULL,	316,	314,	315,	'viz foto',	5,	0),
(240,	0,	852,	'Protože bagr',	48,	15,	NULL,	NULL,	NULL,	NULL,	4,	NULL,	'<p>v nebliž&scaron;&iacute; době bude navrtan&aacute;.&nbsp;https://mapy.cz/zakladni?planovani-trasy&amp;x=15.3790864&amp;y=49.2114711&amp;z=15&amp;base=ophoto&amp;rc=9im-sxTzuB&amp;rs=coor&amp;rs=&amp;ri=&amp;ri=&amp;mrp=%7B%22c%22%3A1%2C%22tt%22%3A1%7D&amp;mrp=&amp;rt=&amp;rt= Lajna se nach&aacute;z&iacute; v lomu Řasn&aacute;, pobl&iacute;ž zř&iacute;ceniny hradu &Scaron;tamberk</p>\n',	'TAKRAF',	'Borovička plus další dvě o deset metru dál',	'Jirka a Zbyšek',	'2017-06-10',	NULL,	NULL,	313,	311,	312,	'',	5,	0),
(241,	0,	179,	'Bechyňská duha - long',	84,	15,	NULL,	NULL,	NULL,	NULL,	4,	NULL,	'<p>Nejdel&scaron;&iacute; ale z&aacute;roveň nejniž&scaron;&iacute; směr na mostě zvan&eacute;m Duha v Bechyni. Kotven&iacute; za nejniž&scaron;&iacute; pč&iacute;čn&yacute; sloup. Na ten se člověk nejl&eacute;pe dostane přehozen&iacute;m lana a vyjumarov&aacute;n&iacute;m.&nbsp;</p>\n',	'Obhoz příčného pilíře.',	'obhoz příčného pilíře.',	'Lukš, Mišo, Jirka, Zbyňda,Trip',	'2017-07-17',	NULL,	NULL,	310,	308,	309,	'Podle názvu mostu.',	3,	150),
(242,	0,	183,	'Skloněná',	150,	30,	NULL,	NULL,	NULL,	NULL,	3,	NULL,	'<p>Pěkn&aacute; lajna nad lomem Homol&aacute;k, kter&yacute; je pobl&iacute;ž Prahy.</p>\n\n<hr />\n<p>Př&iacute;jezdov&aacute; cesta: Za st&aacute;vaj&iacute;c&iacute;ch okolnost&iacute; lze přijet autem až t&eacute;měř ke kotven&iacute;. Po silnici z vesnice Měňany odboč&iacute;me doleva na Suchomasty. Pot&eacute; je odbočka vpravo (poln&iacute; cesta se z&aacute;vorou). Cca po 100 metrech je otevřen&yacute; sjezd na pole. Zde dojet až ke sloupu od el. veden&iacute;. Odtud po cestě směrem k lesu. Je vhodn&eacute; použ&iacute;t repku a&nbsp; umět plavat.</p>\n\n<p>Netahat v ru&scaron;n&eacute; koupac&iacute; sezoně!!!</p>\n\n<p>Svah se na obou stran&aacute;ch bort&iacute; a velk&eacute; kameny padaj&iacute; na cestu po kter&eacute; chod&iacute; množstv&iacute; lid&iacute;.&nbsp;</p>\n',	'Kotvení na SV straně za významný dub (buk). Cca 5 m spansetů. Možnost bekapu za přilehlé stromy.',	'Kotvení na JZ straně za borovici daleko za hranou. Cca 21 m spansetů a něco na vyvázání k menší borovičce.\nDoporučuji nekotvit za velkou borovici hned na hraně. Celý sráz je velmi rozrušený.  ',	'Turban, Bůh',	'2017-10-05',	NULL,	NULL,	244,	242,	243,	'Hajlajna je dost z kopce. Cca o 5 metrů.',	3,	120),
(243,	0,	179,	'Královská disciplína',	100,	30,	NULL,	NULL,	NULL,	NULL,	4,	NULL,	'',	'Obhoz',	'Obhoz',	'Malafa, Tom',	'2017-08-22',	NULL,	NULL,	307,	305,	306,	'Lajna vede na věž Král',	20,	300),
(244,	0,	179,	'ACAB, chudák Zapadlo',	60,	15,	NULL,	NULL,	NULL,	NULL,	1,	NULL,	'',	'strom',	'strom',	'Luky, Tom, Jirka na projektu Fi',	'2017-11-18',	NULL,	NULL,	304,	302,	303,	'Vyhodili nás policajti a Zapadlo si nepochodil :/',	5,	45),
(245,	0,	179,	'John F. Kennedy',	80,	40,	NULL,	NULL,	NULL,	NULL,	2,	NULL,	'<p>N&aacute;ročn&eacute; přetahov&aacute;n&iacute;. Ku&scaron;, dron ... v&yacute;hodou.</p>\r\n',	'strom',	'strom',	'Luky a Adam',	'2017-10-14',	NULL,	NULL,	301,	299,	300,	'Dle prezidenta',	20,	120),
(246,	0,	179,	'PROJEKT 230M',	230,	90,	NULL,	NULL,	NULL,	NULL,	3,	NULL,	'<p>Čern&yacute; důl&nbsp;</p>\n',	'Strom',	'Strom',	'Tom Valenta a Luky s Prckem',	'2017-10-12',	NULL,	NULL,	416,	414,	415,	'',	5,	180),
(247,	0,	179,	'PROJEKT 190M',	190,	40,	NULL,	NULL,	NULL,	NULL,	3,	NULL,	'',	'strom',	'strom',	'Luky a Tom',	'2017-10-28',	NULL,	NULL,	419,	417,	418,	'',	20,	200),
(248,	0,	179,	'Agustín Cosme Damián de Iturbi',	55,	50,	NULL,	NULL,	NULL,	NULL,	2,	NULL,	'',	'strom',	'strom',	'Luky a Tom',	'2017-10-22',	NULL,	NULL,	298,	296,	297,	'Dle Mexického presidenta',	20,	90),
(249,	0,	180,	'Projekt 135',	135,	60,	NULL,	NULL,	NULL,	NULL,	5,	NULL,	'<p>Super projekt pod vyhl&iacute;dkou M&aacute;j. Jedna strana sp&iacute;&scaron;e ve svahu, druh&aacute; pěkně na ostroh. Skvěl&yacute; prostřed&iacute;, překvapivě vysok&aacute; lajna.&nbsp;</p>\n',	'Strana pod vyhlídkou: 49.83138N 14.45542E. Vyvázaný strom, vyvedeno k hraně, chyceno ke stromu. Možnost vyvést ze dvou bodů, a chytit k tomu samému stromu. cca 20 m spansetů',	'Evidentní ostroh nalevo pod vyhlídkou. 49.83072N 14.45384E. Kotvení za strom, vyvést na hranu ostrohu. cca 12m spansetů. 3 m spanset navíc k zafixování na hraně',	'Saša a Tom Lustyk',	'2017-11-18',	NULL,	NULL,	247,	245,	246,	'',	15,	120),
(250,	0,	865,	'Hell Hypnosis',	45,	68,	NULL,	NULL,	NULL,	NULL,	0,	NULL,	'<p>je zapotřeb&iacute; dron a nebo olympionik v hodu&nbsp;gran&aacute;tem. vysok&yacute;&nbsp;exhibicni faktor.</p>\n',	'strom, 2,5m spanset',	'strom, 2,5m spanset',	'Pavel Zahradnik/Dalibor Stepek',	'2018-02-03',	NULL,	NULL,	250,	248,	249,	'',	15,	120),
(251,	0,	183,	'Fundamentální kámen',	86,	25,	NULL,	NULL,	NULL,	NULL,	3,	NULL,	'<p>Posledn&iacute; z projektů v lomech Pož&aacute;ry. Směr pěkn&yacute;, ale vyžaduj&iacute;c&iacute; cca 45m spansetů.&nbsp;</p>\n\n<p>Přetahov&aacute;n&iacute;: lze hodit reepku z jižn&iacute; strany a dole spojit.&nbsp;</p>\n\n<p>Př&iacute;stup: busem z Řeporyjsk&eacute;ho n&aacute;měst&iacute; a odtud pě&scaron;ky (1 km). Popř&iacute;padě lze dojet po rozbit&eacute; cestě až k lomu.</p>\n\n<p><strong>POZOR!</strong> Na severn&iacute; straně je kotven&iacute; př&iacute;mo nad v&yacute;stupem ze &scaron;toly (kter&aacute; nen&iacute; moc vidět), kterou chod&iacute; do lomu turisti. Hořej&scaron;ek plotny je &uacute;plně rozsypanej a kameny&nbsp;padaj&iacute; turistům př&iacute;mo za krk a to nechce&scaron;!&nbsp;Ře&scaron;en&iacute;m by bylo posnunout kotven&iacute; doprava (z druh&eacute; strany okolo keře) cca o 3m a tak nebudou kameny padat př&iacute;mo na v&yacute;chod ze &scaron;toly. Popř&iacute;padě provizorně zahradit &scaron;tolu (policejn&iacute; p&aacute;ska?)</p>\n\n<p><em>Fotky v galerii i s popisem.</em></p>\n\n<p>&nbsp;</p>\n',	'Severní strana (ta na plotně): kotvení za strom, který je cca 20m od hrany, což je trochu voprc. Tzn obhození stromu a 22m spansetů vyvést na hranu. Pozor svah se sype a padá!',	'Jžní strana se kotví za všechny křoví co lze najít na druhé straně (my jsme kotvili za 3 stromky. Vyvést okolo stromu přímo na hraně. Lépe nekotvit přímo za něj je dost blízko rozpadající se hraně.',	'Turban, Ivos, Tomas',	'2018-03-21',	NULL,	NULL,	253,	251,	252,	'Bez hlubší logiky. Padaj kameny.',	15,	120),
(255,	0,	183,	'Leonard Euler',	201,	35,	NULL,	NULL,	NULL,	NULL,	3,	NULL,	'<p>Druh&yacute; a del&scaron;&iacute; směr nad Homol&aacute;kem. Pravděpodobně lep&scaron;&iacute; než 150. Je v&iacute;ce v rovině a svah pod v&yacute;chodn&iacute;m kotven&iacute;m se tak nesype.</p>\n\n<p>Př&iacute;jezd. Parkovat lze na mal&eacute; loučce (viz mapa). Odtud cca 5 minut po lesn&iacute; pě&scaron;ině. Pot&eacute; co se mine posed a začne klesat se po lev&eacute; straně objev&iacute; Homol&aacute;k a u cedule z&aacute;kaz vstupu je kotven&iacute;.</p>\n\n<p>Ke spojen&iacute; postač&iacute; dvě 100m reepky. Homol&aacute;k jde obej&iacute;t z jihu. Hodit reepku&nbsp;z v&yacute;chodn&iacute;ho kotven&iacute; a obch&aacute;zet Homol&aacute;k po pě&scaron;ině. Pot&eacute; přit&aacute;hnout lajnu vodou&nbsp;k z&aacute;padn&iacute;mu břehu Hom. a hodit reepku z druh&eacute; strany. Easy.</p>\n\n<p>&nbsp;V&nbsp;letn&iacute; sez&oacute;ně je lom pln&yacute; k prasknut&iacute;, což může komplikovat natažen&iacute;.</p>\n\n<p>Fotky v galerii i s popisem.</p>\n',	'Východní kotvení je na srázu u cedule se zákazem vstupu (v místech kde je pěšina nejblíže srázu). Zde několik vzrostlejších keříků. Většina však suchá. My jsme vyvázali dva a spanety na kraji vyvedli přes větev stromu na hraně tak aby se kotvení lehce zvedlo. Cca 8m spansetu\nBackup přes cestu (min 10m). Pozor po cestě jezdí lesák a motorkáři (docela často), tak ji asi nezahrazovat...',	'Západní kotvení za borovici daleko za hranou. Cca 21 m spansetů. Doporučuji nekotvit za velkou borovici hned na hraně. Celý sráz se sype.',	'Turban, Bůh, Anča, Oříšek a Krutor z Jilemnice',	'2018-04-21',	NULL,	NULL,	283,	281,	282,	'Euler je považován za nejlepšího matematika 18. století a za jednoho z nejlepších matematiků vůbec. Je po něm pojmenováno více než 40 matematickofyzikálních jevů a nyní i highlajna (významná).',	5,	150),
(256,	0,	868,	'Máma to viděla',	25,	10,	NULL,	NULL,	NULL,	NULL,	3,	NULL,	'<p>Zachumlan&aacute; v lese a čase...</p>\n',	'Napínání na skále. Vyvázat statikou 3 silnější borovice (cca 30m statiky). Hodí se karimatka nebo bandáže pro podložení na hraně a šutru.',	'Statnou břízu zavázat u kmene a vyvést nahoru přes břízu ve směru.',	'Petr Panoška',	'2020-01-08',	NULL,	NULL,	286,	284,	285,	'Když napnete lajnu za domem, možná přijde i máma.',	15,	60),
(257,	0,	870,	'Horymír',	70,	15,	NULL,	NULL,	NULL,	NULL,	5,	NULL,	'<p>HL</p>\n',	'Véčkem za dva stromy, přes chodník, ohnout přes zábradlí. cca 12m spansetu',	' Obhoz krajní věžičky, cca 6m spansetu',	'Ondra Málek, Fíďa',	'2020-04-16',	NULL,	NULL,	289,	287,	288,	'Šemík potřeboval souputníka',	10,	30),
(258,	0,	873,	'Pečbuřťácká',	26,	7,	NULL,	NULL,	NULL,	NULL,	0,	NULL,	'<p>Kr&aacute;tk&aacute; lajna přes zatopen&yacute; lom.</p>\n',	'Statnější strom u hrany.',	'Obhodit kamen, nebo strom a vyvést přes stromek ve směru (cca 1m)',	'',	'2020-05-16',	NULL,	NULL,	292,	290,	291,	'',	3,	60),
(259,	0,	228,	'Permanentní plechový pinďour',	78,	12,	NULL,	NULL,	NULL,	NULL,	2,	NULL,	'<p>MIDKA</p>\n\n<p>SUMO s Drakem</p>\n\n<p>Lajna je napnut&aacute; celoročně backup sp&iacute;&scaron; pro pocit.</p>\n\n<p>Kdybys chtěl přijet volej nebo pi&scaron;.</p>\n\n<p><strong>!!!Každop&aacute;dně na vlastn&iacute; nebezpeč&iacute;!!!</strong></p>\n',	'Strom  ',	'Strom ',	'Plech, Pinďa s pomocí Ondry Málka',	'2019-06-03',	NULL,	NULL,	295,	293,	294,	'Radši ne :D',	5,	0),
(261,	0,	868,	'Sluníčko',	55,	50,	NULL,	NULL,	NULL,	NULL,	4,	NULL,	'<p>Poprv&eacute;&nbsp;lajnu tahali&nbsp;Luky Čern&yacute;,&nbsp;Danny, Voř&iacute;&scaron;ek&nbsp;a Anička&nbsp;v roce 2015.</p>\n\n<p>Tahle lajna je i mezi TOP 10:&nbsp;<a href=\"http://stara.emontana.cz/top-10-highline-cesko/\">http://stara.emontana.cz/top-10-highline-cesko/</a></p>\n\n<p>Taky se mrkni na tohle video z přechodu:&nbsp;<a href=\"https://www.youtube.com/watch?v=FY9c_vIHUIo\">https://www.youtube.com/watch?v=FY9c_vIHUIo</a></p>\n',	'2 x 3m spanset za dobíráky.',	'2m + 3m spanset za dobíráky.',	'Luky Černý, Danny, Voříšek a Anička',	'2015-07-08',	NULL,	NULL,	425,	423,	424,	'Dle slov Lukyho Č. : \"Název Sluníčko dle výsmahu který jsme s Dannym na Kapelníkovi zažili.\"',	30,	120),
(262,	0,	868,	'Země, vzduch, oheň, voda',	58,	25,	NULL,	NULL,	NULL,	NULL,	3,	NULL,	'<p>Anička si tuhle lajničku vyhl&iacute;dla a napl&aacute;novala jej&iacute; napnut&iacute; na křest sv&eacute; kn&iacute;žky &quot;Od slackline k tich&eacute; radosti&quot;. Lajna vede hned vedle cesty, takže&nbsp;je suprově př&iacute;stupn&aacute; a div&aacute;cky atraktivn&iacute;.</p>\n',	'Cca 7m spansetu. Kotvit za borovici a vysměrovat za břízu. \nBackup za jednu z několika borovic kolem.',	'Cca 10m spansetu. Kotvit za borovici na masivu a vyvést do levé (těsnější) spáry na věži. Uzlík spojení spansetů nedávat do spáry. Po zatížení se spanset trochu zakousne, ale vyndat jde. Je lepší mít spanset v hadici a do spáry ho urovnat bez překrutů.\nBackup za strom na cestě.',	'Anče, Pája Kratochvíl, Vojta Štursa, Petr Panoška',	'2020-06-20',	NULL,	NULL,	428,	426,	427,	'Anička pokřtila svojí knížku všemi 4 elementy.',	15,	90),
(263,	0,	868,	'Stromy k zemi',	56,	25,	NULL,	NULL,	NULL,	NULL,	3,	NULL,	'<p>Nejv&iacute;c vystrčen&yacute; směr v &uacute;dol&iacute;čku před rybn&iacute;kem. Př&iacute;stup z turistick&eacute; cesty, odbočit u info tabule.</p>\n',	'Za borovici a zvednout do směru přes borovici u keře.',	'Za 1 ze 2 silněších borovic a vyvést na borovici úplně na hraně.',	'',	NULL,	NULL,	NULL,	433,	431,	432,	'',	20,	90),
(264,	0,	868,	'Malý bůh Barnabáš',	130,	40,	NULL,	NULL,	NULL,	NULL,	3,	NULL,	'',	'3 x 10mm nýt',	'3 x 10mm nýt',	'Lukáš Černý, Mišo Pírek',	'2019-10-24',	NULL,	NULL,	436,	434,	435,	'Na počest narození Sašova a Míši druhého dítěte Barnabáše.',	30,	120),
(265,	0,	868,	'Shining downstairs fish',	24,	28,	NULL,	NULL,	NULL,	NULL,	2,	NULL,	'<p>V&iacute;c info v čl&aacute;nku:&nbsp;<a href=\"http://g4gproject.blogspot.com/2012/08/hned-mi-bylo-jasne-ze-nemuzeme-nikam.html\" target=\"_blank\">http://g4gproject.blogspot.com/2012/08/hned-mi-bylo-jasne-ze-nemuzeme-nikam.html</a></p>\n',	'Kotvit za vzdálenější strom ve směru, zvednout přes strom na kraji. Cca 8m spansetu. Backup ze jeden ze stromů.',	'Strom, 2m spanset. Backup za vzdálenější strom.',	'Faith Dickey, Jelena Schardi, Ančee (G4G team)',	'2012-07-01',	NULL,	NULL,	441,	439,	440,	'',	15,	45),
(266,	0,	868,	'Uhneš klíči, uhneš míči',	65,	25,	NULL,	NULL,	NULL,	NULL,	2,	NULL,	'',	'',	'',	'',	NULL,	NULL,	NULL,	444,	442,	443,	'',	15,	45),
(267,	0,	868,	'Vodní lama',	45,	10,	NULL,	NULL,	NULL,	NULL,	2,	NULL,	'<p>Lehce př&iacute;stupn&aacute; midlajna nad vodou v lomu Pětka nedaleko Lipnice nad S&aacute;zavou.</p>\n',	'Borovice, cca 4m spansetu. Backup jeden ze stromů poblíž, cca 5m.',	'Za silnější borovici ve svahu. Cca 4m spansetu, protáhnout nebo vysměrovat přes břízu ve směru. Backup bříza nebo vedlejší borovice.',	'Vojta Čermák, Pája Kratochvíl, Anet Bučková, Hugo Vlach, Petr Panoška',	'2020-08-08',	NULL,	NULL,	447,	445,	446,	'Doprovázela nás nafukovací lama.',	15,	60),
(268,	0,	870,	'Mňamka',	150,	50,	NULL,	NULL,	NULL,	NULL,	4,	NULL,	'',	'Obhoz, kámen. 8m spansetu cca',	'Strom + strom(áčko). cca 10m spansetu.',	'Ondra, Jean, Káťa',	'2020-11-25',	NULL,	NULL,	452,	450,	451,	'poprvé napnutá na Candy. (možná i první hl vůbec na tomhle popruhu?)',	10,	90),
(269,	0,	883,	'Meet the cactus',	30,	20,	NULL,	NULL,	NULL,	NULL,	3,	NULL,	'<p>Lajna nad lezeckou oblast&iacute; v Aricu, hned u parkovi&scaron;tě.</p>\n',	'Z parkoviště přes křoví na polici vedle jediné břízy (slézt cca 1m) - 3 nýty',	'Obejít přes most a podél vodojemu, přes kaktus (neberte si kraťasy :D) slézt cca 2m na polici, nebo vylézt lehké 6b na polici - 3 nýty, jedna erární plaketa.',	'Wojtek Dopierała',	'2015-01-01',	NULL,	NULL,	455,	453,	454,	'Poznáš při napínání!',	5,	60),
(270,	0,	889,	'Vlhký Labužník',	19,	7,	NULL,	NULL,	NULL,	NULL,	4,	NULL,	'',	'Strom u zábradlí, kotvit u prvního rozdvojení stromu. 2m + 4m na vylezení nahoru. ',	'Strom u patníku, 2m spanset ve výšce ramen, když se stojí na patníku.',	'Aneta, Hugo, Lenka, Jana',	'2021-01-09',	NULL,	NULL,	460,	458,	459,	'Napínala crew highlinových labužníků, kterým v Botičském potůčku skoro uplavaly cajky (čepička a termo-kalich).',	1,	30),
(271,	0,	868,	'Až uvidíš ty spansety, tak se posereš!',	50,	8,	NULL,	NULL,	NULL,	NULL,	1,	NULL,	'<p>Lajna, kter&aacute; je fajn sp&iacute;&scaron; na hamakovou seanci při z&aacute;padu slunce. Bude&scaron; potřebovat v&iacute;c metrů spansetů než je d&eacute;lka směru, A-frame na obou stran&aacute;ch a v r&aacute;mci bezpečnosti to ř&aacute;dně narvat. Nejkrat&scaron;&iacute; možn&yacute; směr v oblasti.</p>\n',	'Spojit strom o patro níž se dvěma silnějšími stromky na vrcholu. Na vzniklé \"véčko\" napojit spanset metodou Sliding-X a vyvést skrz A-frame na hranu. Celkově 34 + 2 m spansetu. Spansety opřené o skálu dobře zabandážovat na hranách. Backup za silnější strom na vrcholu, cca 10m.',	'Za silný strom o patro níž a vyvést přes hranu ve směru. Na kraji zvednout přes A-frame. Cca 23m spansetu. Je potřeba zabandážovat na hraně a dát pozor, hrana se dost drolí. Backup za silnější křovíčko, cca 10m.',	'Kačka Zíková, Pavel Kratochvíl, Martin Donát, Petr Panoška',	'2021-03-06',	NULL,	NULL,	463,	461,	462,	'Napni to a uvidíš!',	5,	90),
(272,	0,	868,	'Projekt 100',	100,	20,	NULL,	NULL,	NULL,	NULL,	3,	NULL,	'',	'Zavázat u kmene strom blíž ke skále a vyvést přes strom ve směru (5m spanset). Backup za \"opírací\" strom.',	'Za strom u začátku cestičky (4m) a vyvést podél země přes břízu, na které zafixovat výšku. Backup za stejnou břízu nebo stromy kolem.',	'Petr Panoška',	'2019-07-05',	NULL,	NULL,	466,	464,	465,	'',	5,	30),
(273,	0,	868,	'Dřevorubec',	35,	10,	NULL,	NULL,	NULL,	NULL,	2,	NULL,	'<p>Kr&aacute;sně schovan&aacute; a lehce napnuteln&aacute;. Lajna se nach&aacute;z&iacute; v prostoru Motyč&iacute;nsk&eacute; sk&aacute;ly, kde dř&iacute;ve prob&iacute;hala těžba p&iacute;skovce. Ofici&aacute;lně je sem vstup zak&aacute;z&aacute;n z důvodu eroze. Pohyb po cestičce u okraje sk&aacute;ly raději omezit.</p>\n',	'Strom 1m spanset, backup za strom hned vedle.',	'Borovice 1m spanset, zavázat ideálně ve 3m (dá se tam vyškrábat pomocí vedlejšího stromu). Backup za strom hned vedle.',	'Martin Donát, Petr Panoška',	'2021-03-19',	NULL,	NULL,	469,	467,	468,	'Někdy je potřeba zbavit les mrtvého dřeva a někdy zase místo pro nový směr.',	5,	30),
(274,	0,	868,	'Projekt 85',	85,	15,	NULL,	NULL,	NULL,	NULL,	0,	NULL,	'',	'',	'',	'',	NULL,	NULL,	NULL,	472,	470,	471,	'',	5,	60),
(275,	0,	868,	'3 metry Sherwoodu',	20,	10,	NULL,	NULL,	NULL,	NULL,	1,	NULL,	'<p>Pravděpodobně se jedn&aacute; se o &quot;nejm&iacute;ň hezkou&quot; lajnu v oblasti.</p>\n',	'Borovice 1m spanset, backup za strom vedle',	'Borovice 1m spanset, backup za strom vedle',	'Petr Panoška, Martin Šimůnek',	'2021-03-28',	NULL,	NULL,	475,	473,	474,	'Švermov, část Kladna kde se lajna nachází, získal přízvisko Sherwood. Legenda praví, že v sherwoodském lese nebylo vždy úplně bezpečno. Podobně je tomu i na této lajně...',	5,	20),
(276,	0,	868,	'Zamávej strojvedoucímu',	50,	15,	NULL,	NULL,	NULL,	NULL,	3,	NULL,	'<p>Lajnička v m&iacute;stě, kde jsem se nem&aacute;lo nachodil, najezdil vlakem a kam se vždy r&aacute;d vrac&iacute;m. Mor&aacute;lověj&scaron;&iacute; lajna pro milovn&iacute;ky vlaků. Každop&aacute;dně, mělo by to b&yacute;t dost vysoko.</p>\n',	'Severni svah nabizi hodne statnych stromu, za ktere lze kotvit i backupnout. Na hrane staci vyvest a zvednout pres dalsi smrk. Cca 10m.',	'Zel bohu, druha strana v den napinani velmi proridla a zbyl prakticky jediny zdravy a statny smrcek, za ktery slo kotvit. O zbytek se museli postarat drevorubci po kurovcim naletu... Backup za parez opodal, popr. mensi stromky vedle. Cca 5m.',	'Petr Panoška, Prokop Schmid, Káťa Bambasová, Vojta Čermák',	'2021-05-30',	NULL,	NULL,	478,	476,	477,	'Co udelas, kdyz se ti k noham blizi mala motorova lokalka? Otocis se do expozice, usmejes se a udelas strojvedoucimu lepsi den. Zustanes vsak pri tom dostatecne vysoko... :-)',	5,	30),
(277,	0,	868,	'Zpátky ke kořenům',	15,	10,	NULL,	NULL,	NULL,	NULL,	1,	NULL,	'<p>Pozor při sestupu na obou stran&aacute;ch, někter&eacute; vzdu&scaron;n&eacute; kořeny jsou slab&eacute; a kraje se sypou. Pařez vypad&aacute;, že se každou chv&iacute;l&iacute; rozpadne, ale drž&iacute;!</p>\n',	'Za borovici a vyvést k bříze ve stěně. Provléct skrz silnější kořeny tak, aby spanset vyšel ven těsně nad kmenem břízy. 5m spanset. Backup za vedlejší strom.',	'Za borovici a vyvést k pařezu na kraji. Provléct skrz \"nejživější\" část pařezu. 6 m spanset. Backup za vedlejší strom.',	'Petr Panoška, David Novotný',	'2021-04-02',	NULL,	NULL,	481,	479,	480,	'Na týhle lajně zjistíš, jak důležitý je mít tuhý kořínek. Lajna též známa pod názvem \"Kořenová bába\" nebo \"Ani to nezapraskalo\".',	5,	30),
(278,	0,	905,	'CVOK',	50,	15,	NULL,	NULL,	NULL,	NULL,	3,	NULL,	'<p>Lehce natažiteln&aacute; lajna, d&aacute; se shodit z bodu 1 a k borovici na druh&eacute; straně vyt&aacute;hnout &quot;kom&iacute;nem&quot;. Na jižn&iacute;m konci je&nbsp;cca 8m od konce lajny&nbsp;smrk&nbsp;vcelku bl&iacute;zko lajně, je dobr&yacute; vyv&aacute;zat kotven&iacute; bodu 1 k such&yacute;mu stromu, aby od něj lajna vedla d&aacute;l a vy se u něj neb&aacute;li padat. Spansety 2x3m bod 1, 3m bod 2.</p>\n',	'strom + suchý strom (pro vyvázání aby šla lajna přesně mezi dva smrky, co rostou zdola)',	'výrazná borovice',	'Matěj Tobiáš, Kuba Kácha',	'2021-04-25',	NULL,	NULL,	484,	482,	483,	'kdo ví, je šťasten',	45,	30),
(279,	0,	905,	'Bakalářka v piči',	23,	10,	NULL,	NULL,	NULL,	NULL,	3,	NULL,	'<p>Lajna v horn&iacute; č&aacute;sti lomu pod Žulov&yacute;m vrchem. D&aacute; se chodit v podstatě cel&aacute;, neb sk&aacute;la pad&aacute; hned za stromy bezpečně hluboko. Z bodu 2 je př&iacute;jemn&yacute; n&aacute;stup a nap&iacute;n&aacute;n&iacute;. Spansety 2m na každ&eacute; straně stač&iacute;, přid&aacute;vali jsme cca 2x3m na backup.&nbsp;</p>\n',	'strom na hraně',	'strom na plošince',	'Matěj Tobiáš, Voyta Fík',	'2020-05-20',	NULL,	NULL,	487,	485,	486,	'prokrastinovat se musí efektivně',	15,	30),
(280,	0,	905,	'Aniččina loužička',	55,	10,	NULL,	NULL,	NULL,	NULL,	3,	NULL,	'<p>Schovan&aacute; sp&iacute;&scaron;e midlajna v kr&aacute;sn&eacute;m prostřed&iacute;. Z hrotu vedle věže &Aacute;ňa přes paseku k buku. Prvn&iacute;ch 5m nem&aacute; buk větve, v&yacute;&scaron; už se leze dobře. N&aacute;stup ze strany hrotu je v pohodě, jen je lep&scaron;&iacute; prvn&iacute;ch cca 10-15m nechodit kvůli kamenům pod lajnou.&nbsp;</p>\n',	'obhoz cca6m za hrot vedle skalní věže Áňa ',	'buk',	'Matěj Tobiáš',	'2020-10-25',	NULL,	NULL,	490,	488,	489,	'první přechod padl v brutálním lijáku',	15,	60),
(281,	0,	868,	'Projekt 90',	90,	15,	NULL,	NULL,	NULL,	NULL,	3,	NULL,	'',	'Za dva stromky a na hraně zvednout přes A-frame (11m spansetu). Backup za jeden ze stromků. Je možné kotvit za silnější strom dál od kraje (cca 15m).',	'Za silnější stromek a vést po zemi až na hranu (24m spansetu). Backup za menší křovíčko ve směru kotvení. Na hraně dobře zabandážovat a dát pozor, meteriál se dost drolí.',	'Petr Panoška, Adam Janata',	'2021-05-14',	NULL,	NULL,	493,	491,	492,	'',	10,	60),
(282,	0,	898,	'Špagetka',	39,	20,	NULL,	NULL,	NULL,	NULL,	0,	NULL,	'',	'',	'',	'',	NULL,	NULL,	NULL,	496,	494,	495,	'',	30,	60),
(283,	0,	898,	'Turbína',	40,	7,	NULL,	NULL,	NULL,	NULL,	0,	NULL,	'<p>Možnost napnut&iacute; od cca 25m do 40m</p>\n',	'Turbína - 3m spanset',	'Za stromy, vyvést přes zábradlí - cca 10m spansetů',	'',	NULL,	NULL,	NULL,	499,	497,	498,	'',	5,	20),
(284,	0,	941,	'Velkej mravenec',	30,	13,	NULL,	NULL,	NULL,	NULL,	3,	NULL,	'<p>Ve &Scaron;krov&aacute;dě na Muč&iacute;rně naproti stěně s pneumatikou, (najde&scaron; ve&nbsp;&Scaron;krov&aacute;dskym průvodč&iacute;ku) Obě strany jsou vyči&scaron;těn&yacute;.&nbsp;</p>\n\n<p>&nbsp;</p>\n',	'Ořech 3m za hranou na poli, takže \"šponing\" je easy.',	'Menší stromek přímo na hraně. Je potřeba ho vyvázat Y za další dva stromy za ním. ',	'janes',	'2021-04-10',	NULL,	NULL,	502,	500,	501,	'Nastupujueš asi metr vedle dost živýho mraveniště. ',	10,	40),
(285,	0,	895,	'Die Kurve',	120,	30,	NULL,	NULL,	NULL,	NULL,	3,	NULL,	'<p>Zvl&aacute;&scaron;tn&iacute; poděkov&aacute;n&iacute; Vojtěchu Star&eacute;mu za mamahotel se saunou. Ve 2/3 přechod zpř&iacute;jemňuje&nbsp;strom ve v&yacute;&scaron;ce oč&iacute;.&nbsp;</p>\n',	'Věž Nevěsta: obhoz J vrcholu, 6m spansetů. Krásný lezení',	'Věž Tchýně: přístupná skoro pěšky.  Cca12m spansetů.',	'Loulajf (Šimon, Dandy, Káč, Pája)',	'2023-04-08',	NULL,	NULL,	505,	503,	504,	'Lajna byla do zatáčky, sekla se nám ve stromu. A navíc se nedala chodit, k... jedna',	25,	180),
(286,	0,	973,	'Catch.mf',	75,	7,	NULL,	NULL,	NULL,	NULL,	3,	NULL,	'<p>Objevov&aacute;n&iacute; hradeck&yacute;ho midlajnov&yacute;ho potenci&aacute;lu. Nebo je to sp&iacute;&scaron; wassr? Nezjist&iacute;&scaron;, dokud nezkus&iacute;&scaron;...</p>\n',	'Strom - spanset min. 1,5 m',	'Malý habr hnedka za brankou do Sadů - vyvázat u země a zvednout za zábradlí (spanset 2,5 m)',	'Pan Dek',	'2023-05-06',	NULL,	NULL,	508,	506,	507,	'Trochu jsem si myslel, že by to mohla být hradecká Turbína, ale na to Hučáku chybí pár metrů do vejšky... A i když bylo hezky, máchat se mi v tý hnědý mňamce nechtělo, takže \" better catch, cuz you\'re walkin\' sou lou\"',	5,	60),
(287,	0,	868,	'Projekt 111',	111,	35,	NULL,	NULL,	NULL,	NULL,	4,	NULL,	'<p>Poctiv&aacute;, kr&aacute;sn&aacute; lajna přes cel&yacute; lom&nbsp;s par&aacute;dn&iacute;m v&yacute;hledem.</p>\n',	'Obhoz velkého šutru a vyvedení přes hřbet, cca 5m spansetu.',	'A-frame co nejvíce na okraj cesty, kotvit za 2 silnější stromy. Cca 8m na sliding-x + 3m prodloužení k a-framu.',	'Vojta Čermák, Petr Panoška',	'2020-01-28',	NULL,	NULL,	511,	509,	510,	'',	5,	120),
(288,	0,	976,	'3k ve spáře',	150,	40,	NULL,	NULL,	NULL,	NULL,	0,	NULL,	'<p>N&aacute;dhern&aacute; lajna hned vedle kultovn&iacute; Shangrily (d&iacute;ky Lukymu za tip). Směr se povedlo trefit, počas&iacute; taky, backup na&scaron;těst&iacute; nikdo netrefil a prochajda je to n&aacute;dhern&aacute;.</p>\n',	'Na věži Skaut (lze sólo za III komínkem nebo jakoukoliv krásnou cestou) se na vršku hned vedle knížky nachází spára. My do ní nacpali 3 dětské hlavičky, ale nechť každý zakládá jak umí… Backup za dobírák.',	'Vybrat příhodnou borovičku a jako A-frame poslouží Dvanáct apoštolů (cca 24 m spansetů)',	'Loulajf - Pan Dek, Šimon',	'2023-09-15',	NULL,	NULL,	514,	512,	513,	'Dejvovi vedle při tahání Shangrily spadla do spáry mikina ve který byly 3k nebo to jsou 3 kindrkopfy ve spáře? Kdoví, ještě že ve Skaláku nedávaj do spár 3 kruhy…',	15,	240),
(289,	0,	905,	'LVýK',	115,	40,	NULL,	NULL,	NULL,	NULL,	4,	NULL,	'<p>Hezk&aacute;, relativně vysok&aacute; a lehce natažiteln&aacute; lajna. Jde tahat v pohodě bez drona i bez repky (dokud bude dole paseka). U bodu 2 je hezk&yacute; fel&iacute;c&iacute; pl&aacute;cek na ostrohu. Nejleprezervace&scaron;&iacute; př&iacute;stup je od SV přes louku s kr&aacute;vama. D&aacute; se sem dojet, ale skrz z&aacute;kaz vjezdu a lep&scaron;&iacute; je zaparkovat v Tuboži u zast&aacute;vky. Nedoporučuju v l&eacute;tě, kdy se vyprahl&eacute; &uacute;dol&iacute; změn&iacute; v horkovzdu&scaron;nou troubu.&nbsp;</p>\n',	'Buk a dva duby přímo na kraji + backup cca 20m dozadu. 12m spansetu + 20m lana',	'Z borovice zakleslé mezi skalami vyvedeno do cca 2m na solidní borovici cca 5m od okraje skály. (6m spansetu + 2m smyčka) + 10m k backup k tutové mega borovici, která je trochu mimo směr.',	'Mates',	'2023-11-18',	NULL,	NULL,	517,	515,	516,	'Lajnerský Výlet do Kokořínska. Odkazuje k předchozí lajně v údolí a nezapomenutelné lokální akci.',	15,	100),
(290,	0,	973,	'Vážnej případ',	8,	3,	NULL,	NULL,	NULL,	NULL,	5,	NULL,	'<p>Jednoznačn&aacute; linka na monument&aacute;ln&iacute; monolit Červa Dobyvatele. Kdo se boj&iacute;, nesm&iacute; do betonov&yacute; džungle!</p>\n',	'Asi 15 m spansetů na obhoz zadních dvou rohů vrcholu, koberečky s sebou',	'Stejně jak na druhý straně',	'loulajf',	'2024-02-13',	NULL,	NULL,	520,	518,	519,	'',	3,	20),
(291,	0,	973,	'Attraction Direct',	65,	15,	NULL,	NULL,	NULL,	NULL,	5,	NULL,	'',	'Tlouštík - obhoz S části věže (asi 9 nebo 12 m spansetů)',	'Nalezenec - vyvazovali jsme dva stromy na vrcholu věže (12 nebo 15 m ??)',	'#loulajf',	'2024-04-05',	NULL,	NULL,	523,	521,	522,	'Cenou za rychlý napínání je početný publikum, komu by ale neudělal dobře potlesk po dobře odvedený práci na lajně?',	10,	90),
(292,	0,	973,	'Rána do kulí',	39,	4,	NULL,	NULL,	NULL,	NULL,	5,	NULL,	'',	'Okolo batarda (asi 3m  spansetu)',	'Strom naproti (stačí 1,5m spanset)',	'Dandy, Dáda',	'2024-05-25',	NULL,	NULL,	526,	524,	525,	'In memoriam Dejvových reprodukčních orgánů',	1,	20),
(293,	0,	976,	'PS: \"Bacha na Elišky\"',	100,	80,	NULL,	NULL,	NULL,	NULL,	5,	NULL,	'<p>Disclaimer: V době prvn&iacute;ho napnut&iacute; jsou lajny v &Aacute;dru pouze NA POVOLEN&Iacute;!</p>\n\n<p>Jedna z &quot;Adr&scaron;pa&scaron;sk&yacute;ch stovek&quot;, prostě logick&yacute;, exponovan&yacute; směr s v&yacute;hledem na dominanty, jen ta Eli&scaron;ka je nedostupn&aacute;... A tah&aacute;me bez dronů a bez magnesia!</p>\n',	'Uškrtit Elišku na škorpiona (36m spansetů)',	'Obhodit vršek Polední (ca 15m spansetů)',	'loulajf (Dandy, Šimon, Kačka, Berta) a pičoval do toho guru Halfi',	'2024-07-04',	NULL,	NULL,	529,	527,	528,	'n/c',	30,	300),
(294,	0,	976,	'Jezerní mrčba',	160,	80,	NULL,	NULL,	NULL,	NULL,	4,	NULL,	'<p>Disclaimer: V době prvn&iacute;ho napnut&iacute; jsou lajny v &Aacute;dru pouze NA POVOLEN&Iacute;!</p>\n\n<p>Kr&aacute;sn&aacute; proch&aacute;zkov&aacute; lajna vysoko nad okruhem, na Cherub&iacute;na i docela expedice. Nav&iacute;c při přetahov&aacute;n&iacute; repky, jsme vylezli asi dal&scaron;&iacute;ch pět věž&iacute;.</p>\n',	'Pofidérní obhoz na Cherubínovi vyvázanej za stromečky (ca 15m)',	'Obhoz Polední (ca 15m)',	'loulajf (Kačka, Dandy, Šimon)',	'2024-07-03',	NULL,	NULL,	532,	530,	531,	'Mrčba is lajf a v Jezerce o ni nebyla nouze.',	30,	300),
(295,	0,	905,	'Lost repka pine',	30,	15,	NULL,	NULL,	NULL,	NULL,	4,	NULL,	'<p>Lehce natažiteln&aacute; hezk&aacute; kr&aacute;tk&aacute; lajna v supr &uacute;dol&iacute;čku. Na zabaven&iacute; při povlu.&nbsp;</p>\n',	'Borovička za velkým volným blokem 5m spanset + cca12m backup',	'Mega borovice uprostřed skály 5m spansety + 10m backup. ',	'Mates',	'2024-10-12',	NULL,	NULL,	535,	533,	534,	'Údolíčko se dá v pohodě přehodit repkou. Když se repka šikovně zamotá, tak doletí i cívka, která by měla zůstat u kotvení. ',	50,	50),
(296,	0,	1006,	'Vzduchotechnika 5',	36,	20,	NULL,	NULL,	NULL,	NULL,	3,	NULL,	'',	'Roxory z komínů, bekap prohozený pátý komín do nižšího bytu vytažení skrz okno ',	'Obhodit domeček na střeše, bekap břízka :D',	'Vojtěch Hora, Pavel Kratochvíl',	'2025-03-22',	NULL,	NULL,	538,	536,	537,	'Prostě kotvení za vzduchotechniku :D',	10,	60),
(297,	0,	872,	'Přechod za kilo',	100,	9,	NULL,	NULL,	NULL,	NULL,	3,	NULL,	'<p>Asi nejdel&scaron;&iacute; midlajna co jde napnout v lomu pětka. Na přetažen&iacute; repky se hod&iacute; dron nebo paddleboard.</p>\n',	'4,5m spansetu, zvednout za strom jako Acko - na to je třeba asi 1,5m smyce.',	'Za břízku na svahu - kotvit uplně u kořene. 2m spansetu. ',	'Pája K., Vojta H., Markéta B., Ráchel',	'2025-04-19',	NULL,	NULL,	541,	539,	540,	'Když jsme to tahali poprvé, tak tam přišla skupinka lidí a řekla, že pokud to přejdeme, tak nám dají kilo. Nakonec jsem ten pokus měl s jedním pádem, a do klobouku nám dali 700 :).',	15,	90),
(298,	0,	872,	'Šachová partie',	55,	15,	NULL,	NULL,	NULL,	NULL,	4,	NULL,	'<p>Asi nejhezč&iacute; směr v lomu pětka.</p>\n',	'Kotvení za strom, vyvedení přes Ačko. Je třeba 6,5m spansetů. Na této straně je vhodné dát povolovák.',	'10m + 2m + 1m spansetů. Udělat sliding X za velký strom vlevo, a trochu menší strom vpravo - tam kotvit hned u kořene. Vyvedení přes strom vpředu.',	'Pája K., Vojta H.',	'2025-05-10',	NULL,	NULL,	544,	542,	543,	'Hráli jsme tam šachy.',	5,	60),
(299,	0,	872,	'Caro-Kann',	55,	15,	NULL,	NULL,	NULL,	NULL,	4,	NULL,	'<p>Vede paralelně s lajnou &Scaron;achov&aacute; partie. Prvn&iacute;ch p&aacute;r metrů jsou nizko pod lajnou stromy.</p>\n',	'4m spansetů. Kotví se za velký strom, vyvedení přes Ačko.',	'10m + 2m spansetů. Kotvení za strom vzadu, vyvedení přes Ačko.',	'Pája K., Vojta H.',	'2025-05-10',	NULL,	NULL,	547,	545,	546,	'',	5,	60),
(300,	0,	868,	'Test',	100,	100,	NULL,	NULL,	NULL,	NULL,	1,	NULL,	'<p>Test</p>\n',	'',	'',	'',	NULL,	NULL,	NULL,	550,	548,	549,	'',	100,	100),
(301,	0,	868,	'Delegace z Kazachstánu',	90,	45,	NULL,	NULL,	NULL,	NULL,	4,	NULL,	'<p>Foto: Vojta Oliverius</p>\n',	'',	'',	'Dony, Pája Kratochvíl, Vojta Čermák, Petr Panoška',	'2023-09-17',	NULL,	NULL,	553,	551,	552,	'Nikdo z nás ji neviděl, ale ona nás ano. Dokonce jsme se delegaci líbili a nechala nám bombonieru. Takže tu byla!',	10,	120),
(302,	0,	868,	'Nezávislá Erotická Iniciativa',	95,	45,	NULL,	NULL,	NULL,	NULL,	4,	NULL,	'<p>Foto: Martin Kr&aacute;l</p>\n\n<p>https://www.mujrozhlas.cz/svobodna-divoka-90-leta/vite-co-byla-nezavisla-eroticka-iniciativa</p>\n',	'',	'',	'Silví, Hugo, Štěpa, Dony, Dan, Vojta, Petr',	'2024-09-27',	NULL,	NULL,	556,	554,	555,	'Neděláme to schválně, z nějakého důvodu nás vždy navštíví nějaká delegace, či občanská iniciativa.',	10,	120);

DROP TABLE IF EXISTS `highline_foto`;
CREATE TABLE `highline_foto` (
  `id` int(11) NOT NULL AUTO_INCREMENT,
  `highline_id` int(11) NOT NULL,
  `text` varchar(150) DEFAULT NULL,
  `file` varchar(45) NOT NULL,
  PRIMARY KEY (`id`),
  KEY `fk_highline_foto_highline1` (`highline_id`),
  CONSTRAINT `fk_highline_foto_highline1` FOREIGN KEY (`highline_id`) REFERENCES `highline` (`id`) ON DELETE NO ACTION ON UPDATE NO ACTION
) ENGINE=InnoDB DEFAULT CHARSET=utf8mb3 COLLATE=utf8mb3_czech_ci;

INSERT INTO `highline_foto` (`id`, `highline_id`, `text`, `file`) VALUES
(1,	57,	'Kotvení na Karbaníkovi. Nutno ještě pojistit!',	'foto1.JPG'),
(2,	57,	'Obhození celého cukrovaráku. Nekotvit pouze za slaňák!',	'foto2.JPG'),
(3,	105,	'Kotvení (na obou stranách vrtáno)  + backup za 20m vzdálené kameny.',	'foto1.JPG'),
(5,	105,	'',	'foto3.JPG'),
(6,	105,	'',	'foto2.JPG'),
(7,	34,	'Na druhé straně od kříže navrtáno.',	'foto1.JPG'),
(8,	34,	'Na straně u kříže podvlečení pod skálou a kotvení za zábradlí a kříž.',	'foto2.JPG'),
(9,	34,	'Na straně u kříže podvlečení pod skálou a kotvení za zábradlí a kříž.',	'foto5.JPG'),
(10,	34,	'',	'foto4.JPG'),
(11,	34,	'',	'foto3.JPG'),
(12,	138,	'obhoz na tovární věži',	'nb2.png'),
(13,	138,	'celá lajna z pohledu od masivu k tovární věži',	'nb.png'),
(14,	136,	'',	'2.jpg'),
(15,	136,	'',	'3.jpg'),
(16,	136,	'',	'1.jpg'),
(17,	140,	'',	'58838_380742815334699_1164448751_n.jpg'),
(18,	140,	'Damian to tam posílá!! :)',	'Skal. kor..jpg'),
(19,	141,	'',	'GOPR0074.JPG'),
(20,	148,	'4x 10mm nýty.......3m a 2m spansety',	'558051_351198274994174_884870985_n.jpg'),
(21,	148,	'',	'188263_351198351660833_1011376137_n.jpg'),
(22,	148,	'',	'66956_351198668327468_61586046_n.jpg'),
(23,	145,	'',	'006.JPG'),
(24,	145,	'',	'009.JPG'),
(25,	145,	'',	'013.JPG'),
(26,	145,	'',	'022.JPG'),
(27,	108,	'',	'Fotografie-0136.jpg'),
(28,	154,	'Kotvení na jedné straně borovice a na druhé dub.',	'2013-05-22 15.05.49.jpg'),
(29,	154,	'Kotvení na jedné straně borovice a na druhé dub.',	'2013-05-22 15.02.14.jpg'),
(30,	157,	'',	'DSC_4829.JPG'),
(31,	156,	'',	'DSC_4833.JPG'),
(32,	159,	'',	'1001371_10151694749106668_1239886034_n.jpg'),
(33,	170,	'',	'1379810_10200485404889891_1342380741_n.jpg'),
(34,	170,	'',	'1403099_583050685082658_2019834870_o.jpg'),
(35,	169,	'',	'1396911_10201442372959285_802427418_o.jpg'),
(36,	174,	'Kotvení vpravo',	'levo.jpg'),
(37,	174,	'Kotvení vpravo 1',	'levo1.jpg'),
(38,	174,	'Kotvení vlevo',	'levo2.jpg'),
(39,	175,	'Kotvení na předskalí',	'pari.jpg'),
(40,	175,	'Kotvení na stromě',	'pariz.jpg'),
(41,	166,	'Strana na věži',	'zm.jpg'),
(42,	166,	'Obhoz',	'zmrd.jpg'),
(43,	181,	'kotvení ve stěně',	'Foto (236).JPG'),
(44,	181,	'kotvení na pravý straně nad převisem',	'Foto (213).JPG'),
(45,	181,	'Prostě jasnej směr',	'Foto (245).JPG'),
(47,	210,	'',	'11888035_449736431894822_5573215132477044739_'),
(48,	205,	'Jaan\'s Corssing uprostřed.',	'uvodni.jpg'),
(49,	204,	'',	'P1080801(na web).jpg'),
(50,	210,	'',	'FB_20150827_07_27_28_Saved_Picture.jpg'),
(51,	215,	'',	'IMG_20160619_155255.jpg'),
(52,	215,	'',	'WP_20160619_15_58_44_Pro.jpg'),
(53,	222,	'Kotvení na straně u kříže',	'IMG_20160807_155456.jpg'),
(54,	222,	'Kotvení na masivu',	'IMG_20160807_161803.jpg'),
(55,	222,	'epes rádes',	'IMG_20160807_161724.jpg'),
(56,	224,	'Kotvení jižní strany',	'14408112_10209244303378919_1154598302_o.jpg'),
(57,	225,	'JV strana - vyvázání 3 stromků (3 + 2m spansetů) a 5m spansetů na hranu.',	'IMG_20161210_133700_HDR.jpg'),
(58,	225,	'SZ strana - Obhodit strom (3m) a protáhnout skrz křoví (5+4+2)',	'15515697_10210014256147257_1844740171_o.jpg'),
(59,	225,	'SZ strana - opřít o keříky a zvednout pomocí áčka',	'15491614_10210014256227259_1711167088_o.jpg'),
(60,	225,	'Pohled z JZ strany. Na druhé straně patrné áčko',	'15409867_10210014147584543_98809042_o.jpg'),
(61,	226,	'Sev. strana - Áčko na hraně',	'15417921_10210014342629419_225982896_o.jpg'),
(62,	226,	'Sev. strana - 2 + 4m spansetů',	'15388621_10210014344869475_1792401047_o.jpg'),
(63,	226,	'Již. strana - 13 m spansetů',	'15409432_10210014344829474_832353549_o.jpg'),
(64,	226,	'Již. strana - kotveno za vzdálenější strom a vyvedeno okolo dvou menších stromů na hranu',	'15397779_10210014345149482_1636858978_o.jpg'),
(65,	228,	'',	'977309_472442389506837_1186786187_o.jpg'),
(66,	228,	'',	'17098091_1564870516886827_5196222385322617933'),
(67,	228,	'',	'17098091_1564870516886827_5196222385322617933'),
(68,	229,	'',	'12246680_10207607176765082_111709464660875036'),
(69,	229,	'',	'12273734_10207607178485125_481161105472742094'),
(70,	230,	'Na chození zbyla už jen tma.',	'IMG_20170403_201914.jpg'),
(71,	232,	'',	'1.jpg'),
(72,	230,	'',	'IMG_20170409_133135_HDR.jpg'),
(73,	230,	'Kotvení na polici.',	'IMG_20170403_190849_HDR.jpg'),
(74,	234,	'',	'IMG_20170409_180139.jpg'),
(75,	234,	'',	'IMG_20170409_184455.jpg'),
(76,	239,	'',	'tkaraf.JPG'),
(77,	240,	'',	'2.JPG'),
(78,	241,	'',	'DSC07106.jpg'),
(79,	241,	'',	'DSC00111.jpg'),
(80,	242,	'kotvení 2',	'3.png'),
(81,	242,	'Pohled na druhou stranu kotvení',	'4.png'),
(82,	248,	'Kotvení SZ strany - jeden strom (cca 10m spansetu) /// J strana - více pochybných křovisek. Vyvázat aspoň dvě a ne ty na hraně (min. 13m spansetů)',	'23798393_10213018787298658_874505252_o.jpg'),
(83,	247,	'Pohled z V strany. Cca 10m kazda strana. Pozor národní rezervace.',	'23798892_10213018839699968_1130080958_o.jpg'),
(84,	248,	'Pozor na padajici kameny. Dolu chodi lidé. Parkování v zákazu vjezdu nedoporučeno.',	'23798270_10213018844380085_1989723028_o.jpg'),
(85,	251,	'Sev strana - 20m spansetu',	'ss_1.jpg'),
(86,	251,	'na plotne_alternativa kvuli kamenum oranzove',	'sev2.jpg'),
(87,	251,	'jiz. str. - 22m spansetu',	'jiz2.jpg'),
(88,	251,	'jiz strana - smerovani okolo stromu',	'jiz.jpg'),
(89,	251,	'',	'cela.jpg'),
(90,	255,	'Zapadni kotveni (21m spansetu)',	'IMG_7324.JPG'),
(91,	256,	'',	'GOPR0006.JPG'),
(92,	256,	'',	'GOPR0009.JPG'),
(93,	259,	'',	'20200327_171020.jpg'),
(94,	191,	'',	'mala_skala.jpg'),
(95,	191,	'',	'mala_skala_2.jpg'),
(96,	259,	'',	'plech1.jpg'),
(97,	259,	'',	'cesta.png'),
(98,	259,	'',	'plech2.jpg'),
(99,	259,	'',	'plech3.jpg'),
(100,	264,	'',	'maly_buh2.jpg'),
(101,	164,	'Highline meeting 2018',	'holcicky].jpg'),
(102,	267,	'',	'lama.jpeg'),
(103,	267,	'',	'lama.jpg'),
(104,	267,	'Zkrotit lamu nebylo zadarmo...',	'lama_anet.jpg'),
(108,	270,	'',	'vlhky_labuznik_1.jpg'),
(109,	270,	'',	'vlhky_labuznik_2.jpg'),
(110,	270,	'',	'vlhky_labuznik_3.jpg'),
(111,	270,	'',	'vlhky_labuznik_4.jpg'),
(112,	271,	'Donyho pohoda',	'20210307_155456-1.jpg'),
(114,	271,	'Strom \"o patro níž\" na východní straně',	'1.jpg'),
(115,	271,	'Pohled shora na strom \"o patro níž\" na východní straně',	'2.jpg'),
(116,	271,	'Východní strana, 2 silnější stromky na vrcholu',	'3.jpg'),
(117,	271,	'Východní strana, pohled zády ke směru lajny',	'4.jpg'),
(118,	271,	'Východní strana',	'5.jpg'),
(119,	271,	'Západní strana',	'6.jpg'),
(120,	271,	'Vyvedení přes hranu, západní strana',	'7.jpg'),
(121,	271,	'',	'8.jpg'),
(122,	256,	'',	'DSC_0199.JPG'),
(124,	273,	'',	'1.jpg'),
(125,	273,	'',	'2.jpg'),
(126,	273,	'',	'3.jpg'),
(127,	273,	'',	'4.JPG'),
(128,	275,	'',	'IMG_2945.JPG'),
(129,	277,	'pozor pri sestupu ko korenum!',	'foto.jpg'),
(130,	277,	'',	'IMG_2998.JPG'),
(131,	277,	'',	'IMG_2969.JPG'),
(132,	278,	'Kuba na lajně',	'IMG_20210425_191652.jpg'),
(133,	278,	'Pohled z druhé strany',	'IMG_20210425_190142.jpg'),
(134,	276,	'',	'proky.JPG'),
(135,	276,	'',	'vojta.JPG'),
(136,	276,	'',	'vojta_expo.JPG'),
(137,	276,	'',	'kata.JPG'),
(138,	276,	'',	'IMG_0222.JPG'),
(141,	276,	'',	'kotveni_sever.JPG'),
(142,	285,	'',	'20230409_181228~2.jpg'),
(143,	285,	'',	'20230408_153812.jpg'),
(144,	289,	'',	'IMG-20231119-WA0004.jpg'),
(145,	290,	'Obhoz',	'20240213_170220.jpg'),
(146,	290,	'',	'20240213_165006.jpg'),
(147,	291,	'',	'20240407_114310-min.jpg'),
(148,	292,	'Dejv před osudnou ránou',	'20240622_203726.jpg'),
(149,	293,	'',	'Eliska2.jpg'),
(150,	293,	'',	'Eliska3.jpg'),
(151,	294,	'',	'mrcba2.jpg'),
(152,	295,	'kotvení bodu 2',	'kotveni.jpg'),
(153,	297,	'',	'20250420_104438.jpg'),
(154,	297,	'',	'20250420_135019.jpg'),
(155,	297,	'',	'IMG_20250420_112335065.jpg'),
(156,	298,	'',	'IuY5iyi1.jpeg'),
(157,	299,	'',	'W9GI2YCE.jpeg'),
(158,	298,	'',	'BA1DqmzS.jpeg'),
(159,	298,	'',	'20250510_145417.jpg');

DROP TABLE IF EXISTS `highline_media`;
CREATE TABLE `highline_media` (
  `id` int(11) NOT NULL AUTO_INCREMENT,
  `highline_id` int(11) NOT NULL,
  `typ` varchar(6) NOT NULL,
  `popis` varchar(40) NOT NULL,
  `adresa` varchar(100) NOT NULL,
  `nick` varchar(30) DEFAULT NULL,
  PRIMARY KEY (`id`),
  KEY `fk_highline_media_highline1` (`highline_id`),
  CONSTRAINT `fk_highline_media_highline1` FOREIGN KEY (`highline_id`) REFERENCES `highline` (`id`) ON DELETE NO ACTION ON UPDATE NO ACTION
) ENGINE=InnoDB DEFAULT CHARSET=utf8mb3 COLLATE=utf8mb3_czech_ci;

INSERT INTO `highline_media` (`id`, `highline_id`, `typ`, `popis`, `adresa`, `nick`) VALUES
(1,	31,	'foto',	'FOTO',	'http://www.slacklive.cz/foto/slackturn/index.html',	''),
(2,	31,	'video',	'VIDEO',	'http://www.youtube.com/watch?v=UL8qW95fhZQ',	''),
(3,	33,	'foto',	'FOTO',	'http://www.landcruising.de/index.php/image/image-b',	''),
(5,	34,	'foto',	'cimbu1',	'http://www.slacklive.cz/foto/cimburi/cimburi.html',	''),
(6,	34,	'video',	'cimbu video',	'http://www.youtube.com/watch?v=rj4i2am6SoI',	''),
(7,	34,	'foto',	'cimbu 2009',	'http://www.slacklive.cz/foto/cimburi2/index.html',	''),
(9,	34,	'clanek',	'Qwjetovo Cimbu',	'http://www.slacklive.cz/clanky/clanek15.htm',	''),
(11,	34,	'clanek',	'Cimbu + od Kajocha.',	'http://www.slacklive.cz/clanky/clanek203.htm',	''),
(27,	38,	'clanek',	'Kajochova Sváteční',	'http://slacklive.cz/clanky/clanek06.htm',	''),
(28,	39,	'video',	'Stoletá  Doga',	'http://www.youtube.com/watch?v=G20444UXbFw',	''),
(29,	39,	'foto',	'Stoletá Doga',	'http://www.slacklive.cz/foto/doga/doga.html',	''),
(30,	39,	'clanek',	'Stoletá Doga',	'http://www.lezec.cz/clanek.php?key=7082&amp;nazev=stoleta_doga',	''),
(31,	38,	'video',	'Bílá sobota',	'http://vimeo.com/10689601',	''),
(33,	38,	'video',	'Hajlajn trip 2010',	'http://www.youtube.com/watch?v=Lz0AfJljtgU',	''),
(34,	34,	'clanek',	'Cimbu poprvé-Lezec',	'http://www.lezec.cz/clanek.php?key=6284&amp;nazev=high_line',	''),
(35,	34,	'clanek',	'Cimbu podruhé-Lezec',	'http://www.lezec.cz/clanek.php?key=7322&amp;nazev=cimburi_po_roce',	''),
(36,	40,	'foto',	'Kinder HL',	'http://kajoch.rajce.idnes.cz/Ostrov_-_Highline_paradise/#album',	''),
(37,	40,	'video',	'Kinder HL',	'http://www.youtube.com/watch?v=Gd0V5KYX6_E',	''),
(38,	41,	'video',	'kongolajna',	'http://www.mrkagot.ic.cz/?p=2365#more-2365',	''),
(39,	35,	'video',	'Dangerous HL.',	'http://www.youtube.com/watch?gl=CZ&amp;hl=cs&amp;v=M0031-Wm6AE',	''),
(40,	35,	'clanek',	'Stenliho Ořešník',	'http://www.slacklive.cz/clanky/clanek22.htm',	''),
(41,	32,	'video',	'Bišík 2008',	'http://www.slacklive.cz/foto/bisikhl/bisikhl.html',	''),
(42,	37,	'clanek',	'Další H v Ostrově',	'http://www.slacklive.cz/clanky/clanek9.htm',	''),
(44,	37,	'video',	'Ostro polka',	'http://www.youtube.com/watch?v=RtXnoYNdipA',	''),
(46,	40,	'clanek',	'Dudysova 1st.HL',	'http://www.slacklive.cz/clanky/clanek14.htm',	''),
(47,	32,	'foto',	'Bišík 2007',	'http://kajoch.rajce.idnes.cz/Bisik_-_SlackLine_festival_07/',	''),
(48,	34,	'foto',	'Cimbu 2008',	'http://kajoch.rajce.idnes.cz/Frydlantske_cimburi_-_Highline_26m_-_zari_2008/',	''),
(49,	34,	'foto',	'Cimbu 2009',	'http://kajoch.rajce.idnes.cz/Frydlantske_Cimburi_-_HIGHLINE_31.10.2009/',	''),
(50,	41,	'foto',	'Březen 2010',	'http://kajoch.rajce.idnes.cz/Kongolajna_-_Highline_v_Hejnicich_-_brezen_09/',	''),
(51,	35,	'foto',	'Září 2008',	'http://kajoch.rajce.idnes.cz/Oresnik_-_HighLine_22m_2008/',	''),
(52,	35,	'foto',	'Říjen 2009',	'http://kajoch.rajce.idnes.cz/Oresnik_Highline_10.10.2009/',	''),
(53,	38,	'foto',	'Březen 2010',	'http://kajoch.rajce.idnes.cz/Strelnice_-_Svatecni_HIGHLINE/',	''),
(56,	33,	'foto',	'Greenair highline 2008',	'http://www.landcruising-slacklines.de/bild+film/film.html',	''),
(59,	43,	'video',	'Bílá Sobota',	'http://vimeo.com/10689601',	''),
(60,	44,	'video',	'Wild Wararah',	'http://www.youtube.com/watch?v=w2tpzQkpJhw',	''),
(61,	45,	'foto',	'Září 2009',	'http://kajoch.rajce.idnes.cz/Sulov_SK_Highline/',	''),
(62,	32,	'video',	'Spy.Dr on Sigr Workshop on Bišík',	'http://vimeo.com/11630607',	''),
(63,	54,	'video',	'Scott Balcom, prvni prechod',	'http://www.youtube.com/watch?v=c6RYJFz1tqI',	''),
(65,	56,	'foto',	'Pár fotek od Marka.',	'http://marekkk.rajce.idnes.cz/Highline_Boren/#',	''),
(66,	56,	'clanek',	'Qwjetův report z prvního přechodu Koz',	'http://www.slackshop.cz/akce/#020409',	''),
(67,	57,	'foto',	'1. České nápínání této HL',	'http://picasaweb.google.com/vejvis1/1007CukrovarakHighline#',	''),
(70,	59,	'video',	'Kost I.',	'http://www.youtube.com/watch?v=NLp51oM39Fk',	''),
(71,	59,	'video',	'Kost II.',	'http://www.youtube.com/watch?v=EZl0HJ6h6n8',	''),
(72,	59,	'foto',	'Kost 1st',	'http://kajoch.rajce.idnes.cz/Kost_-_HIGHLINE/',	''),
(73,	60,	'foto',	'foto1',	'http://picasaweb.google.com/AtlasOpava/KruzberkHighLine# ',	''),
(74,	60,	'foto',	'Foto z první výpravy',	'http://picasaweb.google.com/AtlasOpava/KruzberkHighLine#',	''),
(75,	38,	'video',	'Jiná akce',	'http://www.youtube.com/watch?v=fzYH2hvV_54',	''),
(76,	56,	'clanek',	'Prvopřechod Kozaté',	'http://www.slackshop.cz/akce/#020409',	''),
(77,	61,	'foto',	'pohled na Malýho Huhuláka',	'http://lh5.ggpht.com/_oVeUe2zQE1o/TExVq7X5-4I/AAAAAAAAOGo/cn8vN1io8Do/s800/P7160264.JPG',	''),
(78,	65,	'foto',	'První přechod',	'http://kajoch.rajce.idnes.cz/Trpaslici_Highline_na_Palicniku/',	''),
(79,	66,	'foto',	'Hajlajny v El Chorro 2008',	'http://kajoch.rajce.idnes.cz/El_Chorro_-_Highline/',	''),
(80,	67,	'foto',	'Hajlajny v El Chorro 2008',	'http://kajoch.rajce.idnes.cz/El_Chorro_-_Highline/#',	''),
(81,	68,	'foto',	'První opakování 2010',	'http://kajoch.rajce.idnes.cz/Suche_skaly_-_Vanocni_HIGHLINE_17.4.2010/',	''),
(82,	69,	'foto',	'Ostrovní lajny 2008',	'http://kajoch.rajce.idnes.cz/Ostrov_-_Highline_paradise/',	''),
(83,	67,	'clanek',	'El Chorro Polish Trip',	'http://www.slackline.fora.pl/ymprezy-z-udzialem-imprezowiczow,5/wrescie-na-lescie-narescie-na-rescie',	''),
(84,	67,	'foto',	'El Chorro 2009',	'http://czermuh.rajce.idnes.cz/El_Chorro_2009/',	''),
(85,	70,	'foto',	'Jan Gałek 2007',	'http://picasaweb.google.com/jangalek/BigBoyHighline#',	''),
(86,	67,	'clanek',	'Španělská vesnice El Chorro',	'http://www.lezec.cz/clanek.php?key=6802&amp;nazev=spanelska_vesnice:_el_chorro',	''),
(87,	67,	'video',	'Trip',	'http://www.youtube.com/watch?v=1QIzDBxwvCs',	''),
(88,	72,	'clanek',	'První highline na Křížáku 14.10.10',	'http://adrlines.blogspot.com/2010/10/prvni-highline-na-krizaku-141010.html',	''),
(89,	38,	'clanek',	'První HL',	'http://northslackteam.webnode.cz/news/highline-svatecni-sloup/',	''),
(90,	77,	'foto',	'Mechobeton 20/12',	'http://mmarc.rajce.idnes.cz/10_11_06_Mechobeton_vyber/',	''),
(91,	75,	'clanek',	'HL na Drábkách',	'http://www.adrex.cz/slackline/highline-na-drabskych-svetnickach.html',	''),
(92,	75,	'video',	'Two lines',	'http://www.youtube.com/watch?v=OvtC6jNwRR4',	''),
(93,	105,	'foto',	'1. české napínání',	'https://picasaweb.google.com/117322251134207707464/KjeragHighline',	''),
(94,	102,	'clanek',	'Tak nějak to asi bylo',	'http://adrlines.blogspot.com/2011/08/mravenci-utok-2772011.html',	''),
(95,	35,	'video',	'Stanelyho Ořešník',	'http://www.youtube.com/watch?v=gzQrTmXTVcQ&amp;feature=player_profilepage',	''),
(96,	104,	'clanek',	'Cikánská lajna 25.8.2011/První Highli',	'http://adrlines.blogspot.com/2011/08/cikanska-lajna-2582011prvni-highline-na.html',	''),
(97,	126,	'foto',	'první realizace(Adam,Lukáš,Píďa)',	'http://piidha.rajce.idnes.cz/HighLine_Spirala_11_11',	'');

DROP TABLE IF EXISTS `highline_oddily`;
CREATE TABLE `highline_oddily` (
  `id` int(11) NOT NULL AUTO_INCREMENT,
  `nazev` varchar(25) NOT NULL,
  PRIMARY KEY (`id`)
) ENGINE=InnoDB DEFAULT CHARSET=utf8mb3 COLLATE=utf8mb3_czech_ci;

INSERT INTO `highline_oddily` (`id`, `nazev`) VALUES
(0,	'Nezarazeno'),
(1,	'Highline'),
(2,	'Top Highline'),
(3,	'Midline'),
(4,	'Urban Line');

DROP TABLE IF EXISTS `highline_prechody`;
CREATE TABLE `highline_prechody` (
  `id` int(11) NOT NULL AUTO_INCREMENT,
  `highline_id` int(11) NOT NULL,
  `uzivatel_id` int(11) NOT NULL,
  `datum` date NOT NULL,
  `styl` varchar(10) DEFAULT NULL,
  `poznamka` varchar(100) DEFAULT NULL,
  `hodnoceni` int(11) DEFAULT 0,
  PRIMARY KEY (`id`),
  KEY `fk_highline_prechody_uzivatel1` (`uzivatel_id`),
  KEY `fk_highline_prechody_highline1` (`highline_id`),
  CONSTRAINT `fk_highline_prechody_highline1` FOREIGN KEY (`highline_id`) REFERENCES `highline` (`id`) ON DELETE NO ACTION ON UPDATE NO ACTION,
  CONSTRAINT `fk_highline_prechody_uzivatel1` FOREIGN KEY (`uzivatel_id`) REFERENCES `uzivatel` (`id`) ON DELETE NO ACTION ON UPDATE NO ACTION
) ENGINE=InnoDB DEFAULT CHARSET=utf8mb3 COLLATE=utf8mb3_czech_ci;

INSERT INTO `highline_prechody` (`id`, `highline_id`, `uzivatel_id`, `datum`, `styl`, `poznamka`, `hodnoceni`) VALUES
(1,	38,	1,	'2010-05-20',	'fm',	'',	0),
(2,	70,	123,	'2012-09-22',	'OS fm',	'',	0),
(3,	35,	1,	'2009-10-31',	'one way',	'',	0),
(4,	39,	10,	'2008-07-05',	'fm',	' Nádherná lajna! ',	0),
(5,	32,	10,	'2007-08-12',	'fm',	'        Moje první přešlá HL. ',	0),
(6,	34,	10,	'2008-09-27',	'fm',	'  Mazec a za odměnu naušnice do ucha...',	0),
(7,	35,	10,	'2008-09-04',	'fm',	' Vichr a občas déšť-super. ',	0),
(8,	31,	10,	'2010-04-30',	'fm',	' fm s jedním pádem. ',	0),
(9,	40,	10,	'2008-05-02',	'fm',	' Historie... ',	0),
(10,	35,	49,	'2009-09-27',	'OS fm',	'první HL :-)',	0),
(11,	38,	45,	'2010-05-22',	'fm',	'Příjemná HL, super rychle natáhlá :-)',	0),
(12,	35,	45,	'2009-10-31',	'fm',	'Moje první HL :-), nejlepší pocit :-P',	0),
(13,	36,	46,	'2010-04-30',	'OS fm',	'  ',	0),
(14,	32,	46,	'2009-08-02',	'OS fm',	'Odstartování highline &quot;kariéry&quot; :-)',	0),
(15,	34,	46,	'2009-10-31',	'fm',	'Nepopsatelný pocity...',	0),
(16,	35,	46,	'2009-08-20',	'fm',	'První pořádná highline',	0),
(17,	31,	46,	'2010-04-30',	'fm',	'',	0),
(18,	38,	46,	'2010-05-22',	'OS',	'Pád při otočce, potom fm',	0),
(19,	32,	50,	'2007-08-12',	'-',	'  První highline',	0),
(20,	41,	10,	'2010-03-20',	'fm',	' celkem na pohodu... ',	0),
(21,	35,	10,	'2008-12-27',	'fm',	' 6 st. pod nulou, mlha,námraza ',	0),
(22,	37,	10,	'2008-05-14',	'one way',	' Boj! ',	0),
(23,	42,	10,	'2010-05-01',	'one way',	'  Naprosto úžasná',	0),
(24,	42,	46,	'2010-05-02',	'fm',	'Parádní směr',	0),
(25,	41,	46,	'2010-05-30',	'OS fm',	'Postavíš, přejdeš, otočíš a valíš zpátky',	0),
(26,	40,	50,	'2008-05-02',	'-',	'  ',	0),
(27,	36,	50,	'2009-05-02',	'-',	'  ',	0),
(28,	34,	50,	'2008-09-28',	'-',	'  ',	0),
(29,	34,	50,	'2009-10-31',	'-',	'  ',	0),
(30,	41,	50,	'2010-03-20',	'-',	'  ',	0),
(31,	35,	50,	'2009-10-10',	'-',	'  ',	0),
(32,	35,	50,	'2009-08-20',	'-',	'  ',	0),
(33,	35,	50,	'2008-09-16',	'-',	'  ',	0),
(34,	39,	50,	'2008-07-05',	'-',	'  ...ta panoramata...',	0),
(35,	38,	50,	'2010-03-07',	'-',	'  Pěkný místo',	0),
(36,	43,	10,	'2010-04-05',	'fm',	' Jarní pohoda s Dylanem na uších. ',	0),
(37,	43,	46,	'2010-05-22',	'fm',	'  ',	0),
(38,	43,	1,	'2010-05-22',	'one way',	'  ',	0),
(39,	41,	49,	'2010-03-20',	'OS fm',	'pěkná lajna   ',	0),
(40,	43,	50,	'2010-04-03',	'-',	'  ',	0),
(41,	45,	50,	'2009-09-27',	'-',	'  ',	0),
(42,	43,	45,	'2010-05-22',	'one way',	'Bylo to pořádný rodeo.',	0),
(43,	48,	45,	'2009-12-24',	'one way',	'',	0),
(44,	48,	1,	'2009-12-25',	'one way',	'',	0),
(45,	36,	53,	'2009-05-17',	'OS fm',	'  ',	0),
(46,	32,	53,	'2008-08-03',	'one way',	'překlepáno s pomocí Smoldovo ruky',	0),
(47,	42,	53,	'2010-05-02',	'fm',	'nej hajlajn co sem doted sel',	0),
(48,	31,	53,	'2010-05-02',	'fm',	'proste krasa',	0),
(49,	49,	53,	'2009-05-03',	'OS fm',	'  ',	0),
(50,	50,	53,	'2009-10-05',	'OS fm',	'  ',	0),
(51,	51,	53,	'2010-01-30',	'OS fm',	'  ',	0),
(52,	48,	52,	'2010-04-06',	'one way',	'  ',	0),
(53,	52,	53,	'2010-05-23',	'OS fm',	'  ',	0),
(54,	36,	54,	'2008-10-26',	'OS fm',	'+ fsfm 2010',	0),
(55,	43,	54,	'2010-06-06',	'OS fm',	'  ',	0),
(56,	32,	54,	'2008-08-03',	'fm',	'',	0),
(57,	34,	54,	'2008-09-27',	'-',	'první velkej hajlajn, super místo, psychedelie',	0),
(58,	42,	54,	'2010-05-01',	'OS fm',	'krásná expozice, luxusní směr..',	0),
(59,	35,	54,	'2008-12-27',	'one way',	'viz profilovka :)',	0),
(60,	31,	54,	'2009-05-02',	'fm',	'bomba kotvení, fotogenetická lajna',	0),
(61,	39,	54,	'2008-10-25',	'fm',	'krásná expozice, tradiční směr',	0),
(62,	38,	54,	'2010-03-13',	'OS fm',	'supr tréninkovej směr..',	0),
(63,	44,	54,	'2009-10-25',	'one way',	'dlouhodobej projekt, další level',	0),
(64,	32,	57,	'2010-05-08',	'OS fm',	'První skalní highline',	0),
(65,	54,	64,	'2009-11-17',	'fm',	'  *****',	0),
(66,	36,	65,	'2010-04-30',	'OS fm',	'  ',	0),
(67,	38,	65,	'2010-05-22',	'OS fm',	'  ',	0),
(68,	41,	65,	'2010-06-25',	'OS fm',	'  ',	0),
(69,	35,	65,	'2010-06-24',	'OS, fm',	'',	0),
(70,	41,	53,	'2010-06-25',	'OS fm',	'  ',	0),
(71,	55,	10,	'2010-07-10',	'fm',	'strašlivý vedro a žíža. ',	0),
(72,	55,	46,	'2010-07-10',	'OS fm',	'Krutopřísný vedro bylo...',	0),
(73,	55,	49,	'2010-07-10',	'OS fm',	'velký vedro ale naštěstí blízko se dalo docel',	0),
(74,	56,	10,	'2010-06-05',	'fm',	' Docela slušná expozice ',	0),
(75,	57,	1,	'2010-07-12',	'OS fm',	'Výživné dobývání Cukrovaráku :-) Brutální vedro! Super expozice!',	0),
(76,	59,	10,	'2010-04-25',	'fm',	'  Až na ty hovna dobrý...',	0),
(77,	57,	45,	'2010-07-12',	'OS fm',	'Největší paráda. :-)',	0),
(78,	59,	49,	'2010-04-25',	'OS fm',	'pěkná a ještě hezčí když je v noci nasvícená   ',	0),
(79,	59,	46,	'2010-05-07',	'OS fm',	'Má svoje kouzlo pokaždý když tam jsme...',	0),
(80,	59,	50,	'2010-04-20',	'-',	'Hovno Highline Hrad',	0),
(81,	61,	54,	'2010-07-16',	'OS fm',	'trochu volnější lajna.. příště delší kladky :)',	0),
(82,	56,	54,	'2009-04-02',	'OS fm',	've svý době nejdelší skalní česká hajlajna :) na jednom konci je potřeba dávat bacha na pen',	0),
(83,	38,	10,	'2010-03-13',	'OS fm',	'  Moje první OS FM',	0),
(84,	32,	85,	'2010-08-01',	'fm',	'  První hightline',	0),
(85,	32,	70,	'2010-08-01',	'fm',	'První highline ',	0),
(86,	33,	50,	'2010-08-01',	'-',	'  ',	0),
(87,	32,	59,	'2010-08-01',	'OS fm',	'můj první highline',	0),
(88,	33,	10,	'2010-08-01',	'OS fm',	' Moc pěknej směr. ',	0),
(89,	33,	46,	'2010-08-01',	'OS fm',	'Trochu podoktorovat stromy na expozici :-)  ',	0),
(90,	33,	65,	'2010-08-01',	'OS fm',	'  ',	0),
(91,	32,	87,	'2010-08-01',	'OS',	'Highline START',	0),
(92,	33,	49,	'2010-08-02',	'OS fm',	'',	0),
(93,	33,	54,	'2010-08-01',	'OS fm',	'kchůůl jaxviňa',	0),
(94,	62,	54,	'2010-08-02',	'OS fm',	'parádní lesní lajna na pochození..   ',	0),
(95,	32,	76,	'2010-08-31',	'fm',	'První highline(2 pokus)',	0),
(96,	62,	65,	'2010-08-02',	'fm',	'  ',	0),
(97,	32,	73,	'2010-08-09',	'one way',	'ta byla moje první',	0),
(98,	40,	73,	'2010-08-09',	'one way',	'  ',	0),
(99,	32,	92,	'2010-08-01',	'OS fm',	'už nikdy to nebude jako poprvé',	0),
(100,	64,	54,	'2010-08-27',	'OS fm',	'parádní setup - PES &amp; vectran &amp; linegrip..',	0),
(101,	65,	50,	'2010-09-05',	'-',	'Malá Jizerská Trilogie je kompletní',	0),
(102,	65,	1,	'2010-09-05',	'OS fm',	'Super lezení v okolí :-)',	0),
(103,	65,	59,	'2010-09-05',	'fm',	'celkem zajímací lajna :)',	0),
(104,	65,	49,	'2010-09-05',	'OS fm',	'',	0),
(105,	48,	80,	'2010-04-06',	'one way',	'  ',	0),
(106,	32,	80,	'2010-08-01',	'OS',	'  ',	0),
(107,	36,	67,	'0000-00-00',	'fm',	'  ',	0),
(108,	59,	65,	'2010-09-12',	'fm',	'  ',	0),
(109,	66,	50,	'2008-03-16',	'-',	'Spadne to se mnou celé nebo ne? Nespadlo... ',	0),
(110,	67,	50,	'2008-03-21',	'-',	'Tak tak že nám to letadlo neuletělo',	0),
(111,	68,	50,	'2010-04-17',	'-',	'\\&quot;Když to srovnám s vejletem na Kokořín...\\&quot;',	0),
(112,	69,	50,	'2008-05-02',	'-',	'  ',	0),
(113,	39,	65,	'2010-09-19',	'OS fm',	'  ',	0),
(114,	39,	1,	'2010-09-19',	'fm',	'Parádní lajna! Ale byl to boj! :-)',	0),
(115,	33,	64,	'2010-08-01',	'OS fm',	'',	0),
(116,	67,	64,	'2009-02-17',	'fm',	'super',	0),
(117,	42,	64,	'2010-05-01',	'OS fm',	'  ',	0),
(118,	31,	64,	'2010-05-01',	'fm',	'  ',	0),
(119,	39,	105,	'2010-09-19',	'one way',	'',	0),
(120,	40,	105,	'2008-05-03',	'one way',	'Za presne datum uplne nerucim, ale rok sedi.',	0),
(121,	39,	70,	'2010-09-19',	'one way',	'  moje 2.HL...psycho, ale paráda',	0),
(122,	37,	50,	'2008-05-17',	'-',	'Kapkama se proplétám...',	0),
(123,	68,	10,	'2010-04-17',	'fm',	'  Nemám rád Sušky...',	0),
(124,	67,	10,	'2008-03-21',	'fm',	'  Můj první nástup ze dřepu na HL!!!',	0),
(125,	70,	50,	'2009-04-11',	'-',	'z kopce do kopce',	0),
(126,	68,	46,	'2010-04-17',	'fm',	'Sundat ortézu a vrhnout se na to :-D.',	0),
(127,	68,	1,	'2010-04-17',	'fm',	'',	0),
(128,	59,	80,	'2010-09-12',	'OS fm',	'',	0),
(129,	70,	54,	'2009-04-11',	'OS fm',	'krutá lajna :)',	0),
(130,	38,	95,	'2010-10-10',	'fm',	'prvni HL',	0),
(131,	48,	65,	'2010-10-14',	'fm',	'vecerni rychlopunk.',	0),
(132,	73,	57,	'2010-10-17',	'OS fm',	'',	0),
(133,	73,	85,	'2010-10-17',	'OS fm',	'',	0),
(134,	55,	105,	'2010-10-23',	'fm',	'',	0),
(135,	74,	57,	'2010-10-24',	'OS fm',	'',	0),
(136,	74,	85,	'2010-10-24',	'fm',	'',	0),
(137,	41,	54,	'2010-06-25',	'OS fm',	'pro diváci',	0),
(138,	55,	54,	'2010-10-23',	'OS fm',	'hezkej směr, trochu zmatek v kotvení',	0),
(139,	38,	96,	'2010-10-10',	'one way',	'první HL',	0),
(140,	44,	54,	'2010-10-28',	'fm',	'tak konečně fullman přátelé.. :)',	0),
(141,	44,	46,	'2010-10-28',	'one way',	'Nechceš padat, jinak si tě to voloupe :-) silnej zážitek, chci znova :-D',	0),
(142,	55,	65,	'2010-10-23',	'OS fm',	'',	0),
(143,	55,	57,	'2010-10-30',	'fm',	'Ten den jsem byl prostě na rýlu...',	0),
(144,	55,	85,	'2010-10-30',	'OS fm',	'',	0),
(145,	32,	106,	'2010-08-04',	'OS',	'večírek s Georgem :-)',	0),
(146,	75,	54,	'2010-10-30',	'fm',	'dlouho vytouženej směr :)',	0),
(147,	75,	65,	'2010-10-30',	'OS, fm',	'konecne pade. juchuu!',	0),
(148,	75,	46,	'2010-10-30',	'fm',	'pěkná lajna, napnutá i na prdeláče... delší směr čeká :-)',	0),
(149,	55,	92,	'2010-10-30',	'one way',	'',	0),
(150,	77,	54,	'2010-11-06',	'OS fm',	'parádní hajlájnek v krásný přírodě...',	0),
(151,	77,	105,	'2010-11-06',	'fm',	'jeste potrenujem ;-)',	0),
(152,	77,	70,	'2010-11-10',	'fm',	'mnou nalezený projekt konečně přejitý ...',	0),
(153,	109,	80,	'2011-08-14',	'OS fm',	'hej ja to šel na os :)',	0),
(154,	51,	87,	'2010-11-17',	'OS fm',	'',	0),
(155,	42,	65,	'2010-11-14',	'OS fm',	'východ slunce, vichr, krása.',	0),
(156,	79,	46,	'2010-04-29',	'fm',	'trochu na žvejku..',	0),
(157,	38,	92,	'2011-01-08',	'fm',	'kvóty jsou kvóty.. 6x',	0),
(158,	77,	45,	'2010-11-11',	'OS fm',	'Místo školy, super lajna',	0),
(159,	82,	57,	'2011-03-06',	'OS fm',	'FA',	0),
(160,	83,	57,	'2011-03-12',	'fm',	'',	0),
(161,	84,	57,	'2011-03-13',	'one way',	'Prostě psycho :-)',	0),
(162,	81,	54,	'2011-03-05',	'OS fm',	'srdeční záležitost :)',	0),
(163,	82,	54,	'2011-03-06',	'OS fm',	'hezkej směr s jednim nepadacím místem',	0),
(164,	83,	54,	'2011-03-12',	'OS fm',	'rychlolajna s nepadacím místem u kraje',	0),
(165,	84,	54,	'2011-03-13',	'OS fm',	'pěkná expozice, příště kotvit ve spáře nalevo',	0),
(166,	82,	123,	'2011-03-06',	'OS',	'jupí :)',	0),
(167,	83,	123,	'2011-03-06',	'fm',	'',	0),
(168,	84,	123,	'2011-03-06',	'one way',	'',	0),
(169,	85,	123,	'2011-03-24',	'fm',	'ideální pro slunný odpoledne dozor zaručen...',	0),
(170,	85,	54,	'2011-03-24',	'OS fm',	'místo s luxusní atmosférou.. akorát krapet zanedbaný',	0),
(171,	86,	54,	'2011-03-30',	'OS fm',	'swami osfm, kotníček fm, beltloop fm',	0),
(172,	74,	57,	'2011-04-03',	'OS fm',	'',	0),
(173,	88,	54,	'2011-04-02',	'OS fm',	'pořádnej slack!',	0),
(174,	89,	54,	'2011-04-03',	'OS fm',	'kotníček osfm',	0),
(175,	88,	123,	'2011-04-04',	'one way',	'',	0),
(176,	88,	65,	'2011-04-04',	'OS fm',	'',	0),
(177,	87,	106,	'2011-04-17',	'one way',	'první vlastní, mám ji rád :-)',	0),
(178,	61,	46,	'2011-04-16',	'OS fm',	'parádní pochození na duťáčku, následně i swami',	0),
(179,	64,	46,	'2011-04-17',	'fm',	'moc pěknej směr...byla přijemně naplá na chození',	0),
(180,	90,	46,	'2011-04-16',	'OS fm',	'swami OSfm',	0),
(181,	91,	46,	'2011-04-16',	'OS fm',	'první swami OSfm a druhej den kotníčky...',	0),
(182,	92,	46,	'2011-04-16',	'OS fm',	'dutolabůžo',	0),
(183,	93,	46,	'2011-04-17',	'OS fm',	'luxus...',	0),
(184,	94,	46,	'2011-04-16',	'OS fm',	'swami OSfm',	0),
(185,	94,	57,	'2011-04-16',	'one way',	'',	0),
(186,	93,	54,	'2011-04-17',	'fm',	'pěkná lajna, další z dlouhejch směrů v Himmlu',	0),
(187,	94,	54,	'2011-04-17',	'OS fm',	'uff uff docela jsem se zapotil :)',	0),
(188,	61,	123,	'2011-04-18',	'one way',	'',	0),
(189,	90,	123,	'2011-04-17',	'OS fm',	'',	0),
(190,	91,	123,	'2011-04-17',	'one way',	'',	0),
(191,	91,	80,	'2011-04-18',	'OS fm',	'',	0),
(192,	90,	80,	'2011-04-17',	'OS',	'',	0),
(193,	61,	80,	'2011-04-18',	'fm',	'',	0),
(194,	92,	54,	'2011-04-17',	'OS fm',	'důstojnej směr, jeden z prvních projektů v týdle oblasti',	0),
(195,	91,	54,	'2011-04-17',	'OS fm',	'free solo friendly',	0),
(196,	90,	54,	'2011-04-17',	'OS fm',	'',	0),
(197,	96,	54,	'2011-04-18',	'fm',	'zatim nejdelší opaskovej fulmen',	0),
(198,	97,	46,	'2011-04-16',	'OS fm',	'ještě teplá po stejpování...',	0),
(199,	36,	106,	'2011-04-30',	'one way',	'zdála se mi nebezpečná kvůli nástupům',	0),
(200,	36,	74,	'2011-04-30',	'OS fm',	'prvni highline ...',	0),
(201,	36,	75,	'2011-04-30',	'one way',	'',	0),
(202,	36,	46,	'2011-05-01',	'-',	'2xfsfm',	0),
(203,	31,	46,	'2011-05-01',	'-',	'swami fm',	0),
(204,	31,	65,	'2011-04-30',	'fm',	'',	0),
(205,	91,	65,	'2010-10-09',	'OS fm',	'1. swami osfm',	0),
(206,	90,	65,	'2010-10-09',	'OS fm',	'',	0),
(207,	98,	46,	'2011-04-30',	'fm',	'nepopsatelná radost...',	0),
(208,	48,	46,	'2011-06-07',	'OS fm',	'swami OSfm, FSfm',	0),
(209,	99,	54,	'2011-06-05',	'OS fm',	'pěknej směr pro víkendovej relax :)',	0),
(210,	99,	123,	'2011-06-05',	'one way',	'',	0),
(211,	55,	123,	'2011-06-12',	'OS',	'',	0),
(212,	99,	65,	'2011-06-05',	'OS fm',	'',	0),
(213,	100,	46,	'2011-06-18',	'fm',	'psycho pohled na střechu...',	0),
(214,	100,	10,	'2011-06-18',	'one way',	'1. Hl po operaci kolena 2. odsedka v životě...',	0),
(215,	79,	80,	'2011-06-17',	'OS fm',	'',	0),
(216,	100,	65,	'2011-06-18',	'OS fm',	'',	0),
(217,	97,	49,	'2011-04-16',	'OS fm',	'',	0),
(218,	90,	49,	'2011-04-17',	'OS fm',	'',	0),
(219,	35,	46,	'2011-06-23',	'-',	'swami fm, FSfm',	0),
(220,	101,	46,	'2011-07-06',	'one way',	'vymazlená mrdička...a krutě dlouhá :-)',	0),
(221,	77,	123,	'2011-07-12',	'OS, fm',	'',	0),
(222,	38,	46,	'2011-07-16',	'-',	'swami fm, FSfm',	0),
(223,	43,	46,	'2011-07-16',	'-',	'swami fm',	0),
(224,	97,	123,	'2011-04-16',	'fm',	'',	0),
(225,	43,	123,	'2011-07-16',	'one way',	'',	0),
(226,	38,	123,	'2011-07-18',	'fm',	'',	0),
(227,	36,	123,	'2011-07-24',	'OS, fm',	'',	0),
(228,	102,	85,	'2011-07-27',	'OS fm',	'',	0),
(229,	77,	46,	'2011-08-13',	'OS fm',	'swami OSfm, kotníček fm, FSfm',	0),
(230,	33,	106,	'2011-08-25',	'one way',	'uuáárrghh, první vážná hajlajn, megasouboj',	0),
(231,	104,	83,	'2011-08-25',	'OS fm',	'',	0),
(232,	102,	83,	'2011-07-27',	'OS',	'',	0),
(233,	32,	83,	'2010-05-08',	'OS fm',	'',	0),
(235,	104,	85,	'2011-08-25',	'OS fm',	'',	0),
(236,	33,	46,	'2011-08-25',	'-',	'pásek, kotníček',	0),
(237,	32,	46,	'2011-08-25',	'-',	'kotníček fm, FSfm',	0),
(238,	106,	46,	'2011-07-23',	'OS fm',	'swami OSfm',	0),
(239,	107,	46,	'2011-07-24',	'OS fm',	'swami OSfm',	0),
(240,	108,	46,	'2011-08-11',	'OS fm',	'kotníček OSfm, FSfm',	0),
(241,	109,	46,	'2011-08-14',	'OS fm',	'kotníček OSfm, FSfm',	0),
(242,	110,	46,	'2011-08-14',	'OS fm',	'swami OSfm',	0),
(243,	111,	46,	'2011-08-20',	'OS fm',	'kotníček OSfm, FSfm',	0),
(244,	112,	46,	'2011-08-20',	'OS fm',	'swami OSfm, luxusní směr',	0),
(245,	113,	46,	'2011-08-20',	'OS fm',	'Luxusní pochození po západu slunce.',	0),
(246,	114,	46,	'2011-08-21',	'OS fm',	'kotníček OSfm',	0),
(247,	72,	83,	'2011-09-04',	'fm',	'Konečně! ',	0),
(248,	72,	85,	'2011-09-03',	'fm',	'Druhý den swami one way',	0),
(249,	107,	123,	'2011-07-24',	'fm',	'',	0),
(250,	91,	46,	'2011-09-05',	'-',	'kotníček fm, FSfm',	0),
(251,	39,	46,	'2011-09-03',	'OS fm',	'kotníček OSfm, FSfm',	0),
(252,	39,	123,	'2011-09-03',	'fm',	'',	0),
(253,	35,	123,	'2011-09-10',	'OS, fm',	'',	0),
(254,	34,	123,	'2011-09-11',	'one way',	'',	0),
(255,	77,	149,	'2012-01-01',	'OS fm',	'pěkná novoroční',	0),
(256,	33,	80,	'2011-08-25',	'OS fm',	'rychlovka :)',	0),
(257,	114,	65,	'2011-08-21',	'OS fm',	'',	0),
(258,	33,	80,	'2011-09-25',	'OS fm',	'sfm dal jsem si u prostřet 20 :)',	0),
(259,	112,	80,	'2011-08-20',	'OS fm',	'',	0),
(260,	115,	54,	'2011-09-26',	'OS fm',	'super rychlej setup, pěkná lajna, prostě Hitparáda',	0),
(261,	107,	54,	'2011-07-24',	'OS fm',	'swami osfm',	0),
(262,	110,	54,	'2011-08-14',	'OS fm',	'swami osfm',	0),
(263,	109,	54,	'2011-08-14',	'OS fm',	'swami osfm',	0),
(264,	106,	54,	'2011-07-23',	'OS fm',	'swami osfm, parádní směr',	0),
(265,	116,	54,	'2011-09-28',	'fm',	'fm na 3 pokusy.. měl jsem démona v hlavě..',	0),
(266,	48,	80,	'2011-10-05',	'OS fm',	'paseček ',	0),
(267,	118,	46,	'2011-10-02',	'fm',	'na BS zajímavá záležitost :-)...',	0),
(268,	119,	46,	'2011-10-02',	'one way',	'směr zpátky ok, směr tam=nereálná záležitost...',	0),
(269,	117,	46,	'2011-10-01',	'OS fm',	'pěkná nádvořní...kotníček OS fm',	0),
(270,	115,	80,	'2011-10-17',	'fm',	'jo to jo trošku klep ',	0),
(271,	117,	80,	'2011-10-01',	'OS fm',	'jo rychlovka  ',	0),
(272,	108,	168,	'2011-10-06',	'fm',	'',	0),
(273,	109,	149,	'2011-10-20',	'one way',	'1. highline',	0),
(274,	120,	149,	'2011-10-22',	'one way',	'nejsem zdaleka 1. kdo to přešel, ale nikdo ji nedal do mapy',	0),
(275,	115,	46,	'2011-10-22',	'OS, fm',	'pěknej směr...',	0),
(276,	116,	46,	'2011-10-22',	'one way',	'na fm nebylo světlo ani morál, na BS fakt prdel :-)',	0),
(277,	120,	46,	'2011-10-22',	'OS fm',	'swami OSfm',	0),
(278,	120,	83,	'2011-10-22',	'-',	'OS, one way',	0),
(279,	120,	80,	'2011-10-16',	'OS fm',	'rychlovka :) ',	0),
(280,	55,	46,	'2011-11-06',	'-',	'swami fm, FSfm',	0),
(281,	55,	168,	'2011-11-05',	'OS fm',	'',	0),
(282,	117,	10,	'2011-11-07',	'fm',	'třetí letošní HL',	0),
(283,	122,	54,	'2011-10-14',	'OS fm',	'swami osfm.. nejhezčí hajlajn ever :)',	0),
(284,	39,	168,	'2011-11-13',	'OS fm',	'',	0),
(285,	36,	93,	'2011-11-20',	'one way',	'',	0),
(286,	103,	150,	'2011-12-21',	'fm',	'',	0),
(287,	35,	168,	'2011-12-26',	'OS fm',	'',	0),
(288,	109,	180,	'2012-01-27',	'one way',	'první highline, jo!',	0),
(289,	109,	149,	'2012-01-25',	'OS fm',	'',	0),
(290,	123,	149,	'2012-02-17',	'fm',	'v pohorkách a ve sněhu =D v rámci česko-německých slack vztahů ',	0),
(291,	124,	83,	'2012-02-16',	'OS fm',	'První kotníček..',	0),
(292,	50,	149,	'2012-03-03',	'fm',	'osobák! supr lajna',	0),
(293,	109,	179,	'2012-03-16',	'one way',	'Jupí! Konečně! První HL :)',	0),
(294,	109,	99,	'2012-03-16',	'one way',	'První highline po roce a čtvrt snažení!',	0),
(295,	109,	183,	'2012-03-16',	'fm',	'',	0),
(296,	31,	149,	'2012-03-18',	'OS, fm',	'moje 1. návštěva ostrova!! skvělý',	0),
(297,	36,	149,	'2012-03-18',	'OS fm',	'asi 10x během víkendu ',	0),
(298,	31,	123,	'2012-03-17',	'fm',	'',	0),
(299,	59,	123,	'2011-08-20',	'fm',	'',	0),
(300,	123,	123,	'2012-02-17',	'fm',	'',	0),
(301,	109,	123,	'2011-10-20',	'-',	'',	0),
(302,	117,	123,	'2011-10-01',	'-',	'',	0),
(303,	120,	123,	'2011-10-15',	'OS fm',	'',	0),
(304,	36,	168,	'2012-03-17',	'OS fm',	'',	0),
(305,	120,	149,	'2012-03-25',	'fm',	'1. HL rigged by myself',	0),
(306,	36,	46,	'2012-03-17',	'-',	'fs',	0),
(307,	92,	149,	'2012-04-08',	'OS, fm',	'super směr a výhled!',	0),
(308,	97,	149,	'2012-04-08',	'OS, fm',	'bez kouře ani ránu ',	0),
(309,	91,	149,	'2012-04-08',	'OS fm',	'stromy už skoro lechtaj chodidla =D',	0),
(310,	91,	168,	'2012-04-08',	'OS fm',	'',	0),
(311,	97,	168,	'2012-04-08',	'OS fm',	'',	0),
(312,	35,	99,	'2012-04-14',	'fm',	'Nádhera!',	0),
(313,	77,	179,	'2012-04-19',	'fm',	'',	0),
(314,	77,	99,	'2012-04-19',	'OS fm',	'v každém ročním období má jiné kouzlo',	0),
(315,	126,	99,	'2012-04-24',	'OS fm',	'první přechody vyklepané :D',	0),
(316,	86,	99,	'2012-04-27',	'fm',	'použito ještě víc spansetů a provedeny zahradnické práce',	0),
(317,	97,	105,	'2012-04-28',	'fm',	'',	0),
(318,	90,	105,	'2012-04-28',	'fm',	'prejito uz loni, ale nevim kdy :-)',	0),
(319,	61,	105,	'2012-04-29',	'fm',	'',	0),
(320,	112,	105,	'2011-08-20',	'fm',	'',	0),
(321,	91,	70,	'2012-04-30',	'fm',	'',	0),
(322,	36,	99,	'2012-04-28',	'OS fm',	'',	0),
(323,	91,	99,	'2012-04-30',	'OS, fm',	'',	0),
(324,	90,	99,	'2012-04-30',	'OS fm',	'',	0),
(325,	64,	149,	'2012-04-30',	'fm',	'mega průvěs =D',	0),
(326,	93,	149,	'2012-04-29',	'fm',	'landcruisácky naplá lajna =D',	0),
(327,	61,	149,	'2012-04-29',	'OS fm',	'příjemnej směr..ale nekotvit za tu odštěpující se placku!!!',	0),
(328,	90,	149,	'2012-04-28',	'OS fm',	'němci maj bobky že se ta věž hejbe...byla to pěkná struna',	0),
(329,	92,	123,	'2012-05-01',	'one way',	'vítězství ducha nad tělem....jeden z nejkrásnějších bojů co jsem kdy svedla',	0),
(330,	90,	10,	'2012-04-28',	'fm',	'',	0),
(331,	97,	10,	'2012-04-28',	'-',	'',	0),
(332,	91,	10,	'2012-04-28',	'fm',	'Nejdřív otočka a pak i swami.',	0),
(333,	61,	10,	'2012-04-29',	'fm',	'Hodně volná, parádní pochození.',	0),
(334,	126,	179,	'2012-05-07',	'fm',	'Parádní, krátká, hezká :)',	0),
(335,	126,	149,	'2012-05-15',	'OS fm',	'vic než strach z highliny tady je strach příjezdu policajtů....ta lajna je fakt krátká =D',	0),
(336,	127,	81,	'2012-05-25',	'OS fm',	'Mě seprostě líbila..!',	0),
(337,	126,	183,	'2012-05-31',	'fm',	'',	0),
(338,	128,	46,	'2012-05-08',	'OS fm',	'swami OSfm, FSfm',	0),
(339,	129,	46,	'2012-05-08',	'OS fm',	'swami OSfm, FSfm',	0),
(340,	130,	46,	'2012-05-08',	'OS fm',	'ancle OSfm, FSfm',	0),
(341,	35,	179,	'2012-06-24',	'one way',	'Mlha, šero ... ale jinak paráda :)',	0),
(342,	120,	179,	'2012-06-24',	'fm',	'Super pocit, super den! =)',	0),
(343,	91,	179,	'2012-06-10',	'OS, fm',	'',	0),
(344,	34,	99,	'2012-06-24',	'one way',	'kotveno za camaloty - příště si jí vezmu celou :D',	0),
(345,	41,	99,	'2012-06-23',	'OS fm',	'hodně diváků, ale hezký pochození',	0),
(346,	34,	183,	'2012-06-24',	'one way',	'',	0),
(347,	42,	149,	'2012-07-03',	'OS fm',	'moc pekná',	0),
(348,	41,	149,	'2012-06-30',	'OS fm',	'piece of cake =D',	0),
(349,	35,	149,	'2012-06-29',	'OS fm',	'konečně klasika!',	0),
(350,	131,	149,	'2012-06-09',	'OS fm',	'uzle jsou hold na písku v módě =D',	0),
(351,	132,	149,	'2012-03-12',	'OS fm',	'aspon nejaká lehce dlouhá pražská lajna.',	0),
(352,	31,	99,	'2012-06-30',	'fm',	'mazec : ) 8m+3,5m nebo lépe 7m spansety',	0),
(353,	42,	99,	'2012-07-05',	'fm',	'splněný sen. 10m+10m spansety',	0),
(354,	59,	99,	'2012-07-06',	'OS fm',	'nejlepší v hustém dešti',	0),
(355,	115,	149,	'2012-07-12',	'fm',	'dutolabužo + green dragon = super trening',	0),
(356,	42,	81,	'2012-07-04',	'fm',	'moje 3. hajlajna, hodněhustá!!!)',	0),
(357,	31,	81,	'2012-07-17',	'OS fm',	'Fakt hezká lajna..)',	0),
(358,	59,	149,	'2012-07-13',	'OS fm',	'exhibičně suprová =D',	0),
(359,	33,	180,	'2012-07-29',	'OS fm',	'pekné, fajné a pekné!',	0),
(360,	33,	81,	'2012-07-28',	'OS fm',	'Moc hezká.!)',	0),
(361,	59,	81,	'2012-07-14',	'fm',	'',	0),
(362,	59,	168,	'2012-07-06',	'OS fm',	'',	0),
(363,	33,	168,	'2012-07-29',	'OS fm',	'Dochoz na vršek věže je bombovej',	0),
(364,	132,	99,	'2012-05-08',	'fm',	'krásná a fotogenická',	0),
(365,	72,	81,	'2012-08-23',	'OS fm',	'Moc hezká lajna..! škoda že nepochodili jiní, když byla ta možnost.',	0),
(366,	109,	179,	'2012-06-22',	'OS fm',	'',	0),
(367,	132,	179,	'2012-09-08',	'fm',	'Díky kluci, díky píďo =)',	0),
(368,	123,	179,	'2012-09-08',	'OS fm',	'Fajne, chtělo by to ktovení zjednodušit vrtačkou ;)',	0),
(369,	132,	83,	'2012-09-08',	'OS',	'Dík píďo',	0),
(370,	123,	83,	'2012-09-08',	'OS',	'',	0),
(371,	123,	81,	'2012-09-08',	'OS fm',	'',	0),
(372,	132,	81,	'2012-09-08',	'OS fm',	'Díky P.',	0),
(373,	123,	171,	'2012-09-08',	'OS',	'moje první přešlá highline',	0),
(374,	132,	180,	'2012-05-08',	'fm',	'boj jak sviň to tenkrát byl!',	0),
(375,	133,	179,	'2012-09-13',	'fm',	'Suprová. =)))',	0),
(376,	134,	183,	'2012-09-13',	'OS fm',	'',	0),
(377,	120,	85,	'2012-07-11',	'OS fm',	'Swami ',	0),
(378,	31,	85,	'2012-07-17',	'OS fm',	'Swami',	0),
(379,	132,	85,	'2012-09-08',	'OS fm',	'Swami',	0),
(380,	123,	85,	'2012-09-08',	'OS fm',	'Swami',	0),
(381,	33,	85,	'2012-07-28',	'OS fm',	'Swami',	0),
(382,	127,	85,	'2012-05-25',	'OS fm',	'Swami',	0),
(383,	59,	85,	'2012-09-28',	'OS fm',	'swami',	0),
(384,	59,	70,	'2012-09-28',	'OS fm',	'',	0),
(385,	59,	171,	'2012-09-28',	'OS fm',	'',	0),
(386,	130,	168,	'2012-05-08',	'OS fm',	'',	0),
(387,	129,	168,	'2012-05-08',	'fm',	'',	0),
(388,	96,	123,	'2012-05-26',	'fm',	'',	0),
(389,	122,	123,	'2012-07-15',	'OS fm',	'',	0),
(390,	33,	123,	'2012-07-28',	'OS fm',	'',	0),
(391,	132,	123,	'0000-00-00',	'fm',	'',	0),
(392,	59,	180,	'2012-10-10',	'fm',	'',	0),
(393,	59,	179,	'2012-10-13',	'OS fm',	'',	0),
(394,	63,	149,	'2012-09-22',	'OS fm',	'dvojtej vectran je prostě žůžo, super dlouhá highline!',	0),
(395,	119,	149,	'2012-09-28',	'one way',	'',	0),
(396,	118,	149,	'2012-10-14',	'fm',	'na dvojtým blacksky super',	0),
(397,	136,	149,	'2012-09-29',	'fm',	'dlouhá to záležitost',	0),
(398,	36,	179,	'2012-10-21',	'OS fm',	'',	2),
(400,	31,	179,	'2012-10-20',	'fm',	'',	1),
(401,	61,	179,	'2012-10-20',	'one way',	'Vítr, mlha a zima :/.',	2),
(402,	31,	70,	'2012-10-20',	'fm',	'Doufám, že vstup do HL světa pro mě',	0),
(403,	36,	70,	'2012-10-20',	'OS fm',	'',	0),
(404,	127,	171,	'2012-10-20',	'one way',	'',	0),
(405,	137,	1,	'2011-11-09',	'OS fm',	'Největší problém: Jak se dostat na střechu? :-)',	1),
(407,	133,	149,	'2012-09-13',	'OS fm',	'',	0),
(409,	120,	70,	'2012-11-16',	'OS fm',	'super na zahřátí',	0),
(410,	120,	183,	'2012-11-17',	'fm',	'',	2),
(411,	139,	179,	'2012-11-18',	'OS fm',	'Poctivá ruční práce. Ale stálo to za to :)',	4),
(412,	115,	81,	'2012-11-17',	'fm',	'Moc hezký, byla radost!)',	3),
(413,	139,	81,	'2012-11-18',	'OS fm',	'Málem jsme ji utloukli k smrti! :D,',	3),
(414,	120,	81,	'2012-11-17',	'OS fm',	'',	2),
(415,	135,	81,	'2012-09-16',	'OS fm',	'Krásná lajna, a dost vypsychlá vejška!!',	3),
(416,	140,	81,	'2012-10-21',	'OS fm',	'Neuvěřitelně krásná a vysoká lajna-..!, škodaže byla míň naplá.. :D',	4),
(417,	84,	149,	'2012-11-24',	'OS fm',	'super nový kotvení za uzlík! Další přechod s rukou v sádře! =D',	2),
(418,	33,	149,	'2012-07-30',	'OS fm',	'nezdá se, ale je fakt pěkná',	3),
(419,	139,	149,	'2012-11-18',	'OS fm',	'',	1),
(420,	35,	149,	'2012-06-23',	'OS fm',	'fakt peknej výhled',	3),
(424,	135,	85,	'2012-09-16',	'OS fm',	'Výhled na jezírko a na křižák stojí za to :).Swami',	3),
(426,	140,	85,	'2012-10-21',	'fm',	'Krásná hajlajna s naprd přístupem',	4),
(427,	123,	99,	'2012-12-14',	'OS fm',	'sníh,-4°C,sám natáhl,přešel,sundal za 3h:)BTW.: V strana 2x12mm nejty 3mspanset, Z strana 3+5m cca',	1),
(429,	61,	99,	'2012-10-21',	'OS',	'Vítr, mlha a zima : )',	2),
(430,	139,	99,	'2012-11-18',	'OS fm',	'super ručně navrtané kotvení! Handjob!',	2),
(431,	120,	99,	'2012-11-18',	'OS',	'nelíbí :P',	2),
(432,	137,	45,	'2011-11-09',	'OS fm',	'Maso :-)',	2),
(433,	70,	46,	'2012-09-21',	'OS fm',	'ancle OSfm, FSfm',	2),
(434,	141,	179,	'2013-01-06',	'OS, fm',	'',	0),
(435,	142,	99,	'2012-11-10',	'fm',	'divadélko',	1),
(436,	141,	99,	'2013-01-06',	'fm',	'humus podmínky, ale jinak hezká lajna : )',	2),
(437,	143,	99,	'2012-10-22',	'OS fm',	'hezká!',	2),
(438,	143,	179,	'2012-10-22',	'OS fm',	'',	0),
(439,	143,	70,	'2012-10-22',	'OS fm',	'příjemná lajna',	0),
(440,	144,	179,	'2013-01-16',	'fm',	'Pěkná. :)',	3),
(441,	144,	99,	'2013-01-16',	'fm',	'Super lajna!',	3),
(442,	145,	179,	'2013-01-18',	'fm',	'-5°C, čerstvě nasněžíno. :)',	1),
(443,	146,	99,	'2013-01-19',	'OS fm',	'Doporučuji!',	2),
(444,	144,	149,	'2013-01-16',	'OS fm',	'zajmavá lajna',	3),
(445,	146,	149,	'2013-01-19',	'fm',	'',	2),
(446,	77,	179,	'2013-02-02',	'OS fm',	'',	2),
(447,	145,	70,	'2013-01-18',	'fm',	'Dlouho vyhlídnutý projekt ...',	0),
(448,	146,	179,	'2013-01-19',	'OS fm',	'Na šárku super',	2),
(449,	145,	99,	'2013-02-09',	'OS fm',	'',	2),
(450,	145,	149,	'2013-02-09',	'OS fm',	'',	1),
(451,	147,	81,	'2013-02-16',	'one way',	'nečekanej zážitek a velký překvapení!)',	2),
(452,	127,	81,	'2013-02-09',	'OS fm',	'Pohodička 1. prví Hl v tomhle roce ;)',	3),
(453,	107,	99,	'2013-02-17',	'OS',	'sám samotinkej ve sněhu',	2),
(454,	148,	149,	'2013-02-16',	'OS fm',	'pekná atmosféra..a lajna na hraní',	2),
(455,	149,	99,	'2013-02-10',	'one way',	'nejkrásnější projekt, strašnej boj v hlavě',	3),
(456,	149,	179,	'2013-02-10',	'one way',	'Kráásná lajna. Dala mi zabrat!',	3),
(457,	148,	179,	'2013-02-16',	'OS, fm',	'Hezké místo, na místě bude super lezecká oblast =))',	2),
(458,	149,	149,	'2013-02-10',	'OS fm',	'',	3),
(459,	142,	70,	'2012-11-10',	'fm',	'cesta do tmy a zase zpět nad vodou... pěkné',	0),
(460,	150,	179,	'2013-03-01',	'OS fm',	'',	2),
(461,	150,	99,	'2013-03-01',	'OS',	'Jsem lenoch : /',	2),
(462,	142,	179,	'2012-11-10',	'one way',	'Namam rád lajny za tmy! x)',	1),
(463,	150,	183,	'2013-03-01',	'fm',	'',	2),
(464,	116,	149,	'2013-03-10',	'fm',	'Jej průvěsíček pěknej. na Drakovi zupa',	3),
(465,	115,	149,	'2013-03-09',	'OS fm',	'tentokrát i surfing baby',	2),
(466,	151,	149,	'2013-03-03',	'OS fm',	'Libový kolektivní kotvení =D',	2),
(467,	151,	99,	'2013-03-03',	'OS',	'Konečně dobrej důvod proč mít kamarády :D',	2),
(468,	36,	183,	'2013-03-31',	'OS fm',	'',	1),
(469,	31,	183,	'2013-03-31',	'fm',	'Opravdová radost! Za lehkého sněžění vcelku nelehká záležitost :D',	3),
(470,	143,	183,	'2013-03-31',	'OS, fm',	'',	2),
(471,	152,	81,	'2013-03-17',	'OS fm',	'Pohodová lajnička.. )',	2),
(472,	108,	95,	'2013-04-07',	'OS fm',	'',	0),
(473,	134,	183,	'2013-04-21',	'OS, fm',	'',	3),
(474,	36,	198,	'2013-04-27',	'OS, fm',	'',	0),
(475,	141,	198,	'2013-04-26',	'one way',	'',	0),
(476,	42,	183,	'2013-04-26',	'OS',	'Nádhera!!!',	4),
(477,	96,	183,	'2013-04-26',	'OS, fm',	'',	3),
(478,	134,	207,	'2013-04-19',	'fm',	'',	3),
(479,	153,	183,	'2013-04-27',	'fm',	'',	2),
(480,	108,	210,	'2013-05-12',	'fm',	'1. přejitá',	0),
(481,	108,	202,	'2013-05-12',	'fm',	'1. přejitá',	0),
(482,	153,	198,	'2013-04-27',	'fm',	'',	3),
(483,	154,	210,	'2013-05-22',	'fm',	'rychlý setup, pěkný trénink :)',	0),
(484,	154,	202,	'2013-05-22',	'fm',	'',	0),
(485,	36,	214,	'2013-04-26',	'OS fm',	'',	0),
(486,	43,	214,	'2013-05-08',	'one way',	'Alternativní kotvení...takže délka nakonec 35m',	0),
(487,	143,	214,	'2013-04-26',	'OS fm',	'Klepačka',	0),
(488,	38,	214,	'2013-05-08',	'fm',	'',	0),
(489,	108,	214,	'2013-04-07',	'OS fm',	'Pohodová',	0),
(490,	141,	214,	'2013-04-26',	'OS fm',	'',	0),
(491,	155,	214,	'2013-05-24',	'fm',	'Původně jsme chtěli napínat lajnu Instantní housle, ale desorientační smysl nás zavedl o 400m dál :D',	0),
(492,	155,	210,	'2013-05-24',	'one way',	'Název mluví za vše. Pěkné pochození, bohužel morál na FM nezbyl..',	0),
(493,	141,	70,	'2013-04-27',	'OS fm',	'',	0),
(494,	36,	95,	'2013-04-27',	'OS fm',	'',	0),
(495,	156,	81,	'2013-06-15',	'OS, fm',	'Díky jo!!',	2),
(496,	157,	81,	'2013-06-16',	'OS fm',	'zvláštní to pochozeníčko.., ale za to mohlo lana na backupu asi..',	2),
(497,	34,	214,	'2013-06-21',	'fm',	'',	0),
(498,	35,	95,	'2013-06-21',	'fm',	'',	0),
(499,	38,	95,	'2013-06-29',	'OS, fm',	'',	0),
(500,	153,	180,	'2013-06-28',	'OS fm',	'',	2),
(501,	143,	180,	'2013-06-28',	'OS fm',	'Ostrov HLM',	3),
(502,	96,	180,	'2013-06-26',	'OS fm',	'Ostrov HLM',	3),
(503,	42,	180,	'2013-06-05',	'fm',	'libová lajna! Ostrov HLM 13',	4),
(504,	144,	180,	'2013-01-16',	'fm',	'',	3),
(505,	151,	180,	'2013-03-03',	'OS fm',	'první HL nad 40 m, dobrej pocit jistoty v chození, co si tak vzpomínám)',	2),
(506,	141,	180,	'2013-06-01',	'OS fm',	'Ostrov HLM 13',	1),
(507,	31,	180,	'2013-06-28',	'OS fm',	'Ostrov HLM 13',	3),
(508,	115,	180,	'2013-06-30',	'fm',	'ó, hrozný boje, ale o to lepší pocit po dojití!',	4),
(509,	139,	180,	'2013-06-30',	'OS fm',	'joo, pohoda',	2),
(510,	120,	180,	'2013-06-30',	'OS fm',	'zahřejvačka před Hitparádou)',	3),
(511,	115,	99,	'2013-06-30',	'fm',	'Zahodit odpadky a ťapat : ) Jeden boj za druhym, ale stojí za to!',	3),
(512,	139,	99,	'2013-06-30',	'OS fm',	'První swami a hned dvakrát! po asi 4fm v sedáku : )',	1),
(513,	139,	179,	'2013-06-29',	'OS fm',	'První SWAMI - parádička, bavilo mě to :)',	2),
(514,	158,	179,	'2013-06-29',	'OS fm',	'Další swamíček, fajn lajna. Bezpečnější nástupy jak Tuky Tuk.',	2),
(515,	120,	179,	'2013-06-29',	'OS fm',	'',	2),
(516,	34,	183,	'2013-07-01',	'OS, fm',	'',	4),
(517,	158,	183,	'2013-06-30',	'OS fm',	'',	2),
(518,	139,	183,	'2013-06-30',	'OS fm',	'',	1),
(519,	34,	180,	'2013-07-01',	'OS, fm',	'na výletě s TUrbanem a Oblohou, pěkná lajna',	3),
(520,	72,	214,	'2013-07-18',	'fm',	'Moc hezká',	0),
(521,	157,	214,	'2013-07-20',	'OS fm',	'byl to boj',	0),
(522,	102,	214,	'2013-07-19',	'swami',	'',	0),
(523,	127,	214,	'2013-07-19',	'OS fm',	'',	0),
(524,	127,	183,	'2013-07-19',	'OS fm',	'',	3),
(525,	72,	183,	'2013-07-20',	'OS, fm',	'Super',	4),
(526,	157,	183,	'2013-07-20',	'OS, fm',	'',	2),
(527,	159,	149,	'2013-07-19',	'OS, fm',	'čupr lajna',	4),
(528,	102,	183,	'2013-07-20',	'OS fm',	'',	1),
(529,	158,	99,	'2013-06-30',	'OS fm',	'pěkná!',	2),
(530,	72,	99,	'2013-07-20',	'OS fm',	'konečně padla, ale klep!',	4),
(531,	35,	70,	'2013-06-21',	'fm',	'',	4),
(532,	36,	171,	'2013-04-26',	'OS fm',	'',	0),
(533,	127,	171,	'2013-07-18',	'OS fm',	'',	0),
(534,	127,	171,	'2013-07-18',	'OS, fm',	'',	0),
(535,	127,	149,	'2013-07-26',	'OS fm',	'',	2),
(536,	147,	149,	'2013-07-26',	'OS fm',	'',	2),
(537,	72,	149,	'2013-07-26',	'OS fm',	'',	3),
(538,	63,	149,	'2013-04-26',	'one way',	'konečně polyester baby',	4),
(539,	157,	149,	'2013-08-17',	'OS fm',	'',	1),
(540,	143,	10,	'2013-04-26',	'OS fm',	'super lajnička',	0),
(541,	117,	183,	'2013-09-28',	'fm',	'',	3),
(542,	59,	214,	'2013-09-28',	'fm',	'',	0),
(543,	43,	214,	'2013-08-20',	'fm',	'',	0),
(544,	38,	214,	'2013-08-20',	'swami',	'',	0),
(545,	117,	214,	'2013-09-28',	'OS fm',	'Má svoji atmosféru',	0),
(547,	139,	214,	'2013-10-13',	'OS fm',	'Hezká :) ale neřekl bych, že je vysoká 10m',	0),
(548,	158,	214,	'2013-10-13',	'OS fm',	'',	0),
(549,	120,	214,	'2013-10-13',	'fm',	'',	0),
(550,	59,	202,	'2013-09-28',	'one way',	'',	0),
(551,	117,	202,	'2013-09-28',	'OS, fm',	'',	0),
(552,	111,	183,	'2013-10-26',	'OS fm',	'',	1),
(553,	42,	214,	'2013-10-26',	'OS fm',	'Super lajna!',	0),
(554,	111,	214,	'2013-10-25',	'OS fm',	'ty stromky... :D',	0),
(555,	111,	70,	'2013-10-28',	'OS fm',	'',	0),
(556,	158,	70,	'2013-10-20',	'OS fm',	'pěkná lajna',	0),
(557,	139,	70,	'2013-10-20',	'OS fm',	'',	0),
(558,	166,	70,	'2012-12-31',	'OS fm',	'silvestrovská...',	0),
(559,	168,	149,	'2013-10-26',	'OS fm',	'Danny',	2),
(560,	169,	149,	'2013-10-26',	'OS fm',	'',	3),
(561,	168,	70,	'2013-10-27',	'OS fm',	'pochoutka',	0),
(562,	169,	70,	'2013-10-27',	'OS fm',	'krása',	0),
(563,	170,	70,	'2013-10-27',	'OS fm',	'není co dodat...paráda...',	0),
(564,	36,	180,	'2013-11-01',	'OS fm',	'',	2),
(565,	160,	180,	'2013-11-01',	'fm',	'lajna dobrá na trénink. je lehká, expozice nula, dodá sebevědomí!',	4),
(566,	70,	180,	'2013-11-01',	'OS fm',	'',	2),
(567,	120,	180,	'2013-11-01',	'OS, fm',	'',	2),
(568,	158,	180,	'2013-11-01',	'OS fm',	'i swami',	2),
(569,	33,	180,	'2013-11-01',	'OS fm',	'tenkrát na Bišíku, jo, to sem měl radost!',	3),
(570,	59,	180,	'2013-11-01',	'fm',	'',	0),
(572,	64,	180,	'2013-11-01',	'fm',	'moc hezká lajna!',	4),
(573,	168,	180,	'2013-11-01',	'OS fm',	'OSFM ve swami',	2),
(574,	111,	180,	'2013-11-01',	'OS fm',	'ty stromy, haha',	2),
(575,	41,	180,	'2013-11-01',	'OS fm',	'pochozena na fesťáku 2013',	3),
(576,	169,	180,	'2013-11-01',	'OS fm',	'OSFM ve swami',	3),
(577,	170,	180,	'2013-11-01',	'OS fm',	'OSFM ve swami, tahána na vectranu v duťáku bez backupu. pocitově zvláštní setup na chození.',	3),
(578,	166,	180,	'2013-11-01',	'OS fm',	'silvestrovská',	3),
(579,	117,	180,	'2013-11-01',	'OS fm',	'i swami',	3),
(580,	168,	214,	'2013-10-26',	'OS fm',	'',	0),
(581,	169,	214,	'2013-10-26',	'OS fm',	'',	0),
(582,	170,	214,	'2013-10-26',	'OS fm',	'',	0),
(583,	168,	10,	'2013-10-27',	'OS fm',	'',	2),
(584,	169,	10,	'2013-10-27',	'OS fm',	'pěkná',	0),
(585,	170,	10,	'2013-10-27',	'OS fm',	'nejhezčí z tria',	0),
(586,	173,	214,	'2013-09-28',	'fm',	'',	0),
(587,	176,	214,	'2013-10-27',	'fm',	'',	0),
(588,	171,	214,	'2013-09-27',	'solo',	'Extreme freesolo... :D',	0),
(589,	174,	214,	'2013-11-02',	'OS fm',	'Tenkrát to byla moje první highline :)',	0),
(590,	177,	214,	'2013-04-27',	'OS fm',	'',	0),
(591,	175,	214,	'2013-08-28',	'OS, fm',	'supr lajna',	0),
(592,	179,	214,	'2013-07-15',	'swami',	'domácí',	0),
(593,	172,	214,	'2013-09-27',	'OS fm',	'',	0),
(594,	180,	214,	'2013-08-26',	'one way',	'',	0),
(595,	172,	10,	'2013-09-28',	'OS fm',	'užil jsem ji',	1),
(596,	177,	183,	'2013-04-27',	'fm',	'',	4),
(597,	176,	183,	'2013-04-28',	'OS, fm',	'',	2),
(598,	178,	183,	'2012-08-26',	'fm',	'',	3),
(599,	173,	183,	'2013-09-28',	'fm',	'',	4),
(600,	172,	95,	'2013-09-28',	'OS fm',	'',	0),
(601,	153,	168,	'2013-04-27',	'OS, fm',	'',	2),
(602,	173,	168,	'2013-09-27',	'fm',	'',	3),
(603,	70,	168,	'2012-09-21',	'OS fm',	'',	2),
(604,	43,	168,	'2013-08-20',	'OS fm',	'',	0),
(606,	34,	168,	'2013-06-21',	'fm',	'',	4),
(607,	143,	168,	'2013-03-31',	'OS fm',	'',	2),
(608,	163,	168,	'2013-10-25',	'OS fm',	'Při mlze kdy nebylo ani pomalu vidět na dogu',	0),
(609,	162,	168,	'2011-11-13',	'fm',	'',	4),
(610,	111,	168,	'2013-10-25',	'OS fm',	'',	1),
(611,	174,	168,	'2013-03-16',	'OS fm',	'rychlonapnutelný',	2),
(612,	72,	168,	'2013-07-20',	'OS fm',	'',	4),
(613,	61,	168,	'2012-10-20',	'OS',	'',	0),
(614,	157,	168,	'2013-07-20',	'OS fm',	'',	1),
(615,	146,	168,	'2013-01-19',	'OS fm',	'',	2),
(616,	177,	168,	'2013-04-28',	'OS fm',	'',	3),
(617,	175,	168,	'2013-08-28',	'fm',	'',	3),
(618,	172,	168,	'2012-07-07',	'OS fm',	'',	1),
(619,	83,	168,	'2013-11-17',	'OS fm',	'',	2),
(620,	120,	168,	'2013-10-13',	'fm',	'Na přepnutym duťáčku...',	0),
(621,	139,	168,	'2013-10-13',	'OS fm',	'',	0),
(622,	158,	168,	'2013-10-13',	'OS fm',	'',	0),
(623,	83,	214,	'2013-11-17',	'fm',	'',	0),
(624,	181,	168,	'2013-10-17',	'OS fm',	'Nejvíc luxusní :)',	5),
(627,	41,	168,	'2012-11-18',	'OS fm',	'Není nad to slízt z lajny a běžet si pro telefon do říčky',	2),
(628,	117,	168,	'2013-09-28',	'OS fm',	'',	2),
(629,	53,	53,	'2011-06-16',	'one way',	'',	1),
(630,	48,	214,	'2013-12-23',	'OS fm',	'',	0),
(631,	178,	99,	'2012-05-20',	'one way',	'Psycho',	3),
(632,	178,	99,	'2012-06-05',	'fm',	'',	3),
(633,	144,	214,	'2013-12-25',	'fm',	'Hustě povolenej duťáček',	0),
(634,	182,	214,	'2013-12-25',	'fm',	'těsně před setměním',	0),
(635,	179,	210,	'2014-01-02',	'fm',	'Novoroční lokální',	0),
(641,	149,	183,	'2014-03-15',	'fm',	'Pěkný!',	3),
(645,	187,	179,	'2014-03-19',	'one way',	'Joo, moje první 60tka. :))',	2),
(647,	188,	221,	'2014-01-11',	'OS fm',	'první z dvanácti',	1),
(648,	84,	214,	'2014-03-22',	'OS fm',	'Super lajna! super expozice',	3),
(649,	154,	202,	'2014-04-12',	'OS fm',	'Po půl hodině sezení a rozmejšlení se, zda načongovat... PS: je hezky prořezaná dole :)',	2),
(650,	115,	183,	'2014-04-12',	'fm',	'Konečně se zadařilo! První 50+',	4),
(651,	187,	214,	'2014-04-16',	'one way',	'',	2),
(652,	36,	210,	'2014-05-03',	'fm',	'Výhra nad psychikou a demotivací - jediná hl v rámci IHW.',	2),
(653,	91,	214,	'2014-05-02',	'OS fm',	'',	1),
(654,	31,	214,	'2014-05-02',	'one way',	'',	3),
(655,	69,	214,	'2014-05-03',	'OS fm',	'',	2),
(656,	69,	10,	'2014-05-02',	'one way',	'Zima, mlha, déšť...',	2),
(657,	91,	183,	'2014-05-02',	'OS, fm',	'',	1),
(658,	69,	183,	'2014-05-03',	'OS fm',	'',	2),
(659,	61,	183,	'2014-05-02',	'fm',	'',	2),
(660,	182,	99,	'2013-12-25',	'OS fm',	'',	3),
(661,	189,	179,	'2014-03-28',	'OS fm',	'',	2),
(662,	190,	179,	'2014-05-19',	'OS fm',	'',	3),
(663,	191,	179,	'2014-05-24',	'fm',	'To kotvení pro pocit moc nepřidá :D',	1),
(664,	115,	214,	'2014-05-29',	'one way',	'Celodenní déšť a povolenej polyamid :)',	3),
(665,	91,	235,	'2014-05-01',	'OS fm',	'první přejitá highline',	3),
(666,	36,	235,	'2014-05-02',	'fm',	'',	2),
(667,	143,	235,	'2014-05-02',	'fm',	'',	3),
(668,	35,	235,	'2014-06-01',	'fm',	'',	4),
(669,	83,	210,	'2014-05-31',	'one way',	'',	3),
(670,	35,	210,	'2014-06-01',	'fm',	'',	4),
(671,	35,	214,	'2014-05-31',	'OS fm',	'',	3),
(672,	193,	179,	'2014-06-02',	'one way',	'',	1),
(673,	192,	179,	'2014-05-13',	'fm',	'volnej flash, peeklo :)',	1),
(674,	34,	95,	'2014-03-02',	'one way',	'',	2),
(676,	174,	95,	'2014-05-10',	'OS, fm',	'',	3),
(677,	36,	237,	'2014-06-07',	'one way',	'',	2),
(678,	194,	179,	'2014-06-30',	'fm',	'Chcalo mocně, taková klepavá :) 400 metříků nachozeno',	2),
(679,	159,	183,	'2014-07-20',	'one way',	'Jedna z nejlepších hl v Čechách!',	5),
(680,	33,	183,	'2014-08-02',	'OS fm',	'',	3),
(681,	62,	183,	'2014-08-02',	'fm',	'',	3),
(682,	33,	235,	'2014-08-03',	'OS fm',	'',	3),
(683,	102,	210,	'2014-07-20',	'OS',	'',	3),
(684,	143,	246,	'2014-08-01',	'fm',	'první HL v životě - pět hvězd',	5),
(685,	33,	179,	'2014-08-01',	'OS fm',	'Swami',	3),
(686,	195,	179,	'2014-08-08',	'fm',	'Jeden pád a pak už pohodičky tam a zpět. :) I zaskákal jsem. Fajn víkend!',	2),
(687,	196,	179,	'2014-08-08',	'OS fm',	'Další z novejch hajlajn v srbsku. Ojee! Highline srbsko! :)',	1),
(688,	195,	183,	'2014-08-08',	'fm',	'',	2),
(689,	194,	183,	'2014-08-08',	'OS fm',	'',	2),
(690,	196,	183,	'2014-08-08',	'OS fm',	'',	2),
(691,	98,	179,	'2014-08-16',	'fm',	'Jedna strana pohodička a zpátky hrozné boje. Fajn lajna :)',	3),
(692,	36,	179,	'2014-08-16',	'swami',	'První OSFM swami a první kotníček',	1),
(693,	143,	179,	'2014-08-16',	'swami',	'Zachvilku to bude průchod pralesem :D',	1),
(694,	98,	123,	'2014-08-17',	'one way',	'Boží, úžasný zážitek a ještě k tomu asi evropský rekord:)',	3),
(695,	98,	183,	'2014-08-17',	'fm',	'',	3),
(696,	116,	179,	'2014-08-21',	'fm',	'Nachozíno necelejch 500metříků. Novej osobáček! :)) Dragon + moonwalk',	3),
(697,	115,	179,	'2014-02-03',	'fm',	'První 50m+ highline',	3),
(698,	102,	248,	'2014-07-19',	'one way',	'Moje první! Vyklepanej jak drahej čokl.',	3),
(699,	174,	210,	'2014-09-06',	'one way',	'',	3),
(700,	179,	235,	'2014-09-14',	'OS fm',	'Rychlovka na nedělní odpoledne',	2),
(702,	48,	235,	'2014-06-15',	'OS, fm',	'Zrovna narvaný to nebylo :)',	1),
(703,	65,	202,	'2014-09-20',	'OS fm',	'Dvouhodinové posezení před čongem, pak to šlo :)',	1),
(704,	65,	210,	'2014-09-20',	'OS fm',	'Pěkná pohodová lajna :)',	3),
(705,	171,	210,	'2014-09-27',	'OS, fm',	'Super zejména večerní chození..',	1),
(706,	172,	210,	'2014-09-26',	'OS fm',	'',	2),
(707,	59,	210,	'2014-09-27',	'OS, fm',	'',	3),
(708,	117,	210,	'2014-09-27',	'one way',	'',	2),
(709,	171,	235,	'2014-09-27',	'OS fm',	'i po malém pívu může být kopa srandy',	1),
(710,	59,	235,	'2014-09-27',	'OS fm',	'',	2),
(712,	117,	235,	'2014-09-28',	'OS fm',	'Má svoje',	3),
(713,	171,	70,	'2012-09-28',	'OS fm',	'',	1),
(714,	117,	70,	'2014-09-27',	'fm',	'pěkná lajna',	3),
(715,	172,	235,	'2014-09-27',	'OS fm',	'',	2),
(717,	33,	95,	'2014-08-03',	'OS fm',	'',	3),
(718,	55,	235,	'2014-10-04',	'OS fm',	'Zbavit se tý břízy dole, tak dostane úplně jiný rozměr',	3),
(719,	55,	210,	'2014-10-04',	'fm',	'',	3),
(720,	60,	325,	'2014-10-05',	'fm',	'',	5),
(721,	192,	214,	'2014-10-15',	'OS fm',	'',	1),
(722,	167,	214,	'2014-10-19',	'OS fm',	'',	4),
(723,	70,	214,	'2014-10-19',	'OS fm',	'',	2),
(724,	163,	214,	'2014-10-25',	'OS, fm',	'',	1),
(725,	161,	214,	'2014-10-26',	'OS fm',	'',	3),
(726,	39,	214,	'2014-10-25',	'fm',	'',	2),
(727,	166,	210,	'2014-10-19',	'OS',	'',	3),
(728,	38,	210,	'2014-11-01',	'OS fm',	'',	2),
(729,	166,	214,	'2014-10-19',	'OS fm',	'',	2),
(730,	38,	235,	'2014-11-01',	'OS fm',	'',	2),
(731,	43,	235,	'2014-11-01',	'fm',	'kotveno na délku 38 m',	2),
(732,	102,	396,	'2013-07-20',	'one way',	'První HL',	3),
(733,	174,	235,	'2014-11-22',	'fm',	'',	3),
(734,	192,	183,	'2015-01-03',	'fm',	'',	2),
(735,	41,	235,	'2014-12-28',	'OS fm',	'Pěkná rychlovka, takhle na konci roku.',	2),
(738,	123,	183,	'2015-01-11',	'OS fm',	'Přeměřeno laserem na 24m! Spansety  3,5m a na druhé str. 6+5m.',	1),
(739,	132,	183,	'2015-01-11',	'OS fm',	'Opravdu větrno na Větrníku.',	2),
(740,	178,	214,	'2015-02-21',	'OS fm',	'',	1),
(741,	199,	179,	'2015-03-02',	'one way',	'Po zimě celkem nezvyk zas dlouhá hajlajna. Vlastní projektík.',	4),
(742,	199,	183,	'2015-03-02',	'one way',	'',	4),
(743,	204,	183,	'2015-03-26',	'OS fm',	'',	3),
(744,	204,	179,	'2015-03-26',	'fm',	'',	3),
(745,	59,	188,	'2014-10-18',	'OS',	'',	1),
(746,	64,	183,	'2015-05-02',	'OS fm',	'',	4),
(747,	48,	210,	'2015-05-04',	'OS fm',	'',	1),
(748,	64,	179,	'2015-05-03',	'fm',	'Sumo + 10,5 statika. OS utekl o jednu šipku na začátku. Hezká lajna, zábavnej setup.',	3),
(749,	205,	179,	'2015-05-03',	'OS fm',	'Nejhezčí směr v \"slackturn údolíčku\". Jednoduché a nesmrtelné kotvení. Dragon + 10mm statika - rodeo',	3),
(750,	115,	179,	'2015-04-01',	'fm',	'Dragon + 11mm statika',	3),
(751,	206,	179,	'2015-05-08',	'AF',	'Mantra + Moonwalk. Trochu expedice, ale pocity skvělé! Morda, tohle půjde :)',	4),
(752,	164,	46,	'2012-09-09',	'OS fm',	'swami OSfm',	3),
(753,	165,	46,	'2012-09-09',	'OS fm',	'jedna z nejhezčích lajn u nás',	5),
(754,	166,	46,	'2012-09-21',	'OS fm',	'ancle OSfm, FSfm',	2),
(755,	167,	46,	'2012-09-21',	'OS fm',	'nejhezčí směr na Sokolikách',	3),
(756,	171,	46,	'2012-09-27',	'OS fm',	'OSFSfm',	1),
(758,	172,	46,	'2012-09-29',	'OS fm',	'ancle OSfm, FSfm',	1),
(759,	173,	46,	'2012-09-30',	'OS fm',	'příjemnej směr',	3),
(760,	174,	46,	'2012-12-27',	'OS fm',	'ancle OSfm',	2),
(761,	175,	46,	'2012-12-27',	'OS fm',	'swami OSfm',	3),
(762,	146,	46,	'2013-02-09',	'OS fm',	'swami OSfm',	2),
(763,	145,	46,	'2013-02-09',	'OS fm',	'swami OSfm',	1),
(764,	150,	46,	'2013-03-01',	'OS fm',	'swami OSfm, ancle fm, FSfm',	2),
(765,	176,	46,	'2013-04-26',	'OS fm',	'',	2),
(766,	141,	46,	'2013-04-26',	'OS fm',	'ancle OSfm, FSfm',	1),
(767,	153,	46,	'2013-04-26',	'OS fm',	'ancle OSfm, FSfm',	2),
(768,	177,	46,	'2013-04-26',	'OS fm',	'ancle OSfm',	3),
(769,	96,	46,	'2013-04-26',	'OS fm',	'swami OSfm',	3),
(770,	178,	46,	'2013-04-26',	'OS fm',	'swami OSfm',	3),
(771,	43,	46,	'2014-01-04',	'OS fm',	'varianta 38m, swami OSfm, ancle fm, FSfm',	1),
(772,	164,	214,	'2015-04-22',	'OS fm',	'',	3),
(773,	126,	210,	'2015-06-11',	'OS fm',	'Konečně po letech mluvení uskutečněno..',	1),
(774,	208,	202,	'2014-06-07',	'one way',	'',	3),
(776,	208,	202,	'2015-06-14',	'OS, fm',	'',	3),
(777,	208,	210,	'2015-06-14',	'one way',	'',	1),
(778,	79,	210,	'2015-06-17',	'one way',	'',	1),
(779,	171,	193,	'2013-09-28',	'OS fm',	'První :)',	1),
(780,	165,	183,	'2015-07-02',	'fm',	'!!!',	5),
(781,	38,	183,	'2015-07-03',	'OS fm',	'',	1),
(782,	138,	179,	'2015-07-12',	'fm',	'Jedna z NEJ hajlajn v ČR.',	5),
(783,	93,	179,	'2015-07-11',	'fm',	'Hezký směr v Himmlu',	3),
(784,	91,	237,	'2015-07-11',	'fm',	'',	1),
(785,	147,	183,	'2015-07-18',	'OS',	'',	2),
(786,	181,	183,	'2015-07-11',	'OS fm',	'',	4),
(787,	159,	214,	'2015-07-19',	'OS',	'',	4),
(788,	181,	214,	'2015-07-29',	'OS fm',	'',	4),
(789,	62,	123,	'2014-08-02',	'fm',	'',	1),
(790,	105,	1,	'2011-08-10',	'fm',	'Parádní šluchta! Podle base jumperů jsme crazy people :-)',	4),
(791,	210,	396,	'2015-08-26',	'OS fm',	'',	3),
(792,	211,	228,	'2013-09-18',	'OS fm',	'12krát tam a zpět bez pádu za hodku a půl..:)',	0),
(793,	178,	228,	'2015-02-21',	'fm',	'',	0),
(794,	36,	228,	'2013-04-26',	'fm',	'',	0),
(795,	62,	228,	'2014-08-01',	'fm',	'',	0),
(796,	91,	228,	'2014-05-04',	'OS fm',	'',	0),
(797,	143,	228,	'2014-05-04',	'OS fm',	'',	0),
(798,	84,	228,	'2014-06-20',	'OS fm',	'',	0),
(799,	33,	228,	'2014-08-03',	'OS fm',	'',	0),
(800,	59,	228,	'2013-09-27',	'OS fm',	'',	0),
(801,	90,	228,	'2015-05-04',	'OS fm',	'',	0),
(802,	83,	228,	'2014-06-20',	'fm',	'',	0),
(803,	174,	228,	'2014-06-19',	'fm',	'',	0),
(804,	72,	228,	'2015-07-17',	'OS fm',	'',	0),
(805,	102,	228,	'2014-07-26',	'OS fm',	'',	0),
(806,	69,	228,	'2014-04-19',	'OS fm',	'',	0),
(807,	177,	228,	'2014-04-19',	'fm',	'',	0),
(808,	35,	228,	'2015-06-20',	'OS fm',	'Mokro,Mlha,Vitr,Kosa,Radost',	0),
(809,	172,	228,	'2013-09-25',	'OS',	'První HL',	0),
(810,	126,	228,	'2015-06-11',	'OS fm',	'',	0),
(811,	117,	228,	'2014-09-28',	'OS fm',	'',	0),
(812,	212,	396,	'2015-09-17',	'OS fm',	'',	3),
(813,	190,	183,	'2015-09-19',	'fm',	'Hezká lajna! Obhoz 4m na jednoducho(bandáže).Navrtáno 3x nejt, 2x2m spansetu (3m málo). Reepka nutná',	3),
(814,	172,	193,	'2015-09-24',	'OS',	'Zase jedna po roce :)',	2),
(815,	118,	183,	'2015-09-27',	'one way',	'',	3),
(816,	119,	183,	'2015-09-26',	'one way',	'',	4),
(817,	214,	179,	'2016-01-10',	'fm',	'Povedlo se!',	3),
(819,	69,	237,	'2016-04-02',	'OS, fm',	'',	0),
(820,	177,	237,	'2016-04-02',	'one way',	'',	0),
(821,	39,	237,	'2016-04-30',	'fm',	'',	3),
(822,	64,	214,	'2016-04-30',	'OS fm',	'',	4),
(823,	120,	237,	'2016-05-07',	'AF',	'',	2),
(824,	31,	228,	'2016-04-29',	'OS fm',	'',	3),
(825,	31,	228,	'2016-05-13',	'OS fm',	'',	0),
(826,	143,	237,	'2016-06-11',	'fm',	'borovičce chudé už jen pařez ze země trčí',	2),
(827,	216,	241,	'2016-04-18',	'one way',	'na pomiliontý už konečně',	3),
(828,	216,	241,	'2016-06-11',	'fm',	'',	3),
(829,	217,	241,	'2015-08-08',	'fm',	'',	3),
(830,	215,	214,	'2016-06-19',	'OS fm',	'',	3),
(831,	130,	237,	'2016-07-09',	'one way',	'z borovice vpravo už je jen pařez, ale druhá tam ještě stojí',	2),
(832,	178,	237,	'2016-06-26',	'fm',	'',	3),
(833,	105,	214,	'2016-08-06',	'OS fm',	'',	4),
(834,	220,	214,	'2016-08-18',	'OS fm',	'',	0),
(835,	223,	214,	'2016-08-25',	'OS fm',	'',	3),
(836,	220,	193,	'2014-09-27',	'OS fm',	'',	2),
(837,	221,	193,	'2014-09-27',	'OS',	'',	2),
(838,	224,	183,	'2016-09-15',	'OS fm',	'Pěkná!!!',	4),
(839,	172,	237,	'2016-09-24',	'OS fm',	'',	2),
(840,	220,	237,	'2016-09-25',	'fm',	'',	1),
(841,	221,	237,	'2016-09-25',	'fm',	'',	2),
(842,	172,	182,	'2016-09-23',	'OS fm',	'',	0),
(843,	117,	182,	'2016-09-25',	'OS fm',	'',	0),
(844,	173,	182,	'2016-09-24',	'OS fm',	'',	0),
(846,	96,	237,	'2016-10-16',	'OS fm',	'',	3),
(847,	220,	10,	'2014-09-25',	'fm',	'',	0),
(848,	206,	183,	'2016-10-30',	'one way',	'Boj! Zion s dyneema lanem',	4),
(849,	225,	183,	'2016-12-10',	'one way',	'',	3),
(850,	153,	228,	'2016-11-26',	'OS fm',	'',	2),
(851,	221,	228,	'2016-09-24',	'OS fm',	'',	1),
(852,	205,	228,	'2016-10-21',	'fm',	'',	3),
(853,	153,	237,	'2017-03-04',	'fm',	'',	2),
(854,	227,	179,	'2017-03-05',	'one way',	'Dobrý no, je to nízko takže celkem příjemně koukatelný - ale stejně klepec!',	3),
(855,	172,	846,	'2016-09-24',	'fm',	'První HL',	0),
(858,	171,	846,	'2016-09-24',	'OS, fm',	'',	1),
(859,	229,	847,	'2015-11-14',	'fm',	'',	4),
(860,	206,	179,	'2017-03-30',	'one way',	'Yeees ty PyCo',	4),
(861,	199,	179,	'2017-03-25',	'fm',	'pohodinda :) juch, trenink byl znát',	4),
(862,	115,	179,	'2017-03-26',	'OS fm',	'',	3),
(863,	228,	179,	'2017-04-02',	'fm',	'Phodinda',	2),
(864,	231,	179,	'2017-04-06',	'OS fm',	'Po ránu trochu nepříjemnej pocit.',	2),
(865,	232,	851,	'2017-04-05',	'OS fm',	'',	5),
(866,	179,	851,	'2016-05-29',	'OS',	'',	5),
(867,	233,	179,	'2017-04-09',	'fm',	'Super lajnička. Tah tak rukou do kotvítka.',	2),
(868,	174,	179,	'2017-04-09',	'OS fm',	'',	1),
(869,	175,	179,	'2017-04-09',	'OS fm',	'',	2),
(870,	98,	214,	'2017-04-15',	'fm',	'',	3),
(871,	235,	179,	'2017-04-22',	'fm',	'Chvíle hledání, zima, déšt, bahno, unavenost .. no moc se mi nechtělo.',	3),
(872,	236,	852,	'2017-04-23',	'fm',	'První high/mid line v Třeboni',	3),
(873,	33,	852,	'2015-08-13',	'OS fm',	'z high line meetinku, jedna z mejch prvních highlajn datum není správný',	4),
(874,	237,	179,	'2017-05-01',	'OS fm',	'Prakticky OSFM',	2),
(875,	238,	179,	'2017-05-03',	'AF',	'Na 9 čapnutí',	2),
(876,	138,	183,	'2017-06-10',	'OS, fm',	'Konečně!',	5),
(877,	161,	183,	'2017-06-09',	'OS fm',	'Posvatební',	4),
(878,	162,	183,	'2017-06-10',	'OS fm',	'',	4),
(879,	239,	852,	'2017-06-11',	'fm',	'',	3),
(880,	240,	852,	'2017-06-11',	'one way',	'',	4),
(881,	241,	179,	'2017-07-16',	'fm',	'super zábavná lajna která působí delší než je.',	4),
(882,	119,	179,	'2017-07-22',	'one way',	'Super lajna',	4),
(883,	221,	851,	'2017-07-22',	'OS',	'',	3),
(884,	105,	183,	'2017-08-03',	'OS fm',	'Premereno na 15/100 :p',	4),
(885,	116,	214,	'2017-09-27',	'one way',	'',	0),
(886,	136,	183,	'2017-10-01',	'one way',	'',	4),
(887,	221,	863,	'2017-09-29',	'fm',	'',	3),
(888,	173,	863,	'2017-09-30',	'one way',	'',	4),
(889,	117,	863,	'2017-09-30',	'fm',	'',	3),
(890,	136,	179,	'2017-09-30',	'OS fm',	'juchu',	4),
(891,	243,	179,	'2017-08-23',	'OS, fm',	'No, nejdřív sem se dvakrát postavil a sednou (OS??) no ale pak nechápačka, total krásná procházka.',	4),
(892,	187,	183,	'2017-10-13',	'OS',	'3 nejty + 3m spanset : 4 nejty a 3+2+2+3m spanset',	0),
(893,	222,	214,	'2017-10-26',	'OS fm',	'',	0),
(894,	244,	179,	'2017-11-18',	'OS fm',	'dobrý',	1),
(895,	245,	179,	'2017-10-14',	'fm',	'super lajna',	2),
(896,	222,	179,	'2017-10-26',	'fm',	'',	3),
(897,	246,	179,	'2017-11-18',	'AF',	'první překrosené 200+',	3),
(898,	248,	179,	'2017-10-22',	'fm',	'Fukalo a unavenost',	2),
(900,	248,	183,	'2017-10-28',	'fm',	'Pěknej směr. V galerii víc infa (po rozkliknutí)',	4),
(901,	249,	180,	'2017-11-21',	'one way',	'',	5),
(902,	250,	396,	'2018-02-03',	'OS fm',	'Taková díra slušně motá hlavu, vždyť je přece nejhlubší :-)',	4),
(903,	251,	183,	'2018-03-11',	'fm',	'Líbí se!',	3),
(904,	63,	183,	'2018-04-28',	'one way',	'Kus historie!',	4),
(905,	63,	179,	'2018-07-03',	'OS, fm',	'Velké přání to tam poslat!',	4),
(906,	151,	183,	'2018-11-17',	'OS fm',	'Kratší varianta pouze s 12m spansetů',	2),
(907,	31,	868,	'2020-05-09',	'fm',	'',	4),
(908,	256,	868,	'2020-01-08',	'OS fm',	'Doma je doma :-)',	4),
(909,	42,	868,	'2020-04-18',	'fm',	'',	4),
(910,	31,	870,	'2019-05-15',	'OS fm',	'',	0),
(911,	42,	870,	'2019-05-14',	'OS fm',	'',	0),
(912,	257,	870,	'2020-04-16',	'OS fm',	'',	0),
(914,	258,	873,	'2020-05-17',	'one way',	'',	0),
(915,	176,	228,	'2016-03-24',	'OS fm',	'',	2),
(916,	127,	228,	'2013-08-18',	'OS fm',	'',	2),
(918,	234,	228,	'2020-01-18',	'OS fm',	'Mlha by se dala krájet',	3),
(919,	259,	228,	'2019-06-05',	'fm',	'Poprvé to byl boj',	2),
(922,	42,	228,	'2019-04-30',	'OS fm',	'Krásná lajna',	3),
(924,	107,	228,	'2020-01-04',	'OS fm',	'Narvanost',	2),
(925,	120,	228,	'2014-08-08',	'fm',	'',	2),
(926,	96,	228,	'2019-04-30',	'OS fm',	'',	3),
(927,	224,	228,	'2020-02-15',	'OS fm',	'Dobrá',	2),
(928,	173,	228,	'2018-07-28',	'fm',	'Sluníčko',	2),
(929,	36,	875,	'2020-05-10',	'OS fm',	'',	3),
(930,	139,	868,	'2018-10-19',	'OS fm',	'..na Adamskiho old school drakovi, dík!',	2),
(931,	45,	868,	'2018-08-15',	'fm',	'',	2),
(932,	178,	868,	'2020-05-09',	'fm',	'',	2),
(933,	36,	868,	'2019-01-04',	'OS fm',	'',	3),
(934,	230,	868,	'2020-02-08',	'OS fm',	'trochu zarostlá, ale pěkná :-)',	2),
(935,	261,	868,	'2020-07-05',	'OS',	'Krásný lezení, krásná lajna. Mega boj, mega spokojenost :-)',	4),
(936,	84,	868,	'2020-06-21',	'OS fm',	'',	3),
(937,	143,	868,	'2020-07-24',	'OS fm',	'krásně schovaná mezi břízkama',	3),
(938,	263,	868,	'2020-07-11',	'OS',	'parádní lajna :-)',	3),
(939,	262,	868,	'2020-06-20',	'OS',	'',	4),
(940,	265,	868,	'2020-08-01',	'fm',	'',	3),
(941,	164,	868,	'2020-08-01',	'fm',	'...noční pochození stálo za to :-)',	4),
(942,	267,	868,	'2020-08-08',	'OS, fm',	'Pěkná lajna, s vodou a plující lamou dostává jinej rozměr :-)',	3),
(943,	36,	878,	'2011-10-15',	'OS',	'moje první přešlá highline, tak jsem čuměla, že to bylo na OS, že jsem nebyla schopná se soustředit',	1),
(944,	109,	883,	'2020-10-20',	'OS, fm',	'',	4),
(945,	126,	883,	'2020-09-27',	'OS',	'Už to nikdy napínat nebudem, ale zas tak hrozný to nebylo :D',	3),
(946,	269,	883,	'2020-12-28',	'fm',	'Konečně to padlo!',	3),
(947,	270,	889,	'2021-01-09',	'OS fm',	'Nastruněná, ale božsky labužnická :-)',	4),
(948,	109,	889,	'2020-10-03',	'OS fm',	'Láska na první krok :-)',	5),
(949,	36,	889,	'2020-08-14',	'fm',	'Byl to boj :-)',	5),
(951,	126,	889,	'2020-09-27',	'OS fm',	'nechceš padat',	3),
(952,	270,	888,	'2021-01-09',	'fm',	'O diváky není nouze :)',	5),
(953,	109,	888,	'2020-10-03',	'OS fm',	'První OSFM',	5),
(954,	36,	888,	'2020-08-14',	'fm',	'Legendární lajna :)',	4),
(955,	126,	888,	'2020-09-27',	'OS fm',	'Přechod s legendou :-)',	3),
(956,	271,	868,	'2021-03-07',	'one way',	'Dalo to práci, ale stálo to za to.',	2),
(957,	256,	868,	'2021-02-27',	'OS fm',	'',	3),
(958,	271,	895,	'2021-03-06',	'OS, fm',	'to nevymyslíš',	2),
(959,	273,	868,	'2021-03-19',	'OS, fm',	'Na Kladno dobrý!',	3),
(963,	273,	898,	'2021-03-19',	'fm',	'',	3),
(964,	120,	898,	'2021-02-02',	'one way',	'',	2),
(965,	120,	898,	'2021-02-28',	'fm',	'',	2),
(966,	275,	868,	'2021-03-28',	'OS fm',	'Takovej kladenskej Alter Weg :-)',	1),
(967,	275,	898,	'2021-03-28',	'OS fm',	'',	1),
(969,	273,	895,	'2021-04-02',	'OS fm',	'Kladenský písky maj taky něco do sebe',	3),
(970,	277,	868,	'2021-04-02',	'OS fm',	'Nebylo to zadarmo.',	2),
(971,	277,	898,	'2021-04-02',	'OS, fm',	'',	1),
(972,	277,	895,	'2021-04-02',	'fm',	'jednou a dost!',	1),
(973,	277,	900,	'2021-04-02',	'one way',	'První hl :)',	2),
(974,	205,	901,	'2021-05-01',	'OS fm',	'',	3),
(975,	107,	901,	'2021-05-01',	'fm',	'',	3),
(976,	36,	901,	'2021-05-01',	'OS fm',	'pády trhaj kule!',	2),
(977,	120,	901,	'2021-02-28',	'fm',	'',	2),
(978,	115,	901,	'2021-02-28',	'AF',	'',	0),
(979,	83,	901,	'2020-11-15',	'OS fm',	'1.přechod a první OSFM v životě',	3),
(980,	115,	895,	'2021-02-02',	'one way',	'první 50+,',	4),
(981,	205,	868,	'2021-05-01',	'OS fm',	'',	3),
(982,	107,	883,	'2021-05-08',	'one way',	'Adamskiho backup kurví FM!!',	4),
(983,	115,	883,	'2021-05-08',	'AF',	'1 pád, příště to padne!',	4),
(984,	138,	895,	'2021-07-11',	'one way',	'Nejkrásnější ostrovská procházka',	5),
(985,	164,	883,	'2021-07-31',	'OS fm',	'',	3),
(986,	42,	883,	'2021-08-14',	'fm',	'',	4),
(987,	116,	883,	'2022-03-10',	'one way',	'Kuba pospíchal za babou, tak mi rozvazoval povolovák, abych šel rychleji :D',	0),
(988,	282,	898,	'2022-04-23',	'OS, fm',	'',	2),
(989,	283,	898,	'2022-03-06',	'fm',	'',	0),
(990,	283,	898,	'2021-05-22',	'one way',	'25m',	0),
(991,	284,	941,	'2022-05-08',	'one way',	'moje první HL',	5),
(992,	276,	868,	'2021-05-30',	'OS fm',	'Dřevorubci krom lesa i sebe zrubali, aspoň jeden smrk nám nechali :-)',	3),
(993,	165,	883,	'2022-06-18',	'OS fm',	'Nádherná lajna! Respekt všem co to natáhnou, nám to dalo zabrat! :D',	5),
(994,	272,	868,	'2022-07-02',	'AF',	'Však ono to půjde!',	4),
(995,	264,	895,	'2022-10-09',	'one way',	'Novej osobáček a konečně kilo v Čechách, oujee!',	4),
(996,	222,	901,	'2022-10-29',	'OS fm',	'Můj první solorig',	5),
(997,	165,	901,	'2022-06-18',	'AF',	'',	5),
(998,	285,	895,	'2023-04-08',	'one way',	'Největší motivací k přechodu bylo její pojmenování',	3),
(999,	286,	973,	'2023-05-06',	'one way',	'',	3),
(1001,	223,	974,	'2016-08-25',	'OS fm',	'',	0),
(1002,	263,	974,	'2018-07-21',	'one way',	'',	0),
(1004,	289,	905,	'2023-11-18',	'one way',	'',	0),
(1005,	290,	973,	'2024-02-13',	'fm',	'',	5),
(1006,	290,	895,	'2024-02-13',	'one way',	'Impozantní směr, no fall zone max 4 metry od kraje.',	5),
(1007,	288,	895,	'2023-09-16',	'fm',	'Nezbývá, než jim věřit',	5),
(1008,	290,	983,	'2024-02-13',	'fm',	'velká jazda',	5),
(1009,	291,	973,	'2024-04-05',	'OS, fm',	'',	5),
(1010,	291,	983,	'2024-04-06',	'one way',	'co je loket bez předloktí?',	5),
(1011,	283,	898,	'2023-07-23',	'fm',	'40',	0),
(1013,	273,	898,	'2024-08-09',	'fm',	'Stromy v horším stavu, pokud tahat, zkusit lépe vyvázat',	3),
(1015,	266,	1000,	'2024-08-10',	'OS, fm',	'Lajna libová, jen nemá 65m',	5),
(1016,	295,	905,	'2024-10-18',	'OS, fm',	'',	4),
(1017,	295,	895,	'2024-10-13',	'OS fm',	'Stejně maj něco do sebe ty krátký lajny :)',	3),
(1018,	293,	895,	'2024-07-02',	'fm',	'Pro tohle to děláme <3',	5),
(1019,	294,	895,	'2024-07-03',	'OS, fm',	'to mě ba',	5),
(1020,	296,	1006,	'2025-03-22',	'OS fm',	'Kratkej kvak, nic extra',	5),
(1021,	297,	872,	'2025-04-20',	'one way',	'',	3),
(1022,	297,	1006,	'2025-04-20',	'one way',	'Hlavní bylo nehodit odsedku do břízky xdd',	5),
(1023,	138,	1006,	'2025-05-04',	'OS fm',	'definice dokonalosti',	5),
(1024,	63,	1006,	'2025-05-03',	'one way',	'naprostá legenda',	5),
(1025,	64,	1006,	'2025-05-03',	'fm',	'',	4),
(1026,	42,	1006,	'2025-05-03',	'OS fm',	'krátký, krátký xd',	3),
(1027,	298,	1006,	'2025-05-10',	'OS fm',	'',	4),
(1028,	299,	1006,	'2025-05-10',	'one way',	'',	4),
(1029,	298,	872,	'2025-05-10',	'OS fm',	'',	4),
(1030,	299,	872,	'2025-05-10',	'one way',	'',	4);

DROP TABLE IF EXISTS `longline`;
CREATE TABLE `longline` (
  `id` int(11) NOT NULL AUTO_INCREMENT,
  `uzivatel` int(11) NOT NULL,
  `delka` int(11) NOT NULL,
  `misto` varchar(30) NOT NULL,
  `styl` varchar(8) NOT NULL,
  `datum` date NOT NULL,
  PRIMARY KEY (`id`),
  KEY `id_u` (`uzivatel`),
  CONSTRAINT `longline_ibfk_1` FOREIGN KEY (`uzivatel`) REFERENCES `uzivatel` (`id`) ON UPDATE CASCADE
) ENGINE=InnoDB DEFAULT CHARSET=utf8mb3 COLLATE=utf8mb3_czech_ci;

INSERT INTO `longline` (`id`, `uzivatel`, `delka`, `misto`, `styl`, `datum`) VALUES
(3,	1,	113,	'Liberec, Bělidlo',	'fm',	'2009-11-21'),
(4,	45,	97,	'Liberec, nad Castou',	'one w',	'2010-02-15'),
(5,	46,	90,	'Nové Město pod Smrkem',	'fm',	'2009-08-08'),
(6,	46,	70,	'Teplice nad Metují',	'fm',	'2009-08-30'),
(8,	46,	113,	'Liberec, Bělidlo',	'OS fm',	'2009-11-21'),
(9,	46,	114,	'Liberec, Vesec',	'fm',	'2010-04-29'),
(10,	46,	115,	'Ostrov, Snake viper line',	'one w',	'2010-05-01'),
(13,	49,	101,	'Bělidlo',	'fm',	'2010-03-25'),
(18,	50,	105,	'Hejnice u Chrámu',	'-',	'2009-03-14'),
(19,	50,	106,	'Nové Město p.S. - Koupák',	'-',	'2009-04-04'),
(20,	50,	107,	'Nové Město p.S. - Koupák',	'-',	'2009-04-12'),
(21,	50,	105,	'Hejnice u Chrámu',	'-',	'2009-04-26'),
(23,	50,	105,	'Ostrov - Snake Viper Line',	'-',	'2009-05-02'),
(24,	50,	109,	'Nové Město p.S. - Koupák',	'-',	'2009-05-09'),
(25,	50,	107,	'Ostrov - Petzl Trip',	'-',	'2009-05-17'),
(26,	50,	108,	'Hejnice - KeepBalance',	'-',	'2009-06-21'),
(27,	50,	124,	'Radolfzell - Walk The line (D)',	'-',	'2009-07-11'),
(28,	50,	138,	'Hejnice u Chrámu',	'-',	'2009-11-01'),
(29,	50,	109,	'Stráž - Bělidlo',	'-',	'2009-11-15'),
(30,	50,	113,	'Stráž - Bělidlo',	'-',	'2009-11-21'),
(31,	50,	109,	'Stráž - Bělidlo',	'-',	'2009-12-06'),
(32,	50,	101,	'Stráž - Bělidlo',	'-',	'2010-03-25'),
(33,	50,	147,	'Stráž - Bělidlo',	'-',	'2010-03-25'),
(34,	1,	110,	'Plzeň, Borský park',	'OS fm',	'2009-11-29'),
(36,	1,	116,	'Praha, Stromovka',	'OS fm',	'2010-03-11'),
(37,	1,	109,	'Liberec, Bělidlo',	'-',	'2009-11-22'),
(38,	1,	134,	'Praha, Stromovka',	'OS fm',	'2010-03-11'),
(39,	52,	116,	'Praha - Stromovka',	'-',	'2010-03-11'),
(40,	52,	114,	'Liberec - Vesec',	'-',	'2010-04-29'),
(41,	53,	135,	'Plzeň - Borský park',	'OS fm',	'2009-09-09'),
(42,	54,	168,	'Plzeň',	'OS fm',	'2009-11-28'),
(43,	57,	50,	'u Maxe ve Vrchlabí',	'OS fm',	'2010-06-10'),
(44,	61,	105,	'Chemnitz',	'one w',	'0000-00-00'),
(45,	62,	107,	'Plzeň - borsky park',	'one w',	'2010-04-02'),
(48,	65,	114,	'Liberec, Vesec',	'one w',	'2010-05-29'),
(52,	70,	75,	'Praha - Ladronka',	'one w',	'2010-06-16'),
(54,	74,	104,	'Hejnice - v kempu',	'one w',	'2010-06-27'),
(55,	75,	104,	'Hejnice',	'one w',	'2010-06-27'),
(56,	50,	108,	'Hejnice - KeepBalance',	'-',	'2010-06-26'),
(57,	46,	107,	'Hejnice, Keep Balance III.',	'OS fm',	'2010-06-26'),
(58,	10,	124,	'Chemnitz (D)      ',	'fm',	'0000-00-00'),
(59,	10,	114,	'LBC- Vesec',	'OS fm',	'2010-05-29'),
(60,	10,	104,	'Hejnice-kemp',	'one w',	'2010-06-27'),
(61,	65,	104,	'hejnice - kemp',	'fm',	'2010-06-27'),
(62,	49,	108,	'Hejnice - KeepBalance',	'OS',	'2010-06-26'),
(64,	46,	177,	'Hradec Králové, Šimkovy sad',	'one w',	'2010-07-04'),
(65,	54,	115,	'Ostrov, Snake Viper line',	'fm',	'2010-06-26'),
(66,	54,	152,	'Stromovka, 499 footer',	'OS fm',	'2009-09-22'),
(68,	54,	125,	'Radolfzell, Walk the Line 3',	'OS fm',	'2009-07-11'),
(69,	54,	134,	'Stromovka, Warm-up',	'OS fm',	'2010-03-11'),
(70,	50,	125,	'LBC - Vesec',	'-',	'2010-07-20'),
(71,	65,	125,	'liberec, vesec',	'fm',	'2010-07-20'),
(72,	46,	125,	'Liberec, Vesec',	'OS fm',	'2010-07-20'),
(73,	49,	72,	'Frýdlant',	'OS fm',	'2010-07-23'),
(74,	54,	217,	'Bišík, Nafoukanej chlapeček',	'one w',	'2010-07-29'),
(75,	70,	85,	'Praha - Ladronka',	'OS fm',	'2010-08-05'),
(76,	91,	39,	'Červený Kostelec- Olešnice',	'OS',	'2010-08-04'),
(78,	81,	82,	'Oleška',	'OS fm',	'2010-08-04'),
(80,	54,	211,	'Stromovka, Na zelenym kopečku',	'one w',	'2010-08-12'),
(81,	65,	102,	'praha, stromovka',	'OS',	'2010-08-14'),
(83,	67,	60,	'Praha',	'one w',	'0000-00-00'),
(84,	45,	105,	'Sobotka',	'fm',	'2010-08-22'),
(85,	45,	150,	'Sobotka',	'one w',	'2010-08-22'),
(87,	1,	150,	'Sobotka',	'fm',	'2010-08-22'),
(88,	1,	105,	'Sobotka',	'OS',	'2010-08-22'),
(89,	70,	107,	'Sobotka - Koňská',	'OS fm',	'2010-08-22'),
(93,	46,	107,	'Sobotka, Koňská stosedma',	'-',	'2010-08-22'),
(94,	46,	150,	'Sobotka, Silver line',	'OS fm',	'2010-08-22'),
(95,	46,	107,	'Sobotka, Koňská stosedma',	'fm',	'2009-09-06'),
(96,	52,	107,	'Sobotka, Koňská stosedma',	'-',	'2010-08-23'),
(97,	52,	150,	'Sobotka, Silver line',	'-',	'2010-08-23'),
(98,	49,	107,	'Sobotka - Koňská stosedma',	'OS fm',	'2010-08-22'),
(103,	95,	101,	'Varnsdorf',	'fm',	'2010-08-28'),
(104,	96,	85,	'Jetřichovice',	'one w',	'2010-07-30'),
(105,	96,	101,	'Varnsdorf',	'one w',	'2010-08-28'),
(106,	46,	103,	'Adršpach, hřiště',	'OS',	'2010-08-25'),
(107,	50,	101,	'Chemnitz (D)',	'OS',	'2007-09-15'),
(108,	54,	183,	'Lublin',	'one w',	'2010-08-20'),
(109,	97,	43,	'Ústí n/L - Mánesovy sady',	'fm',	'2010-09-04'),
(111,	78,	53,	'Sobotka',	'-',	'2010-08-22'),
(112,	1,	103,	'Adršpach - hřiště',	'OS',	'2010-08-25'),
(116,	67,	70,	'Praha-Vítkov',	'one w',	'0000-00-00'),
(117,	74,	104,	'Chlumec ',	'OS fm',	'2010-09-11'),
(118,	70,	129,	'Praha - Stromovka',	'fm',	'2010-09-16'),
(119,	57,	59,	'Vrchlabí - U Maxe',	'OS fm',	'2010-09-18'),
(120,	105,	85,	'Praha - Ladronka',	'OS fm',	'2010-04-15'),
(121,	105,	108,	'Praha - Ladronka',	'one w',	'2010-04-23'),
(123,	105,	103,	'Praha - Stromovka',	'fm',	'2010-09-22'),
(124,	70,	103,	'Praha - Stromovka',	'OS fm',	'2010-09-22'),
(125,	70,	135,	'Praha - Stromovka',	'one w',	'2010-09-29'),
(128,	57,	81,	'Vrchlabí - U Maxe',	'OS fm',	'2010-09-30'),
(132,	57,	53,	'Sobotka',	'OS, fm',	'2010-08-21'),
(133,	57,	63,	'Vrchlabí - Kačák',	'OS, fm',	'2010-08-24'),
(134,	57,	70,	'Vrchlabí - U Maxe',	'one way',	'2010-09-22'),
(136,	75,	103,	'Chlumec',	'OS, fm',	'2010-09-03'),
(138,	94,	51,	'Bišík',	'one way',	'2010-08-07'),
(139,	94,	40,	'Bišík - wasserline',	'one way',	'2010-08-09'),
(140,	57,	104,	'Vrchlabí - U Maxe',	'one way',	'2010-10-03'),
(141,	57,	104,	'Vrchlabí - U Maxe',	'fm',	'2010-10-09'),
(142,	57,	113,	'Vrchlabí - U Maxe',	'one way',	'2010-10-09'),
(143,	81,	104,	'Vrchlabí-U Maxe',	'fm',	'2010-10-09'),
(144,	57,	76,	'Vrchlabí - U Maxe',	'OS fm',	'2010-10-09'),
(145,	57,	81,	'Vrchlabí - U Maxe',	'fm',	'2010-10-10'),
(146,	57,	75,	'Vrchlabí - Kačák',	'OS, fm',	'2010-09-12'),
(147,	85,	76,	'Vrchlabí - U Maxe',	'fm',	'2010-10-09'),
(148,	85,	81,	'Vrchlabí - U Maxe',	'fm',	'2010-10-10'),
(150,	70,	129,	'Praha-Ladronka-hovniválová',	'OS fm',	'2010-10-13'),
(152,	1,	129,	'Praha - Ladronka - Hovniválov',	'OS fm',	'2010-10-13'),
(154,	70,	152,	'Praha - Stromovka - 499 footer',	'OS fm',	'2010-10-15'),
(158,	116,	49,	'Šimkáče',	'fm',	'2010-07-07'),
(159,	116,	74,	'Sobotka',	'fm',	'2010-08-22'),
(160,	116,	107,	'Sobotka',	'fm',	'2010-08-22'),
(161,	99,	58,	'Stromovka',	'one way',	'2010-10-27'),
(162,	67,	106,	'Hutisko-Solanec',	'fm',	'0000-00-00'),
(163,	54,	222,	'Stromovka, Brouk',	'one way',	'2010-09-27'),
(165,	46,	222,	'Stromovka, Brouk',	'one way',	'2010-10-27'),
(167,	106,	101,	'Chlumecký park',	'one way',	'2010-10-31'),
(168,	122,	130,	'OVA',	'OS',	'2010-10-31'),
(169,	124,	6,	'Řáholec',	'OS fm',	'2010-11-09'),
(171,	52,	117,	'Rondelovo kilčo, Ústí n. L.',	'-',	'2010-11-14'),
(172,	74,	117,	'Ústí n./L. - rondel',	'fm',	'2010-11-14'),
(173,	75,	117,	'Ústí n/L - Rondel',	'OS, fm',	'2010-11-14'),
(174,	87,	62,	'Borský park',	'fm',	'0000-00-00'),
(175,	81,	65,	'Silvestrovská  žvejkolajna n',	'OS, fm',	'2010-12-31'),
(177,	46,	140,	'Liberec, Bělidlo',	'fm',	'2011-01-22'),
(178,	123,	65,	'Dejvice, mezi FSv a VŠCHT',	'one way',	'2011-01-27'),
(179,	99,	65,	'Ladronka',	'fm',	'2011-02-07'),
(182,	70,	111,	'Praha - Štvanice - Osmde',	'fm',	'2011-02-09'),
(184,	46,	111,	'Štvanice, Vosumde',	'fm',	'2011-02-09'),
(185,	70,	140,	'Praha - Štvanice',	'OS, fm',	'2011-02-19'),
(186,	65,	165,	'praha, štvanice',	'OS, fm',	'2011-02-23'),
(187,	46,	165,	'Štvanice',	'OS, fm',	'2011-02-23'),
(188,	123,	57,	'Štvanice',	'OS fm',	'2011-02-27'),
(190,	54,	165,	'Štvanice, Půlčák',	'OS fm',	'2011-02-23'),
(193,	99,	68,	'Štvanice',	'fm',	'2011-03-05'),
(194,	136,	45,	'Táborský park',	'one way',	'2011-03-04'),
(195,	136,	35,	'Štvanice',	'one way',	'2011-02-27'),
(196,	136,	40,	'Vráženská náves',	'one way',	'2011-04-03'),
(197,	93,	66,	'Borský park',	'-',	'0000-00-00'),
(199,	50,	105,	'Hejnice u Chrámu',	'-',	'2011-04-03'),
(200,	138,	70,	'Studénka',	'-',	'0000-00-00'),
(202,	78,	59,	'Hradec Králové',	'-',	'2011-04-22'),
(204,	81,	70,	'Brodák ČK',	'OS fm',	'2011-04-22'),
(205,	143,	63,	'Vrážná',	'one way',	'2011-04-26'),
(206,	78,	68,	'Hradec Králové',	'OS, fm',	'2011-05-01'),
(207,	99,	105,	'Stromovka',	'OS, fm',	'2011-05-10'),
(210,	81,	101,	'U modřínu',	'OS fm',	'2011-05-13'),
(211,	81,	130,	'U modřínu',	'fm',	'2011-05-13'),
(212,	81,	98,	'U modřínu',	'one way',	'2011-05-13'),
(213,	85,	101,	'U modřínu',	'one way',	'2011-05-13'),
(214,	85,	98,	'U modřínu',	'one way',	'2011-05-13'),
(216,	123,	80,	'Paruka',	'one way',	'2011-05-15'),
(218,	57,	98,	'U modřínu',	'fm',	'2011-05-13'),
(219,	148,	26,	'Plzeň',	'-',	'0000-00-00'),
(220,	81,	107,	'Sobotka',	'OS',	'2011-05-22'),
(221,	1,	119,	'Sobotka',	'OS',	'2011-05-21'),
(222,	50,	151,	'Sobotka',	'-',	'2011-05-22'),
(223,	50,	107,	'Sobotka',	'-',	'2011-05-22'),
(225,	52,	107,	'Sobotka, Koňská stosedma',	'-',	'2011-05-21'),
(226,	52,	119,	'Sobotka, Koňská stodevatená',	'-',	'2011-05-21'),
(227,	123,	107,	'Sobotka',	'one way',	'2011-05-21'),
(228,	46,	107,	'Sobotka, Koňská stosedma',	'-',	'2011-05-20'),
(229,	46,	119,	'Sobotka, kolbiště',	'OS fm',	'2011-05-21'),
(231,	57,	107,	'Sobotka',	'OS',	'2011-05-20'),
(232,	57,	119,	'Sobotka',	'one way',	'2011-05-21'),
(233,	99,	107,	'Sobotka',	'one way',	'2011-05-21'),
(234,	85,	107,	'Sobotka',	'fm',	'2011-05-20'),
(235,	85,	119,	'Sobotka',	'one way',	'2011-05-21'),
(236,	61,	110,	'Bišík',	'-',	'0000-00-00'),
(237,	80,	120,	'stromovka',	'fm',	'0000-00-00'),
(238,	54,	240,	'Hejnice, Tréninkovka',	'OS fm',	'2011-06-25'),
(239,	46,	146,	'Hejnice, U chrámu',	'OS',	'2011-06-24'),
(240,	46,	239,	'Hejnice, Tréninkovka',	'one way',	'2011-06-24'),
(242,	52,	160,	'Hejnice - HUDY longplac',	'-',	'2011-06-24'),
(243,	52,	105,	'Hejnice - HUDY longplac',	'-',	'2011-06-24'),
(245,	95,	105,	'Hejnice, longline maraton',	'one way',	'2011-06-24'),
(246,	50,	113,	'Stráž - Bělidlo',	'-',	'2011-07-09'),
(247,	46,	140,	'Berlín, Volkspark',	'OS fm',	'2011-07-08'),
(249,	46,	102,	'Berlín, DoubleMantraline',	'OS, fm',	'2011-07-08'),
(250,	46,	160,	'Berlín, Treptower park',	'fm',	'2011-07-09'),
(251,	46,	145,	'Berlín, Treptower park',	'fm',	'2011-07-09'),
(252,	46,	140,	'Berlín, xDoubleMantraline',	'-',	'2011-07-09'),
(253,	49,	105,	'Hejnice u chrámu',	'OS fm',	'2011-06-24'),
(254,	49,	146,	'Hejnice u chrámu',	'one way',	'2011-06-24'),
(255,	80,	145,	'berlin',	'OS',	'0000-00-00'),
(256,	80,	160,	'hejnice',	'OS',	'0000-00-00'),
(257,	80,	140,	'berrlin',	'OS',	'0000-00-00'),
(258,	85,	150,	'Bišík',	'one way',	'2011-07-30'),
(261,	46,	203,	'Stromovka, Zion',	'OS fm',	'2011-08-02'),
(262,	166,	54,	'Děčín sjezdovka',	'-',	'0000-00-00'),
(264,	158,	15,	'NJ-Smetanovy sady',	'-',	'2011-08-05'),
(265,	158,	12,	'NJ-Smetanovy sady',	'-',	'2011-08-02'),
(266,	143,	80,	'Vrážná',	'fm',	'0000-00-00'),
(267,	143,	95,	'Tábor-Plovárna',	'OS fm',	'0000-00-00'),
(269,	122,	150,	'OVA',	'OS',	'2011-09-07'),
(270,	158,	22,	'NJ-Smetanovy sady',	'-',	'2011-08-18'),
(271,	158,	28,	'NJ-Smetanovy sady',	'-',	'2011-08-20'),
(274,	150,	55,	'Nový Jičín Smetanovy sady',	'one way',	'0000-00-00'),
(276,	168,	107,	'Sobotka',	'fm',	'2011-09-06'),
(277,	168,	71,	'Libošovice',	'OS, fm',	'2011-08-19'),
(278,	130,	20,	'',	'-',	'0000-00-00'),
(279,	80,	150,	'stromovka',	'OS',	'0000-00-00'),
(280,	80,	175,	'stromovka',	'one way',	'0000-00-00'),
(281,	158,	30,	'NJ-Smetanovy sady',	'one way',	'2011-09-28'),
(284,	149,	103,	'Praha - Stromovka',	'one way',	'2011-10-18'),
(285,	168,	110,	'Praha - Ladronka',	'one way',	'2011-09-17'),
(286,	80,	175,	'Stromovka',	'OS fm',	'2011-10-19'),
(287,	149,	77,	'Praha - Stromovka',	'fm',	'2011-08-02'),
(288,	149,	60,	'Praha - Stromovka',	'OS fm',	'2011-10-18'),
(289,	52,	112,	'Liberec, Bělidlo',	'-',	'2011-11-06'),
(290,	1,	60,	'Liberec, Bělidlo',	'one way',	'2011-11-11'),
(293,	149,	110,	'Letenské sady, Praha',	'OS',	'2011-12-21'),
(294,	150,	62,	'NJ-Smetanovy sady',	'fm',	'2011-12-29'),
(296,	179,	71,	'Letenské sady, Praha',	'OS fm',	'2012-02-01'),
(297,	179,	80,	'Praha - Stromovka',	'OS fm',	'2012-02-03'),
(298,	180,	80,	'Praha - Stromovka',	'one way',	'2012-02-03'),
(299,	179,	85,	'Letenské sady, Praha',	'fm',	'2012-02-05'),
(300,	179,	65,	'Prosek, Praha',	'fm',	'2011-12-26'),
(302,	149,	103,	'Praha - Stromovka',	'fm',	'2012-02-25'),
(303,	149,	150,	'Praha - Stromovka',	'OS, fm',	'2012-02-29'),
(304,	1,	120,	'Praha - Stromovka',	'one way',	'2012-02-29'),
(305,	70,	105,	'Praha - Stromovka',	'OS fm',	'2012-03-04'),
(306,	182,	105,	'Praha - Stromovka',	'-',	'2012-03-04'),
(308,	179,	94,	'Brandýs nad Labem- Zápská',	'fm',	'2012-03-08'),
(309,	179,	85,	'Praha - Stromovka',	'fm',	'2012-03-02'),
(310,	183,	103,	'Praha - Stromovka',	'OS, fm',	'2012-03-10'),
(311,	185,	110,	'Praha - Ladronka',	'one way',	'2011-09-17'),
(312,	187,	40,	'park v ČK',	'OS, fm',	'2012-04-15'),
(313,	179,	120,	'Praha - Stromovka',	'one way',	'2012-04-21'),
(314,	81,	145,	'U modřínu- Třetinková',	'one way',	'2012-04-27'),
(315,	70,	120,	'Praha - Stromovka',	'OS, fm',	'2012-04-21'),
(316,	81,	113,	'Sobotka',	'OS fm',	'2012-05-13'),
(318,	70,	113,	'Sobotka',	'OS fm',	'2012-05-12'),
(319,	189,	150,	'Praha - Stromovka',	'-',	'2012-03-17'),
(320,	190,	113,	'Sobotka, kolbiště',	'-',	'2012-05-12'),
(321,	179,	105,	'Praha - Stromovka',	'OS fm',	'2012-05-15'),
(322,	46,	271,	'Stromovka, Zion',	'fm',	'2012-04-01'),
(323,	149,	204,	'Praha - Stromovka',	'OS, fm',	'2012-05-16'),
(324,	81,	142,	'U kopřivy',	'OS',	'2012-05-20'),
(325,	81,	151,	'V rohu',	'one way',	'2012-05-23'),
(327,	46,	165,	'AW park, StrongII+backup',	'one way',	'2012-05-27'),
(328,	158,	40,	'Bílovec-Střelnice',	'one way',	'2012-07-07'),
(329,	70,	102,	'Stromovka - Stormline',	'OS fm',	'2012-07-03'),
(330,	183,	135,	'Berlín, Volkspark Friedrichsc',	'OS, fm',	'2012-07-06'),
(331,	180,	110,	'Berlín, Volkspark Hasenheide',	'fm',	'2012-07-10'),
(332,	193,	52,	'Hejnice',	'one way',	'2012-06-24'),
(333,	183,	152,	'Praha - Stromovka - 499 footer',	'OS fm',	'2012-07-19'),
(335,	149,	327,	'Praha - Stromovka',	'OS',	'2012-07-22'),
(336,	70,	106,	'Ostrov, Snake viper line',	'fm',	'2012-08-07'),
(337,	52,	112,	'Liberec, Bělidlo',	'-',	'2012-09-02'),
(338,	81,	166,	'V rohu',	'fm',	'2012-09-03'),
(339,	179,	110,	'Ostrov - Snake Viper Line',	'one way',	'2012-08-18'),
(340,	179,	102,	'Praha - Stromovka - 327m plac',	'OS fm',	'2012-09-06'),
(341,	179,	100,	'Praha - Stromovka - 327m plac',	'OS fm',	'2012-09-06'),
(342,	70,	102,	'Stromovka PSM',	'OS fm',	'2012-09-06'),
(343,	70,	100,	'Stromovka ',	'OS fm',	'2012-09-06'),
(344,	70,	141,	'Stromovka PSM',	'OS, fm',	'2012-09-07'),
(345,	70,	108,	'Praha Ladronka',	'OS, fm',	'2010-08-09'),
(346,	81,	141,	'Praha - Stromovka',	'OS fm',	'2012-09-07'),
(347,	81,	160,	'Praha - Stromovka',	'OS fm',	'2012-09-07'),
(348,	179,	105,	'Praha - Stromovka - 327m plac',	'OS fm',	'2012-09-09'),
(349,	179,	141,	'Praha - Stromovka - 327m plac',	'one way',	'2012-09-07'),
(350,	180,	141,	'Praha - Stromovka',	'one way',	'2012-09-07'),
(351,	105,	141,	'Praha - Stromovka',	'one way',	'2012-09-07'),
(352,	179,	120,	'Praha - Ladronka',	'OS',	'2012-09-15'),
(353,	107,	47,	'Příbram, lesopark',	'one way',	'2012-09-04'),
(354,	70,	105,	'Stromovka PSM',	'OS fm',	'2012-09-09'),
(355,	70,	112,	'Dvojitá mantra - Stromovka',	'one way',	'2012-09-09'),
(356,	70,	152,	'Stromovka - Mantra',	'OS, fm',	'2012-09-22'),
(357,	179,	115,	'Praha - Stromovka - 327m plac',	'OS fm',	'2012-09-25'),
(358,	179,	108,	'Letenské sady, Praha',	'OS',	'2012-09-20'),
(359,	179,	108,	'Letenské sady, Praha',	'OS',	'2012-09-14'),
(361,	187,	54,	'Červený Kostelec',	'one way',	'2012-09-26'),
(362,	52,	102,	'Praha - Stromovka',	'-',	'2012-09-06'),
(363,	52,	100,	'Praha - Stromovka',	'-',	'2012-09-06'),
(364,	193,	63,	'Praha - Bohnice',	'OS',	'2012-09-22'),
(365,	50,	101,	'Stráž - Bělidlo',	'-',	'2012-09-13'),
(366,	50,	117,	'Ruprechtice - kaplička',	'-',	'2012-10-09'),
(367,	54,	327,	'Praha - Stromovka - 327m plac',	'OS',	'2012-08-16'),
(368,	193,	72,	'Letenské sady, Praha',	'one way',	'2012-10-12'),
(369,	70,	191,	'Praha - Stromovka',	'OS fm',	'2012-10-13'),
(370,	179,	191,	'Praha - Stromovka - 327m plac',	'OS',	'2012-10-13'),
(372,	198,	101,	'Karlovy Vary',	'OS fm',	'2012-10-22'),
(373,	179,	120,	'Praha - Stromovka',	'OS fm',	'2012-11-14'),
(374,	193,	87,	'Praha, Letná',	'one way',	'2012-11-20'),
(375,	70,	213,	'Stromovka',	'one way',	'2012-11-21'),
(376,	179,	105,	'Praha - Stromovka',	'OS fm',	'2012-11-20'),
(377,	179,	100,	'Praha - Stromovka',	'OS',	'2012-11-21'),
(378,	179,	105,	'Praha - Stromovka',	'OS fm',	'2012-11-27'),
(380,	202,	86,	'Pardubice, Gate line',	'OS, fm',	'2012-11-29'),
(381,	202,	72,	'Pardubice, sedmde',	'-',	'2012-11-22'),
(382,	202,	50,	'Pardubice',	'one way',	'2010-04-29'),
(383,	179,	100,	'Praha - Stromovka',	'OS fm',	'2012-12-08'),
(384,	70,	100,	'Stromovka',	'OS',	'2012-12-08'),
(385,	179,	125,	'Praha - Stromovka',	'fm',	'2012-12-20'),
(386,	179,	149,	'Praha - Stromovka',	'one way',	'2012-12-20'),
(387,	52,	108,	'u kapličky LBC',	'-',	'2012-12-24'),
(388,	50,	101,	'Ruprechtice - kaplička',	'-',	'2012-12-24'),
(389,	99,	213,	'Stromovka',	'one way',	'2012-11-14'),
(390,	202,	90,	'Pardubice, Labský palouk',	'OS fm',	'2013-04-17'),
(391,	202,	105,	'Černá za bory, Pardubice',	'OS, fm',	'2013-05-04'),
(392,	210,	96,	'Pardubice, Labský palouk',	'one way',	'2013-05-08'),
(393,	210,	86,	'Černá za bory, Pardubice',	'OS, fm',	'2013-05-04'),
(394,	210,	72,	'Čičák, Pardubice',	'fm',	'2012-10-11'),
(395,	210,	107,	'Sobotka, Koňská stosedma',	'OS',	'2013-05-11'),
(396,	202,	119,	'Sobotka, Koňská stodevatenáct',	'OS, fm',	'2013-05-11'),
(397,	198,	155,	'Sobotka',	'one way',	'2013-05-11'),
(398,	198,	120,	'Sobotka, kolbiště',	'OS fm',	'2013-05-11'),
(400,	198,	201,	'Sobotka',	'one way',	'2013-05-12'),
(401,	198,	102,	'Sobotka, kolbiště',	'fm',	'2013-05-11'),
(402,	81,	201,	'Sobotka 2kilčo',	'OS',	'2013-05-11'),
(403,	81,	107,	'Sobotka - Koňská stosedma',	'OS, fm',	'2013-05-11'),
(405,	81,	113,	'Sobotka',	'OS fm',	'2013-05-11'),
(406,	81,	155,	'Sobotka',	'OS fm',	'2013-05-11'),
(410,	211,	72,	'Pardubice, Čičák - Sedmde',	'fm',	'2011-04-30'),
(411,	211,	40,	'Brno, Kraví hora',	'fm',	'2008-08-20'),
(412,	211,	60,	'Brno, Kraví hora',	'OS, fm',	'2008-11-17'),
(413,	211,	86,	'Pardubice, Černá za Bory',	'one way',	'2013-05-04'),
(415,	211,	96,	'Pardubice, Labský palouk',	'OS, fm',	'2013-05-08'),
(416,	211,	107,	'Pardubice, Labský palouk',	'one way',	'2013-05-15'),
(417,	179,	140,	'Praha - Stromovka - 327m plac',	'OS fm',	'2013-05-17'),
(418,	179,	165,	'Praha - Stromovka - 327m plac',	'OS',	'2013-05-17'),
(419,	179,	180,	'Stromovka - ďolíček',	'OS, fm',	'2013-05-14'),
(420,	214,	82,	'Jablonec- Pod hrází',	'one way',	'2012-12-28'),
(421,	214,	125,	'Liberec- Vesec',	'fm',	'2013-04-14'),
(422,	214,	135,	'Praha- Stromovka',	'OS',	'2013-05-17'),
(423,	70,	120,	'Sobotka',	'OS fm',	'2013-05-11'),
(424,	70,	155,	'Sobotka',	'one way',	'2013-05-12'),
(425,	95,	107,	'Sobotka - Koňská stosedma',	'one way',	'2013-05-11'),
(426,	214,	153,	'Adršpach',	'one way',	'2013-07-20'),
(427,	70,	104,	'Kemp Hejnice',	'one way',	'2013-06-22'),
(428,	171,	85,	'Kraków',	'one way',	'2013-05-26'),
(429,	187,	65,	'ČK',	'OS fm',	'2013-08-16'),
(430,	158,	45,	'Frýdek-Místek',	'one way',	'2013-07-19'),
(431,	70,	100,	'Letná - dvojitý kilo',	'OS, fm',	'2013-09-08'),
(432,	70,	100,	'Ladronka',	'OS fm',	'2013-08-20'),
(433,	149,	380,	'Sobín u Prahy',	'OS',	'2013-09-08'),
(434,	171,	104,	'Náchod',	'OS',	'2013-09-25'),
(435,	183,	165,	'Praha - Štvanice',	'fm',	'2013-08-28'),
(436,	220,	115,	'Praha - Stromovka',	'OS',	'2013-09-29'),
(437,	70,	102,	'Stromovka PASM',	'OS fm',	'2013-10-12'),
(438,	70,	100,	'Stromovka PASM',	'OS fm',	'2013-10-12'),
(439,	193,	105,	'Praha - Stromovka',	'one way',	'2012-11-27'),
(440,	193,	102,	'Praha - Stromovka - 327m plac',	'-',	'2013-10-05'),
(441,	171,	102,	'Praha, Stromovka',	'one way',	'2013-10-12'),
(442,	1,	122,	'Pra',	'one way',	'2014-04-18'),
(443,	158,	61,	'NJ-Smetanovy sady',	'one way',	'2014-03-30'),
(444,	202,	150,	'Pardubice (Černá za Bory)',	'fm',	'2014-03-29'),
(445,	202,	170,	'Nasavrky',	'OS',	'2014-04-12'),
(446,	210,	107,	'Pardubice, Labský palouk',	'OS FM',	'2014-04-23'),
(447,	214,	165,	'Dalešice',	'one way',	'2014-05-03'),
(448,	183,	201,	'Sobotka',	'OS FM',	'2014-05-10'),
(449,	70,	140,	'Sobotka',	'OS FM',	'2014-05-10'),
(450,	232,	101,	'Kralupy nad Vltavou',	'OS FM',	'2014-05-12'),
(451,	138,	117,	'Ostrava',	'-',	'2014-03-14'),
(452,	179,	203,	'stromovka - psí louka',	'OS FM',	'2014-01-10'),
(453,	235,	60,	'Slackline festival Garden Part',	'-',	'2014-05-10'),
(454,	193,	118,	'Stromovka',	'OS',	'2014-03-08'),
(455,	248,	80,	'Stromovka',	'one way',	'2014-08-14'),
(456,	245,	95,	'Polička',	'-',	'2014-09-04'),
(457,	193,	120,	'Adršpach hřiště',	'one way',	'2014-09-19'),
(458,	301,	81,	'Brno park Lužánky',	'one way',	'2014-09-21'),
(459,	107,	30,	'Mlýnská strouha - Plzeň',	'OS, fm',	'2014-10-08'),
(460,	214,	172,	'Adršpach',	'OS FM',	'2014-10-15'),
(461,	230,	40,	'Letná',	'-',	'2014-10-20'),
(462,	387,	41,	'Dětmarovice',	'one way',	'2014-11-06'),
(463,	396,	41,	'Dětmarovice',	'-',	'2014-11-10'),
(464,	396,	52,	'Dětmarovice',	'fm',	'2014-11-09'),
(465,	396,	60,	'Ostrava- Trojhalí',	'fm',	'2014-11-11'),
(466,	70,	125,	'Stromovka',	'one way',	'2014-11-15'),
(467,	396,	63,	'Dětmarovice 24 - Vokolo kulaťá',	'one way',	'2014-11-23'),
(468,	387,	52,	'Dětmarovice',	'one way',	'2014-12-20'),
(469,	396,	80,	'Dětmarovice',	'one way',	'2014-12-21'),
(470,	396,	101,	'Dětmarovice',	'one way',	'2015-01-17'),
(471,	635,	103,	'Jilemnice',	'one way',	'2015-02-13'),
(472,	179,	195,	'Praha - Stromovka',	'one way',	'2015-02-24'),
(473,	179,	165,	'Praha - Stromovka',	'fm',	'2015-02-19'),
(474,	188,	149,	'Prostějov',	'one way',	'2014-12-14'),
(475,	387,	60,	'Dětmarovice',	'one way',	'2015-04-22'),
(476,	728,	110,	'Třinec (Větrník)',	'one way',	'2015-04-04'),
(477,	237,	108,	'Světlá nad Sázavou',	'OS',	'2015-05-30'),
(478,	179,	250,	'stromovka - psí louka',	'OS FM',	'2015-06-05'),
(479,	808,	70,	'Příbram - lesopark',	'one way',	'2015-06-07'),
(480,	237,	108,	'Světlá nad Sázavou',	'OS',	'2015-05-30'),
(481,	387,	68,	'Dětmarovice',	'one way',	'2015-09-13'),
(482,	396,	68,	'Dětmarovice',	'fm',	'2015-09-13'),
(483,	183,	262,	'Praha - Stromovka',	'one way',	'2015-09-21'),
(484,	635,	180,	'jilemnice',	'one way',	'2015-06-10'),
(485,	635,	40,	'adržpach',	'OS',	'2015-08-05'),
(486,	241,	107,	'Plzeň, Borský park',	'fm',	'2015-11-13'),
(487,	846,	35,	'Heřmanův Městec',	'one way',	'2016-08-19'),
(488,	846,	37,	'Heřmanův Městec',	'fm',	'2016-08-21'),
(489,	846,	37,	'Heřmanův Městec',	'fm',	'2016-08-21'),
(490,	846,	37,	'Heřmanův Městec',	'fm',	'2016-08-21'),
(491,	846,	40,	'Brno - Lužánky',	'one way',	'2016-09-18'),
(492,	846,	46,	'Heřmanův Městec',	'OS, fm',	'2016-09-30'),
(493,	846,	48,	'Brno - Lužánky',	'OS FM',	'2017-02-22'),
(494,	846,	52,	'Brno - Lužánky',	'OS FM',	'2017-03-08'),
(495,	846,	105,	'Brno - Lužánky',	'OS',	'2017-03-28'),
(496,	852,	50,	'Třebon',	'OS',	'2017-03-07'),
(497,	867,	40,	'Letná',	'fm',	'2017-06-15'),
(498,	868,	80,	'Stromovka',	'OS, fm',	'2019-09-28'),
(499,	870,	156,	'Pavia',	'fm',	'2020-03-11'),
(500,	228,	103,	'Kralupy nad Vltavou',	'OS',	'2013-12-29'),
(501,	183,	310,	'Kokorinsko',	'OS FM',	'2020-09-06'),
(502,	868,	85,	'Hřiště SK Pchery',	'OS, fm',	'2020-08-28'),
(503,	895,	75,	'Stromovka',	'one way',	'2021-02-24'),
(504,	868,	60,	'Kladno, Sletiště',	'OS FM',	'2021-03-12'),
(505,	898,	40,	'Kladno - Sletiště',	'fm',	'2020-06-25'),
(506,	898,	50,	'Kladno - Sletiště',	'one way',	'2020-11-15'),
(507,	898,	35,	'Hřebeč',	'OS, fm',	'2020-11-16'),
(508,	898,	50,	'Hřebeč',	'one way',	'2021-03-09'),
(509,	898,	45,	'Kladno - Sletiště',	'OS FM',	'2021-03-12'),
(510,	898,	60,	'Kladno - Sletiště',	'OS',	'2021-03-12'),
(511,	898,	30,	'Kladno - Sletiště',	'OS FM',	'2021-03-18'),
(512,	898,	50,	'Kladno - Sletiště',	'one way',	'2021-03-18'),
(513,	898,	60,	'Praha - Letná',	'OS, fm',	'2021-03-22'),
(514,	898,	50,	'Praha - Stromovka',	'OS, fm',	'2021-03-24'),
(515,	898,	70,	'Praha - Stromovka',	'one way',	'2021-03-24'),
(516,	898,	45,	'Kladno - Sletiště',	'OS FM',	'2021-03-30'),
(517,	900,	50,	'Kladno - Sletiště',	'fm',	'2021-03-25'),
(518,	900,	45,	'Kladno - Sletiště',	'one way',	'2021-03-30'),
(519,	900,	50,	'Kladno - Sletiště',	'fm',	'2021-04-09'),
(520,	901,	105,	'Stromovka',	'one way',	'2021-04-07'),
(521,	901,	105,	'Stromovka',	'one way',	'2021-03-31'),
(522,	183,	450,	'Louka u Neveklova',	'one way',	'2021-04-11'),
(523,	898,	40,	'Kladno - Sletiště',	'OS FM',	'2021-04-13'),
(524,	898,	60,	'Praha - Stromovka',	'OS',	'2021-04-21'),
(525,	898,	75,	'Praha - Stromovka',	'one way',	'2021-04-21'),
(526,	903,	100,	'Štvanice',	'-',	'2021-04-25'),
(527,	898,	70,	'Kladno - Sletiště',	'one way',	'2021-04-30'),
(528,	895,	105,	'Stromovka',	'one way',	'2021-03-31'),
(529,	898,	80,	'Praha - Stromovka',	'one way',	'2021-05-23'),
(530,	898,	70,	'Kladno - Sletiště',	'OS FM',	'2022-06-18');

DROP TABLE IF EXISTS `prvni_prechody_hl`;
CREATE TABLE `prvni_prechody_hl` (
  `id` int(11) NOT NULL AUTO_INCREMENT,
  `nick` varchar(30) DEFAULT NULL,
  `styl` varchar(10) NOT NULL,
  `uzivatel_id` int(11) DEFAULT NULL,
  `highline_id` int(11) NOT NULL,
  PRIMARY KEY (`id`),
  KEY `fk_prvni_prechody_hl_uzivatel1` (`uzivatel_id`),
  KEY `fk_prvni_prechody_hl_highline1` (`highline_id`),
  CONSTRAINT `fk_prvni_prechody_hl_highline1` FOREIGN KEY (`highline_id`) REFERENCES `highline` (`id`) ON DELETE NO ACTION ON UPDATE NO ACTION,
  CONSTRAINT `fk_prvni_prechody_hl_uzivatel1` FOREIGN KEY (`uzivatel_id`) REFERENCES `uzivatel` (`id`) ON DELETE NO ACTION ON UPDATE NO ACTION
) ENGINE=InnoDB DEFAULT CHARSET=utf8mb3 COLLATE=utf8mb3_czech_ci;

INSERT INTO `prvni_prechody_hl` (`id`, `nick`, `styl`, `uzivatel_id`, `highline_id`) VALUES
(3,	'Tomáš',	'OS fm',	183,	134),
(4,	'Vejvis',	'OS fm',	1,	137),
(5,	'stanely',	'OS fm',	45,	137),
(6,	'malafson',	'OS fm',	81,	139),
(7,	'Lukš',	'OS fm',	179,	139),
(8,	'voříšek',	'OS fm',	65,	139),
(9,	'Píďa',	'OS fm',	99,	139),
(10,	'Danny',	'OS fm',	149,	139),
(11,	'ancekance',	'OS fm',	123,	139),
(12,	'Jirka Kerner',	'OS fm',	NULL,	139),
(13,	'Jakub Krecbach',	'OS fm',	NULL,	139),
(14,	'malafson',	'OS fm',	81,	135),
(15,	'landcruising',	'fm',	NULL,	140),
(16,	'Lukš',	'OS, fm',	179,	141),
(17,	'Píďa',	'fm',	99,	141),
(18,	'Lukš',	'fm',	179,	133),
(19,	'Danny',	'OS fm',	149,	133),
(20,	'voříšek',	'OS fm',	65,	142),
(21,	'climbee',	'fm',	92,	141),
(22,	'Píďa',	'OS fm',	99,	143),
(23,	'Lukš',	'OS fm',	179,	143),
(24,	'Marc',	'OS fm',	70,	143),
(25,	'Adamski',	'fm',	189,	143),
(26,	'Kernerski',	'OS fm',	199,	143),
(27,	'Danny',	'OS fm',	149,	143),
(28,	'jakub uhlíř',	'OS, fm',	NULL,	143),
(29,	'gogol vojta',	'OS',	NULL,	143),
(30,	'Lukš',	'fm',	179,	144),
(31,	'Píďa',	'fm',	99,	144),
(32,	'Danny',	'OS, fm',	149,	144),
(33,	'Adamski',	'fm',	189,	144),
(34,	'Sašovski',	'fm',	NULL,	144),
(35,	'Alex',	'fm',	NULL,	144),
(36,	'Marc',	'fm',	70,	145),
(37,	'Lukš',	'fm',	179,	145),
(38,	'Kwjet',	'OS fm',	54,	145),
(39,	'Pida',	'OS fm',	NULL,	146),
(40,	'Lukš',	'OS fm',	NULL,	146),
(41,	'Danny',	'fm',	NULL,	146),
(42,	'malafson',	'one way',	NULL,	147),
(45,	'Kwjet, Anče, Danny, Luky',	'OS fm',	NULL,	148),
(46,	'Adamski',	'one way',	189,	149),
(47,	'Danny,Saša,Alex,K. Uhlík,Pída',	'OS fm',	NULL,	151),
(48,	'Lukš',	'fm',	NULL,	153),
(49,	'Ondra Svoboda',	'fm',	NULL,	154),
(50,	'Štěpán Šembera',	'fm',	NULL,	154),
(52,	'Adam',	'fm',	NULL,	155),
(53,	'h.drbohlav',	'one way',	210,	155),
(54,	'malafson',	'OS, fm',	81,	156),
(55,	'Mára',	'OS fm',	85,	157),
(56,	'malafson',	'OS fm',	81,	157),
(57,	'Lukš',	'OS fm',	NULL,	158),
(58,	'Adamsky',	'OS fm',	NULL,	158),
(59,	'Danny',	'OS, fm',	NULL,	159),
(60,	'Faith',	'fm',	NULL,	165),
(61,	'Faith',	'OS fm',	NULL,	164),
(62,	'ancekance',	'fm',	123,	164),
(63,	'voříšek',	'OS fm',	65,	166),
(64,	'Peeto',	'OS fm',	46,	166),
(66,	'Peeto',	'OS fm',	46,	167),
(67,	'voříšek',	'fm',	65,	167),
(68,	'Kernerski',	'OS fm',	199,	167),
(69,	'ancekance',	'fm',	123,	167),
(70,	'Danny',	'OS fm',	149,	168),
(71,	'voříšek',	'OS fm',	65,	169),
(72,	'Píďa',	'OS fm',	99,	182),
(73,	'Adam',	'fm',	214,	182),
(78,	'LesMen',	'OS fm',	221,	188),
(79,	'Peeto',	'OS fm',	NULL,	189),
(80,	'Lukš',	'OS fm',	NULL,	189),
(81,	'Píďa',	'OS fm',	NULL,	189),
(82,	'Lukš',	'OS fm',	NULL,	190),
(84,	'Píďa',	'fm',	NULL,	190),
(85,	'Kwjet',	'OS fm',	NULL,	191),
(86,	'Lukáš',	'fm',	NULL,	192),
(87,	'Uhlíček',	'OS fm',	NULL,	192),
(88,	'Lukáš',	'one way',	NULL,	193),
(89,	'Lukš',	'fm',	NULL,	194),
(90,	'Lukš',	'fm',	NULL,	195),
(91,	'Píďa',	'OS fm',	99,	196),
(92,	'Lukš',	'OS fm',	179,	196),
(93,	'Kernerski',	'OS fm',	199,	196),
(94,	'Tomáš',	'OS fm',	183,	196),
(95,	'Lukš',	'OS fm',	NULL,	198),
(96,	'Uhlíček',	'OS fm',	NULL,	198),
(99,	'Hynek',	'fm',	434,	200),
(100,	'Hynek',	'fm',	434,	202),
(102,	'Tomáš',	'OS fm',	183,	204),
(103,	'Tomas',	'OS fm',	206,	204),
(104,	'Lukš',	'fm',	179,	204),
(105,	'Vivaista',	'OS fm',	396,	210),
(107,	'Vivaista',	'OS fm',	396,	212),
(108,	'Lukš',	'fm',	179,	214),
(109,	'Sašalsky',	'fm',	NULL,	214),
(110,	'Mišo',	'one way',	NULL,	214),
(111,	'Tomáš L.',	'fm',	NULL,	214),
(112,	'Adam',	'OS fm',	214,	215),
(113,	'Kaštan',	'OS fm',	168,	215),
(115,	'Reaggi',	'OS fm',	241,	219),
(117,	'Peeto',	'OS fm',	46,	220),
(118,	'Kaštan',	'OS fm',	168,	220),
(119,	'Kaštan',	'OS fm',	168,	221),
(120,	'Peeto',	'OS fm',	46,	221),
(121,	'Kaštan',	'fm',	168,	222),
(122,	'Maty',	'fm',	NULL,	222),
(123,	'Adam',	'OS fm',	214,	223),
(124,	'Tomáš',	'OS fm',	183,	224),
(125,	'Vlčák',	'one way',	248,	224),
(126,	'Uhlík',	'OS fm',	NULL,	227),
(127,	'Lukš',	'one way',	NULL,	227),
(129,	'Vlk',	'one way',	848,	230),
(131,	'Dawid',	'OS fm',	849,	230),
(132,	'Lukš',	'OS fm',	NULL,	231),
(133,	'Uhlík',	'fm',	NULL,	231),
(136,	'Vlk',	'OS fm',	848,	234),
(137,	'Dawid',	'OS fm',	849,	234),
(138,	'Uhlík',	'fm',	NULL,	235),
(139,	'Lukš',	'fm',	NULL,	235),
(140,	'Lukš',	'fm',	NULL,	237),
(141,	'Lukš',	'fm',	NULL,	241),
(142,	'Halfi, Lukš, Mišo, Malaf',	'OS, fm',	NULL,	243),
(143,	'Livajz',	'fm',	865,	250),
(144,	'Pavel',	'OS fm',	NULL,	250),
(145,	'Tomáš',	'fm',	183,	251);

DROP TABLE IF EXISTS `uzivatel`;
CREATE TABLE `uzivatel` (
  `id` int(11) NOT NULL AUTO_INCREMENT,
  `nick` varchar(15) NOT NULL,
  `heslo` varchar(32) NOT NULL,
  `jmeno` varchar(30) NOT NULL,
  `prijmeni` varchar(30) NOT NULL,
  `rok_nar` int(11) DEFAULT NULL,
  `email` varchar(30) NOT NULL,
  `telefon` varchar(30) DEFAULT NULL,
  `mesto` varchar(50) NOT NULL,
  `pohlavi` char(1) DEFAULT NULL,
  `role` varchar(45) DEFAULT 'guest',
  `enabled` tinyint(1) NOT NULL DEFAULT 1,
  PRIMARY KEY (`id`),
  UNIQUE KEY `nick` (`nick`)
) ENGINE=InnoDB DEFAULT CHARSET=utf8mb3 COLLATE=utf8mb3_czech_ci;

INSERT INTO `uzivatel` (`id`, `nick`, `heslo`, `jmeno`, `prijmeni`, `rok_nar`, `email`, `telefon`, `mesto`, `pohlavi`, `role`, `enabled`) VALUES
(1,	'Vejvis',	'04fc51651a4dacabd33aecd393f15aa2',	'Petr',	'Vejvoda',	1989,	'petrvejvoda@seznam.cz',	'739029732',	'Liberecko',	'm',	'admin',	1),
(10,	'kolouch',	'e976606e567a108ccc77b65e394d7216',	'Jiří',	'Janoušek',	1969,	'kolouchreceteam@seznam.cz',	'723231852',	'Přebytek',	NULL,	'admin',	1),
(45,	'stanely',	'0e1112c0452bebeb0ae1f021be8e44d6',	'Standa',	'Mayer',	1989,	'stanely@atlas.cz',	'774 865 116',	'Liberec, Praha',	NULL,	'guest',	1),
(46,	'Peeto',	'4b961fd01ff975fd98f97de3b6a6235a',	'Petr',	'Kučera',	1991,	'peeto@lajny.cz',	'731289277',	'Liberec',	NULL,	'guest',	1),
(49,	'Roman',	'b63eaf0c4483c2b5a7f4e33fc483b96b',	'Roman',	'Fischer',	1993,	'roman.fischer19@gmail.com',	'',	'',	NULL,	'guest',	1),
(50,	'Kajoch',	'26277bb151754ba3c8913f95089da710',	'Tomáš',	'Kajínek',	1974,	'tomas.kajinek@centrum.cz',	'777821150',	'Stráž nad Nisou',	NULL,	'guest',	1),
(51,	'ondrahk',	'fa22c4d114c70c2b2107454f64d99f94',	'Ondra',	'Kváš',	1986,	'ondra@lajny.cz',	'',	'Hradec Králové',	NULL,	'guest',	1),
(52,	'Kuře',	'f33caf88982386f23e1b74b2b5ee986e',	'Michal',	'Strnad',	1989,	'm.strnad007@gmail.com',	'',	'Liberec/Ústí',	NULL,	'guest',	1),
(53,	'Honzís',	'1aae65aed51906f0082ab595b8d0cb9d',	'Jan',	'Vít',	1987,	'tucnacigeneral@seznam.cz',	'721627321',	'Plzeň',	NULL,	'guest',	1),
(54,	'Kwjet',	'b3cef68435cf06166ff344d10704e4e7',	'Jakub',	'Hanuš',	1987,	'info@slackshop.cz',	'725740752',	'Prague',	NULL,	'guest',	1),
(55,	'honza',	'594f803b380a41396ed63dca39503542',	'honza',	'honza',	1971,	'a.osm@seznam.cz',	'',	'Velké Hamry',	NULL,	'guest',	1),
(56,	'SlackThatShit',	'cdab8a671c9dcae0dcbb1de0e45d7f63',	'Vojtěchsoon',	'Dandy',	1990,	'mr.xander@seznam.cz',	'',	'Praha',	NULL,	'guest',	1),
(57,	'Spy.Dr',	'ae2812ff0016cde5c3beeae3fd88e6a7',	'Jiří',	'Prokop',	1984,	'jirinaprokop@seznam.cz',	'777658579',	'Vrchlabí',	NULL,	'guest',	1),
(58,	'Senor27',	'672c128ba02d9a26ddd393edc22a041d',	'Daniel',	'Uhlíř',	1976,	'Senor27@seznam.cz',	'',	'Lázně Kynžvart',	NULL,	'guest',	1),
(59,	'David',	'cc735f707d8f10d83a51091cea248891',	'David',	'Eisler',	1992,	'ajglinka1@gmail.com',	'731475634',	'Liberec - Machnín',	NULL,	'guest',	1),
(60,	'Luca',	'6c41b8dcc4313eeb2a414a9434127565',	'Lucie',	'Bydžovská',	1988,	'luca.byd@email.cz',	'',	'Liberec',	NULL,	'guest',	1),
(61,	'george',	'd18be915b72b70ca347c8db7d09030ee',	'Jiří',	'Bláha',	1982,	'george00@centrum.cz',	'',	'Různé',	NULL,	'guest',	1),
(62,	'LaDa',	'a384b6463fc216a5f8ecb6670f86456a',	'Láďa',	'Vít',	1992,	'ladavit@seznam.cz',	'',	'Plzeň',	NULL,	'guest',	1),
(63,	'čéřa',	'176c1595a5a5aab01f44cdabc93908fe',	'Roman',	'Čeřovský',	1974,	'roman.cerovsky@email.cz',	'722914833',	'Liberec',	NULL,	'guest',	1),
(64,	'Daemon',	'f8813323c8d883d0e5466d80f63e4df2',	'Damian',	'Czermak',	1987,	'damian_czermak@gazeta.pl',	'',	'Hejszowina, Teplice, Labak, Yosemite, Dolomity, Ba',	NULL,	'guest',	1),
(65,	'voříšek',	'9447f1858bd5a42e0aab2d5dc046fe96',	'ˇˇˇ',	'ˇˇˇ',	0,	'nahnily@gmail.com',	'',	'stráž nad nisou',	NULL,	'guest',	1),
(66,	'Míra',	'059da2ada5dc35466397a1b5f7b77e48',	'Miroslav',	'Janoušek',	1970,	'janousekmira@seznam.cz',	'',	'Benešov',	NULL,	'guest',	1),
(67,	'Prcek',	'f09d4b6afe04837309283d30c06ee199',	'Klára',	'Michutová',	247,	'kaja247@centrum.cz',	'777605229',	'hutisko-solanec',	NULL,	'guest',	1),
(68,	'Smolda',	'92bea1d58fa4d983047774eaea85f8de',	'Miloslav',	'Smolík',	1985,	'smolda.m@seznam.cz',	'722788432',	'Teplice City',	NULL,	'guest',	1),
(69,	'Lucka',	'cc614fca9e01d7d3d11d7442fd0245ba',	'Lucie',	'Kajínková',	1981,	'l.kajinkova@centrum.cz',	'',	'Stráž nad Nisou',	NULL,	'guest',	1),
(70,	'Marc',	'2b4d70b8067d7ce4221682daca085480',	'Marek',	'Smolka',	1989,	'marek@gibbon-slacklines.cz',	'732618505',	'Praha',	NULL,	'guest',	1),
(71,	'Marek',	'c28a062b99c8069c25a61fe92430068c',	'Marek',	'Csukás',	1982,	'amen@seznam.cz',	'776 736 477',	'Praha',	NULL,	'guest',	1),
(72,	'klbo',	'0b389d65bf1a2a892adda56eb234e078',	'robo',	'sopko',	1975,	'robot.sopko@gmail.com',	'776674561',	'praha',	NULL,	'guest',	1),
(73,	'Barča',	'f29968da969743ec60ce7a66eb0bec54',	'Barča',	'Hynková',	1990,	'hyndourka@seznam.cz',	'608091023',	'',	NULL,	'guest',	1),
(74,	'kohy',	'cd30bc36219f1a9faa1b073276716470',	'Lukáš',	'Kohout',	1990,	'flerion@seznam.cz',	'720405633',	'Ústí nad Labem',	NULL,	'guest',	1),
(75,	'Mari',	'b5cdcd39b27481392e07403742affd9d',	'Marian',	'Pradeniak',	1988,	'carveza1@seznam.cz',	'+420724593258',	'Ústí nad Labem',	NULL,	'guest',	1),
(76,	'neiko',	'8621ffdbc5698829397d97767ac13db3',	'Karolina',	'Lis',	1988,	'neiko@go2.pl',	'',	'Wrocław',	NULL,	'guest',	1),
(77,	'Marsi',	'c2bb4343911c482845842c1c8e4ebb6e',	'Marcela',	'Krchovová',	0,	'marcela.k@volny.cz',	'',	'Zbiroh',	NULL,	'guest',	1),
(78,	'Bc.Oli',	'2cbbe733756745751ad323a3c0020eee',	'Olga',	'Pavlíková',	1988,	'oli@lajny.cz',	'737909069',	'Praha/Hradec Králové',	NULL,	'guest',	1),
(79,	'Honzin',	'c1fceb2e96281d14c263cb337a7cd7d0',	'Jan',	'Mikula',	1988,	'janmikula@seznam.cz',	'',	'Náchod',	NULL,	'guest',	1),
(80,	'praken',	'a45958517604f5cd90d6ee51ad9cfdb6',	'jakub',	'tomín',	1990,	'tomin27@centrum.cz',	'773914744',	'liberec-praha',	NULL,	'guest',	1),
(81,	'malafson',	'31810cc33dc96d3cac62eeb84014cc8b',	'Vojtěch',	'Malafa',	1996,	'vojtamalaf@seznam.cz',	'773966653',	'Č.Kostelec',	NULL,	'guest',	1),
(82,	'ondra',	'88329a2d8c1a604baa1d26b851dd447a',	'ondra',	'rypel',	1988,	'ondrarypel@seznam.cz',	'',	'opava',	NULL,	'guest',	1),
(83,	'Yak!',	'fad97db8413cd6217e9d5ba499dba816',	'Jakub',	'Krecbach',	1991,	'w.chlup@seznam.cz',	'',	'Adršpach',	NULL,	'guest',	1),
(84,	'Matesh',	'88329a2d8c1a604baa1d26b851dd447a',	'Martin',	'Horňák',	1989,	'hornak.martin@centrum.cz',	'',	'Opava',	NULL,	'guest',	1),
(85,	'Mára',	'837b4bd97b308a69aab3fd919ae53c5d',	'Marek',	'Oubrecht',	1995,	'Oubrecht.M@seznam.cz',	'724885078',	'Trutnov',	NULL,	'guest',	1),
(86,	'Kája',	'a62b1fca6b53d6670a84aa2c7b373b27',	'Karolína',	'Chládková',	2707,	'caroline.chladek@yahoo.com',	'603116505',	'Liberec',	NULL,	'guest',	1),
(87,	'žížin',	'ef09aed49ae4607583c942401e477845',	'Tomáš',	'Komínek',	1992,	'kominek.tomas@gmail.com',	'',	'Plzeň',	NULL,	'guest',	1),
(89,	'bisik',	'decb56fe460cb6da7a23e1582bf95759',	'Pavel',	'Volk',	1973,	'info@bischofstein.cz',	'777595457',	'Teplice nad Metují',	NULL,	'guest',	1),
(90,	'Mirka',	'f45ada4c44c9749fbf7f6e93ea46b3d9',	'Miroslava',	'Jirková',	1975,	'53tecek@email.cz',	'',	'Tábor',	NULL,	'guest',	1),
(91,	'Máslouš',	'0098f7f0dc761b3885f45c3fbe0dbf87',	'Jaroslav',	'Máslo',	1996,	'jaroslavmaslo.10@seznam.cz',	'',	'Červený Kostelec',	NULL,	'guest',	1),
(92,	'climbee',	'14ed1a22176d3805f01deeab4c7aae03',	'Karel',	'Mašek',	1979,	'climbee@gmail.com',	'',	'Praha',	NULL,	'guest',	1),
(93,	'Terka',	'e9c70241320f74e6c274115fc41743e0',	'Tereza',	'Panochová',	1988,	'teres88@email.cz',	'',	'České Budějovice, Plzeň',	NULL,	'guest',	0),
(94,	'Howda',	'1960e94e5d938298a841e9cee0a00ea9',	'Honza',	'Semerák',	2001,	'howda@email.cz',	'',	'Mladá Boleslav, Bišík',	NULL,	'guest',	1),
(95,	'Hans',	'459642d08b959ecf4cbbc9bb2cff855c',	'Honza',	'Jarý',	1990,	'jary.honza@email.cz',	'',	'Varnsdorf',	NULL,	'guest',	1),
(96,	'Jarda',	'ee44777600e4438614c320e3b4dbe112',	'Jaroslav',	'Novák',	1979,	'novak.jara@seznam.cz',	'',	'Varnsdorf',	NULL,	'guest',	1),
(97,	'Britney',	'f8418414be3fe6b49950aaab46470b18',	'Kateřina',	'Pilařová',	1987,	'brutalni.kachnicka@gmail.com',	'',	'Ústí/Liberec',	NULL,	'guest',	1),
(98,	'Móňa',	'a4976dde79ff4dfa7517cd6d77d4b4d2',	'Monika',	'Formánková',	1987,	'monika-f@seznam.cz',	'777573680',	'Tábor',	NULL,	'guest',	1),
(99,	'Píďa',	'fd96ed31584f2122f9e1ee478b7b7232',	'Jakub',	'Trávník',	1988,	'jakub.travnik@gmail.com',	'777581040',	'Praha',	NULL,	'guest',	1),
(100,	'bobrice',	'9b122be4db08afcadb6c2dc2f5b480b4',	'kristyna',	'Obrocnikova',	1997,	'slacklive@seznam.cz',	'723534974',	'jicin',	NULL,	'guest',	1),
(101,	'KudŁATY',	'1e261a6ed2947daf64c727bcd150fb6e',	'Jan',	'Gałek',	1988,	'jan_galek@yahoo.com',	'+48511711744',	'Berlin',	NULL,	'guest',	1),
(102,	'Domi',	'22429f5b4ade972b5135f4923df253e0',	'Dominika',	'Patrná',	1993,	'dopa.trnka@gmail.com',	'',	'Liberec',	NULL,	'guest',	1),
(104,	'Houba',	'd3585bc3956be9293936897d0407fc76',	'Jiří',	'Chára',	1960,	'chara.jiri@gmail.com',	'',	'Velká Veleň',	NULL,	'guest',	1),
(105,	'jizva',	'7d28a0516bcf63a800bda4f18f5ad2e6',	'Jan',	'Tattermusch',	1984,	'atrac@centrum.cz',	'',	'Praha',	NULL,	'guest',	1),
(106,	'PetrN',	'f7366b24a5f18a49503782a5b831397b',	'Petr',	'Nováček',	1978,	'petr-novacek@email.cz',	'723 511 858',	'Chlumec nad Cidlinou',	NULL,	'guest',	1),
(107,	'Ondra.D',	'ac45f12aa9a5cf552547b3a6302e693b',	'Ondra',	'D',	0,	'Andrew.md63@gmail.com',	'',	'',	NULL,	'guest',	1),
(108,	'KuLe',	'73127d9bd9b0e1564f76c8103b794cce',	'Jakub',	'Šimák',	1981,	'ku-le@email.cz',	'',	'Hradec Králové',	NULL,	'guest',	1),
(109,	'fanca',	'60ce20214945dcd34a1532facad0d39c',	'frantiska',	'burdova',	1998,	'zlutic@seznam.cz',	'733644169',	'ferdinandov 600',	NULL,	'guest',	1),
(110,	'emko',	'17c44d6255942ae181069b7104d0c36d',	'Monika',	'Žďárková',	21,	'monca.zdarkova@seznam.cz',	'',	'Brno',	NULL,	'guest',	1),
(111,	'MirdaN',	'2989b4238de32ba66ff0450f0b5047df',	'Miroslav',	'Nakládal',	197,	'Mira.N22@sezanm.cz',	'',	'Litovel, Unčovice',	NULL,	'guest',	1),
(113,	'Darča',	'c25033a972715dbbdb7e73ac79261230',	'Darina',	'Koutná',	1999,	'd9a9d9u9n9k9a@seznam.cz',	'736206424',	'Hejnice',	NULL,	'guest',	1),
(114,	'Mič',	'd55d3b4e1763df9aceda47469b3aeeb9',	'Libor',	'Míček',	1982,	'jpwalker@seznam.cz',	'',	'Zubří',	NULL,	'guest',	1),
(115,	'pazout',	'99d1d68de38e0ac70a39c46a7e7a27a5',	'Jiří',	'Kočara',	1970,	'jiri.kocara@email.cz',	'',	'F-M',	NULL,	'guest',	1),
(116,	'Pavel',	'5f4dcc3b5aa765d61d8327deb882cf99',	'Pavel',	'Snášel',	1994,	'pavel.snasel@seznam.cz',	'',	'Hradec Králové',	NULL,	'guest',	1),
(117,	'pajson',	'7730af7a7b63beff887796ef9738cdda',	'Pavel',	'Majer',	1991,	'pajamajer@seznam.cz',	'',	'Mníšek p/B',	NULL,	'guest',	1),
(118,	'dostik7',	'8358dc163a0871e0f9c88802bae0f2b8',	'Jan',	'Dostal',	1973,	'dostik7@centrum.cz',	'602465379',	'Praha',	NULL,	'guest',	1),
(119,	'schwedler',	'74012322e5252bc082fd60b67fd8830f',	'richard',	'schwedler',	1997,	'schwedlerr@seznam.cz',	'',	'Nove Mesto pod Smrkem',	NULL,	'guest',	1),
(120,	'Dan',	'7633a406871b370b3620b2c484a79aff',	'Daniel',	'Kopecký',	1993,	'kopecak.dan@gmail.com',	'',	'Praha',	NULL,	'guest',	1),
(121,	'Mavericzek',	'95ee1906a47224bd5800e2af9b0a826e',	'Jaroslav',	'Bil',	1987,	'Jaroslav.Bil@email.cz',	'773677475',	'Bruntál/Ostrava',	NULL,	'guest',	1),
(122,	'bajga',	'c6b55eb3f6a5e21e2e9f66c7a0417244',	'Filip',	'Bajger',	1982,	'rododendron@email.cz',	'',	'Metan City/OVA',	NULL,	'guest',	1),
(123,	'ancekance',	'18314a5d472fd1e7e2882d90cc93873b',	'Ančekanče',	'Kuchařová',	1988,	'ancekance@gmail.com',	'',	'ůvaly u Prahy',	NULL,	'guest',	1),
(124,	'Cipísek',	'9930ea46adcd82f4972e0251c56ed866',	'Cipísek',	'Rumcajsů',	1900,	'rumcajsovic@centrum.cz',	'',	'Jičín',	NULL,	'guest',	0),
(125,	'Sprinter',	'49d4e4342c1fd8b2590f9889eb59ef42',	'Petr',	'Hrabovský',	1981,	'400m@centrum.cz',	'',	'Brno',	NULL,	'guest',	1),
(126,	'HonzaRy',	'edc5a121643efce84bc9f05b0e3bd68f',	'Jan',	'Ryšavý',	1510,	'Rjenik@seznam.cz',	'',	'Staré Město',	NULL,	'guest',	1),
(127,	'Dee',	'e86abdbe7b1dfa07cba05b0425fb828c',	'Diana',	'Pazdírková',	76,	'diana.pazdirkova@seznam.cz',	'',	'Brno',	NULL,	'guest',	1),
(128,	'Pepanek',	'644f3d508d10ba92d450ba234afec66b',	'Pepanek',	'Trejbal',	29,	'pepaanek@gmail.com',	'724971795',	'Trutnov',	NULL,	'guest',	1),
(129,	'Barčík',	'b9cd878179afcfd1c1e26993feca55fd',	'Barbora',	'Kašparová',	1998,	'barca.kasparova@email.cz',	'607687570',	'Hejnice',	NULL,	'guest',	0),
(130,	'Terčí',	'0fdb8bf89c0a15f54e61aec0265d36ba',	'Tereza',	'Kučerová',	1999,	'terezakucero@seznam.cz',	'',	'Hejnice',	NULL,	'guest',	1),
(132,	'Hever',	'1733bd435c298aaae7cb349cc917617d',	'Aleš',	'Podivínský',	1978,	'ales.podivinsky@seznam.cz',	'',	'Litoměřice',	NULL,	'guest',	1),
(133,	'Jindra',	'80de5af9fa5200b6ac6a4cf542b20833',	'Heinrich',	'Wildlagerchen',	1896,	'lu-pus@seznam.cz',	'',	'Reichenberg',	NULL,	'guest',	1),
(134,	'madA',	'1c0cc5e80cf055fee9a0ce0f0515df8c',	'Adam',	'Prihoda',	275,	'adam.prihoda@gmail.com',	'725505103',	'Praha',	NULL,	'guest',	1),
(135,	'Jířan',	'e5bc4e5d07c6539141889ebdd9fe7f82',	'Jiří',	'Máslo',	1998,	'maslojiri@seznam.cz',	'',	'Červený Kostelec',	NULL,	'guest',	1),
(136,	'Zavináč',	'3a3a4802fe04af91aaffb146f23c67a4',	'Jan',	'Šmejkal',	1997,	'ja.smejkal@gmail.com',	'',	'Tábor',	NULL,	'guest',	1),
(137,	'Ferdik',	'cfd4cd1bd7091d7e83792bb0064c801c',	'Roman',	'Kovács',	1991,	'magordante@gmail.com',	'+421910411159',	'Trnovec nad Váhom',	NULL,	'guest',	1),
(138,	'Filca',	'b2cac99fa00c9086a0ca711d7c235387',	'Filip',	'Kudla',	0,	'filca1@seznam.cz',	'',	'Studénka',	NULL,	'guest',	1),
(139,	'ste00',	'0fb50531afa9f237fe97a45f7214cb06',	'Stepan',	'Teply',	1974,	'stemich@seznam.cz',	'',	'Plavy',	NULL,	'guest',	1),
(140,	'Dejvf',	'489fe46fe1536e05a3762cac06bbe85f',	'David',	'Česenek',	1992,	'david.cesenek@seznam.cz',	'',	'Červený Kostelec',	NULL,	'guest',	1),
(141,	'Hassan',	'0015cc32089af63f1dfaf4fceafdfd3f',	'Jan',	'Kaniak',	0,	'kaniak@email.cz',	'',	'Kopřivnice',	'm',	'guest',	1),
(142,	'Sedli',	'6fccbfda9f32c28b278fe2eed4bc86ed',	'Tomáš',	'Sedláček',	1978,	'tsedlacek1@gmail.com',	'',	'Zlín',	NULL,	'guest',	1),
(143,	'Ježour',	'6e3f91c7948a5ab40ddbde227d9d2aee',	'Honza',	'Matoušek',	1994,	'jezourm@seznam.cz',	'776896001',	'Tábor',	NULL,	'guest',	1),
(144,	'kovca',	'9fe242754e45479fdfb41929650b80a5',	'tomáš',	'kovalčík',	1980,	'kovca.kovca@seznam.cz',	'',	'ostrava',	NULL,	'guest',	1),
(145,	'Vachyč',	'0fd2773bb15c5284117a54ed44e4a64f',	'Bára',	'Váchová',	1994,	'barca.vachova@email.cz',	'+420606971682',	'Teplice v Čechách',	NULL,	'guest',	1),
(146,	'shovky',	'3e7ebaf94249e5e7d6c476b45b700a66',	'juraj',	'šovčík',	1990,	'jurajsovcik@post.sk',	'',	'zvolen SR',	NULL,	'guest',	1),
(147,	'ďuroSR',	'f40293eba695f86facfce51c1b24d245',	'Juraj',	'Šovčík',	1990,	'jurajsovcik@post.sk',	'',	'Zvolen SR',	NULL,	'guest',	1),
(148,	'sohaj',	'c26eccf1a17afb36187e9ce85e5aee87',	'Lukáš',	'Čása',	1987,	'lukas.casa@seznam.cz',	'774514139',	'Plzeň',	NULL,	'guest',	1),
(149,	'Danny',	'41624c85e131f4d0aab67db0f679d719',	'Danny',	'Menšík',	1995,	'mensik.21@seznam.cz',	'734676865',	'Praha',	NULL,	'record',	1),
(150,	'Maňas',	'a33dc8860765f9e1ea3e2b62a85c102d',	'Vladimír',	'Maňásek',	1992,	'manasekv@gmail.com',	'',	'Nový Jičín',	NULL,	'guest',	1),
(151,	'Chodec',	'5a4a331d055cffda69d2e3703e67c243',	'Štěpán',	'Dvořák',	1985,	'chodec.007@seznam.cz',	'+420732802040',	'Třebíč',	NULL,	'guest',	1),
(152,	'Flyer',	'cb79b7aaf8499248ff1908bbd34b94e3',	'Petr',	'Urban',	1983,	'Urban@adventurepark.cz',	'724319597',	'Černá v Pošumaví',	NULL,	'guest',	1),
(153,	'Rachárd',	'c25033a972715dbbdb7e73ac79261230',	'Richard',	'Kemler',	1991,	'Richad.kemler@email.cz',	'',	'Olomouc',	NULL,	'guest',	1),
(154,	'eliskovalda',	'8ae11fd6f021c0af4b9857ae2a244a32',	'Eliška',	'Kovalíková',	1997,	'eliskovalda@seznam.cz',	'',	'Perštejn',	NULL,	'guest',	1),
(155,	'roska',	'7014b619d3aa70e6d44a7764820509ec',	'Jan',	'Rosina',	1990,	'rosina.j@seznam.cz',	'',	'LBC',	NULL,	'guest',	1),
(156,	'Komi',	'75c3844a8a2bd39688080fe141ecafa3',	'Jakub',	'Komrska',	1993,	'jackob008@seznam.cz',	'',	'Strakonice',	NULL,	'guest',	1),
(157,	'Kuba',	'157e26c5a09be2f994623ec4f70e9d4f',	'Jakub',	'Komrska',	1993,	'jackob008@seznam.cz',	'',	'Strakonice',	NULL,	'guest',	1),
(158,	'LucasCZ',	'9a6e36253b17f187a7c2ba04326b4030',	'Lukáš',	'Liďák',	1979,	'kocourek22@seznam.cz',	'',	'Nový Jičín',	NULL,	'guest',	1),
(159,	'rybkazuzanka',	'b725ead251eb3ac486f14fd8793978bb',	'Zuzka',	'Purkytová',	1981,	'rybkazuzanka@seznam.cz',	'',	'Olomouc',	NULL,	'guest',	1),
(160,	'lucilu',	'45ab47c67502b44f7c898bbe4751d530',	'Luca',	'Čechurová',	1982,	'luferka@volny.cz',	'',	'Bystřice',	NULL,	'guest',	1),
(161,	'Johny',	'aabb65675b75535df7004e808788275a',	'Jan',	'Pilař',	1990,	'Tpek23@email.cz',	'',	'Liberec',	NULL,	'guest',	1),
(162,	'Pavlásek',	'f64ce68e1b86b5251399ab554b0a0c38',	'Pavel',	'Kautský',	1969,	'pavel.kau@gmail.com',	'',	'Roudnice n.L.',	NULL,	'guest',	1),
(163,	'spitfire',	'ac5055fedce6eac4deb1907742d51750',	'Krystof',	'Dobal',	1995,	'krys.dobal@seznam.cz',	'',	'praha',	NULL,	'guest',	1),
(164,	'Martina-kometa',	'ee2cd43d1e5947b16237baa5fd6bd044',	'Martina',	'Jiříčková',	1989,	'jirickova.martina@gmail.com',	'',	'Pardubice/Brno',	NULL,	'guest',	1),
(165,	'Elyn',	'85d1c3affaf4072fa226482539efe6e5',	'Eva',	'Švagerová',	1976,	'elyn@centrum.cz',	'',	'Nový Jičín',	NULL,	'guest',	1),
(166,	'KINGlibor',	'eca17422eced744c20f981b2ab438930',	'Libor',	'Coufal',	1990,	'libordc@seznam.cz',	'602587341',	'Děčín',	NULL,	'guest',	1),
(167,	'AliEmmka',	'71adcc804e2ce97097d46662d577a950',	'Alice',	'Tučková',	1997,	'alice.tuckova@seznam.cz',	'776501007',	'Teplice nad Metují',	NULL,	'guest',	1),
(168,	'Kaštan',	'4e94bea50c9251628ea1af7428bcc080',	'Jirka',	'Šnýdr',	1990,	'jirka.snydr@seznam.cz',	'',	'Sukorady',	NULL,	'guest',	1),
(169,	'krasťák',	'f86927ad57c3e45ad0df6561aeda8001',	'lukáš',	'loudín',	1989,	'adicts@seznam.cz',	'',	'Dlouhá Lhota',	NULL,	'guest',	1),
(170,	'Lálín',	'5c9e068409bb8229768e67d630e408c5',	'Ladislav',	'Stárek',	1990,	'stareklada@gmail.com',	'777812818',	'Liberec',	NULL,	'guest',	1),
(171,	'Philip',	'408921304fa066c89d8b23bd13a05296',	'Philip',	'Bitnar',	1990,	'philip.bitnar@seznam.cz',	'',	'Teplice nad Metují',	NULL,	'guest',	1),
(172,	'uhlík',	'2278c76bba6ad8ef9a5e343805e58c25',	'Tom',	'Uhlíř',	1985,	'velikyblabol@seznam.cz',	'',	'Praha',	NULL,	'guest',	1),
(173,	'Cédˇa',	'7ca9dffee1d9409f779f7933e5a2a78a',	'Michal',	'Zednicek',	1980,	'Mozo30@seznam.cz',	'606554390',	'Mlada Boleslav',	NULL,	'guest',	1),
(174,	'Jindřiška',	'3c548184428aca56467febd7418e0d42',	'Monika',	'Kurelová',	1992,	'm.kurelova@gmail.com',	'',	'Liberec',	NULL,	'guest',	1),
(175,	'Avatar',	'cc55025f59d51c7e8d8743faf472c344',	'André',	'Heller',	1992,	'anheller6@gmail.com',	'',	'Praha',	NULL,	'guest',	1),
(177,	'Bystruch',	'c3d1301fdbac5c8360e9f3590ee60f54',	'Martin',	'Seba',	1980,	'newman.in.us@gmail.com',	'',	'Praha',	NULL,	'guest',	1),
(178,	'shajmon',	'de648441f7e5b0b8491abedecc17e487',	'Šimon',	'Murcko',	1994,	'm.s.u.333@seznam.cz',	'775416661',	'Frýdlant nad Ostravicí',	NULL,	'guest',	1),
(179,	'Lukš',	'89c55cb5636962e076ea4f0e84bce214',	'Lukáš',	'Černý',	1992,	'lukas32cerny@seznam.cz',	'737113381',	'Praha',	NULL,	'guest',	1),
(180,	'mrkevredkev',	'5de6d65b641934d89e03f66f428681b6',	'Rdnaxela',	'Lasak',	1991,	'mrkevredkev@gmail.com',	'',	'Pha/Mlk',	NULL,	'guest',	1),
(181,	'radabaker',	'8459416004a4a87db87d62f69d0ee4d5',	'Radek',	'Pekař',	1980,	'rada.pekar@gmail.com',	'',	'Opava',	NULL,	'guest',	1),
(182,	'PetkoČmelda',	'ec4e6a03906137bc2fefd702c901e2d8',	'Štěpán',	'Pecka',	1993,	'stepan.pecka@seznam.cz',	'',	'Praha',	'm',	'guest',	1),
(183,	'Tomáš',	'81fba777bbb25b0cabfb509ce1ec7c61',	'Tomáš',	'Urban',	1992,	'turbanvonbranik@gmail.com',	'',	'Praha',	NULL,	'guest',	1),
(184,	'mixerov',	'dd9da27954db33c68634ee33bdaa9312',	'Rene',	'Miksanik',	1981,	'r.miksanik@centrum.cz',	'775261354',	'Ostrava',	NULL,	'guest',	1),
(185,	'Jacob',	'0d43fd515ac0921db171558e8391ce2e',	'Jakub',	'Uhlíř',	1988,	'gwalchmaie@seznam.cz',	'',	'Praha',	NULL,	'guest',	1),
(186,	'OndraH',	'b8f4579f096bdd4612cb75218f0a0001',	'Ondřej',	'Hazdra',	1521,	'ondrej@singingrock.cz',	'',	'Rokytnice nad Jizerou',	NULL,	'guest',	1),
(187,	'maslick',	'e5bc4e5d07c6539141889ebdd9fe7f82',	'Jirka',	'Máslo',	1998,	'maslick.jirka@seznam.cz',	'',	'Červený Kostelec',	NULL,	'guest',	1),
(188,	'Mazzek',	'baf79d63b6dd623c73136864405ce0e8',	'Ondřej',	'Vymazal',	1989,	'Mazzek.lol@seznam.cz',	'',	'Prostějov',	NULL,	'guest',	1),
(189,	'Adamski',	'ed30ae60c8063924e0401639749a967f',	'Adam',	'Máčel',	1990,	'maceladam1@seznam.cz',	'',	'Žižkov Rep.',	NULL,	'guest',	1),
(190,	'Áš',	'72a5912b1dd881aca53e7e7a8859aa72',	'Lůkáš',	'Pelc',	1992,	'pelcitko@gmail.com',	'',	'Skuřina',	NULL,	'guest',	1),
(191,	'YuriiGT',	'69f50a8fa8200560db52e968572e2542',	'Jiří',	'Dejmek',	1987,	'yuriigt@gmail.com',	'',	'Praha 2',	NULL,	'guest',	1),
(192,	'najman.jakub',	'aeeec23fd69e18450c188a4017e0b998',	'jakub',	'najman',	1988,	'najman.jakub@gmail.com',	'',	'Liberec',	NULL,	'guest',	1),
(193,	'Kačaba',	'deedfe315a07927906c198d164d60578',	'Káča',	'Karšayová',	1993,	'kacahugo@gmail.com',	'',	'Prág',	NULL,	'guest',	1),
(194,	'easy',	'31174f1408f2f68ba32cf600b49f51a9',	'x',	'y',	5222,	'ccc@xxx',	'',	'Z',	'f',	'guest',	1),
(195,	'Elis',	'f64a34007a5258b0cd35683cbd5a4080',	'Eliška',	'Podnecká',	1989,	'eliska.podnecka@seznam.cz',	'',	'Brno',	NULL,	'guest',	1),
(196,	'VACHY',	'a43e012d2ceab7b1a1883eb3d6fca311',	'Vít',	'Vachun',	1992,	'vachy01@seznam.cz',	'',	'Mariánské Lázně',	NULL,	'guest',	1),
(197,	'Pepek',	'644f3d508d10ba92d450ba234afec66b',	'Pepek',	'Trejbal',	1994,	'pepaanek@gmail.com',	'',	'Trutnov',	NULL,	'guest',	1),
(198,	'Kubula',	'3c82f5f80f718b427fcaf4f0f67d711c',	'Jakub',	'Doubrava',	1995,	'doubrava5@gmail.com',	'',	'Karlovy Vary',	NULL,	'guest',	1),
(199,	'Kernerski',	'd41d8cd98f00b204e9800998ecf8427e',	'Jiří',	'Kerner',	1992,	'jrk.kerner@seznam.cz',	'607563951',	'Sobotka',	NULL,	'user',	1),
(200,	'Hans1',	'bfdbbe4f2e799eb94c473a4183cf7e8b',	'Honza',	'Kanda',	90,	'fikacik@seznam.cz',	'',	'Praha 5',	NULL,	'guest',	1),
(201,	'shisha',	'449597dda542a9089600ec04291d0554',	'Jarka',	'Krajcirova',	1968,	'shisha@seznam.cz',	'',	'Martin',	NULL,	'guest',	1),
(202,	'mtrakal',	'aa969156639ee65cff731004da439c34',	'Matěj',	'Trakal',	1986,	'mtrakal@gmail.com',	'',	'',	'm',	'user',	1),
(203,	'Kubick',	'cedf9b672f0ed0badc321d53635475dc',	'Jakub',	'Nauš',	1987,	'neon18@seznam.cz',	'722014110',	'Slaný',	NULL,	'guest',	1),
(204,	'Pavča',	'55a79048ddfc30d4ca8fedfa34d62848',	'Pavlína',	'Bartošová',	19,	'mozkovabunka@seznam.cz',	'',	'Praha',	NULL,	'guest',	1),
(205,	'michy',	'492a50625b5bc209f54c67c81ec5887c',	'Michal',	'Němeček',	1987,	'michi@mujmail.cz',	'',	'Plzeň',	NULL,	'guest',	1),
(206,	'Tomas',	'd41d8cd98f00b204e9800998ecf8427e',	'Tomáš',	'Lustyk',	1985,	'lustytom@seznam.cz',	'',	'Litomyšl',	NULL,	'user',	1),
(207,	'obloháč',	'5cb380e271318f4884068429401e7488',	'david',	'jánský',	1993,	'janobloha@gmail.com',	'+420721088769',	'praha',	NULL,	'user',	1),
(208,	'JaFy',	'65fcbb953da1bb07dff07d5c7b1e6a52',	'Jakub',	'Beneš',	1988,	'Benesj@post.cz',	'',	'Kopřivnice',	NULL,	'guest',	1),
(209,	'Flyer83',	'461e8493a9eb1e00976ac0f8158b8279',	'Petr',	'Urban',	1983,	'petrurban@atlas.cz',	'724319597',	'Černá v Pošumaví',	NULL,	'guest',	1),
(210,	'h.drbohlav',	'55e18c3e2cd44417163777a969364878',	'Honza',	'Drbohlav',	1989,	'h.drbohlav@gmail.com',	'',	'Jablonec nad Nisou',	NULL,	'guest',	1),
(211,	'Mamut',	'2e89f6efe6e1ca8619ca1400645998d9',	'Ondra',	'Štverák',	1984,	'ondrastverak@seznam.cz',	'',	'Pardubice',	NULL,	'guest',	1),
(213,	'Ondrej',	'3c42207a1eadd860717033e7120ce8a8',	'Ondřej',	'Vlk',	208,	'vlkondra@email.cz',	'731750770',	'Praha',	NULL,	'guest',	1),
(214,	'Adam',	'db439cdc756ecbaa1f01ca1aafeead04',	'Adam',	'Zeman',	1994,	'addamzeman@gmail.com',	'737 781 169',	'Jablonec nad Nisou',	NULL,	'guest',	1),
(215,	'Jana1',	'0a8ca42179255547afddf7129c06bbda',	'jana',	'pernicova',	1959,	'janapern@seznam.cz',	'',	'Praha 10',	NULL,	'guest',	1),
(216,	'Giovanni',	'e4d2903dc4efffac2d00177bb23502df',	'Josef',	'Doubravka',	1988,	'komarbzum@seznam.cz',	'731545852',	'Praha',	'm',	'user',	1),
(217,	'mort22',	'879e1bec1e26232146f842f0b3ebda7f',	'filip',	'marek',	1990,	'Filip.Marek1@email.cz',	'722373464',	'ceska lipa',	NULL,	'guest',	1),
(218,	'Chrpajzlik',	'2411a28fbb83874f2746aa5701a2ce08',	'Sylva',	'Zemánková',	1981,	'don.klokan@seznam.cz',	'',	'Rokycany',	NULL,	'guest',	1),
(219,	'Nev3r',	'1c8491a30d62d3d30f1a8c10ea34b30c',	'Pavel',	'Pavel',	1990,	'pkrcek@gmail.com',	'',	'Brno',	NULL,	'guest',	1),
(220,	'gimli',	'f4eb27cea7255cea4d1ffabf593372e8',	'Honza',	'Blažek',	1984,	'gimli@matfyz.cz',	'',	'Praha',	NULL,	'guest',	1),
(221,	'LesMen',	'1018cd481b8c4c5b58e6a68f30dd6131',	'Štěpán',	'Macek',	1988,	'sy.line@seznam.cz',	'',	'Svitavy',	NULL,	'guest',	1),
(225,	'papaja',	'6faa5b1c3ecd36b3cf5332fdc09a669e',	'Pavel',	'Šosvol',	28,	'pavelsosvol@gmail.com',	'+31623117540',	'Bussum',	'm',	'guest',	1),
(226,	'stepan',	'0fb50531afa9f237fe97a45f7214cb06',	'stepan',	'teply',	1974,	's.teply@seznam.cz',	'',	'plavy',	'm',	'guest',	1),
(227,	'rtep',	'36e1a5072c78359066ed7715f5ff3da8',	'Petr',	'bubla',	1988,	'pity77@seznam.cz',	'',	'Teplice',	'm',	'guest',	1),
(228,	'Plech',	'0b0eed055e2ee66019d7d4e709621f36',	'Lukáš',	'Plíšek',	1989,	'lukas.plisek@ibg.cz',	'601089342',	'Kralupy nad Vltavou',	'm',	'guest',	1),
(229,	'gogo',	'b06b6ae303d1ed8edfe879eba96e8fcc',	'Tomáš',	'Vaněk',	1993,	'vanek.hlusice@seznam.cz',	'721025347',	'Hlušice',	'm',	'guest',	1),
(230,	'brambora',	'03976a0cb6e51fb0de30d342e01f7ec2',	'Barbora',	'Cicvárková',	1987,	'barus.cicvarkova@gmail.com',	'',	'',	'f',	'guest',	1),
(231,	'Johny_slack',	'663da05fb8ad082c1f91236405ebcd88',	'Ján',	'Benčič',	1991,	'janko891@gmail.com',	'+421902046766',	'Bratislava',	'm',	'guest',	1),
(232,	'Hugo',	'26838d3a5b0734b60165d34f9f957ada',	'Vojta',	'Vodák',	1991,	'vodomen@seznam.cz',	'722671869',	'Kralupy nad Vltavou',	'm',	'guest',	1),
(233,	'MZelena',	'3dba48bca42165ae0a8970ab6a61a9a4',	'Martina',	'Zelená',	1994,	'mzelenam@seznam.cz',	'',	'',	'f',	'guest',	1),
(234,	'simoro96',	'9d5de5e14acdd967944e2948b2ef5377',	'Tomáš',	'Röszler',	1996,	'roszler.tomas@gmail.com',	'721978677',	'Ústí nad Orlicí',	'm',	'guest',	1),
(235,	'Pawel248',	'96adb2f9bd741add57c2034cc9ac8f5a',	'Pavel',	'Šmerda',	1983,	'Pawel248@gmail.com',	'',	'Liberec',	'm',	'guest',	1),
(236,	'Alandra',	'51267bffb428631ede7098bdc187ff95',	'Alena',	'Kadlecová',	0,	'alca.kadlecova@seznam.cz',	'777310515',	'',	'f',	'guest',	1),
(237,	'Matěj',	'da5c8542d8776d02ea2b4bbd40486279',	'Matěj',	'Hodoušek',	1987,	'M.Hodousek@seznam.cz',	'+420775399948',	'',	'm',	'guest',	1),
(238,	'michalci',	'51061fa29878b97367587d3a4f5aa7d5',	'Josef',	'Michalčík',	0,	'michalci@centrum.cz',	'',	'',	'm',	'guest',	1),
(239,	'Kublaj',	'bc2ad1fcf7ded0a750c88029db6666db',	'Jakub',	'Kotula',	1991,	'Sakub@seznam.cz',	'725297726',	'Chomutov',	'm',	'guest',	1),
(240,	'Kožíšek',	'34ae66f1afc68823ed3ab03fa44c3960',	'Silvie',	'Fránová',	1984,	'silvie.franova@gmail.com',	'733197854',	'Chomutov',	'f',	'guest',	1),
(241,	'Reaggi',	'3ec231fec68ce6fdcd1b407639da63fc',	'Dominik',	'Regent',	1993,	'D.Regent@email.cz',	'',	'Blovice, Plzeň',	'm',	'guest',	1),
(242,	'Linda',	'ed166aee15ddb6f0fded4f2c0fa6f7ce',	'Linda',	'Sáričková',	0,	'linda.sarickova@gmail.com',	'',	'',	'f',	'guest',	1),
(243,	'strongliv',	'2441be14d95f1b33c493cc63f0fe4891',	'dagmar',	'hotova',	1,	'strongliv@seznam.cz',	'607863105',	'Kardašova Recice',	'f',	'guest',	1),
(244,	'serz',	'fe546279a62683de8ca334b673420696',	'Pavel',	'Kubašta',	1978,	'serz1213@gmail.com',	'775787093',	'Jihlava',	'm',	'guest',	1),
(245,	'Beny',	'73d214cfbc2c0916d2f0558f7099e199',	'David',	'Beneš',	1991,	'D.Beny@seznam.cz',	'',	'Polička',	'm',	'guest',	1),
(246,	'Lion',	'3836e7d4d0bff2963b5720db4e447a09',	'lionel',	'burgr',	1987,	'burgr.lionel@gmail.com',	'725833087',	'',	'm',	'guest',	1),
(248,	'Vlčák',	'3c42207a1eadd860717033e7120ce8a8',	'Ondřej',	'Vlk',	1992,	'vlkondra@email.cz',	'731750770',	'Praha',	'm',	'guest',	1),
(249,	'Škulich',	'0abdc9bcd1fe580d676b60b92ea85170',	'Martina',	'Škulavíková',	1988,	'martinaskul@gmail.com',	'',	'různě po světě ... :-)',	'f',	'guest',	1),
(250,	'mitchinx',	'25643093ec57f8ac62944db85775f502',	'Michael',	'Robinson',	1988,	'mitchinx@googlemail.com',	'447761931118',	'Matlock, UK',	'm',	'guest',	1),
(251,	'eliska.lvice',	'd5cbceed4111d45eaeedc3b9a58032ca',	'Eliška',	'Brožková',	1985,	'eliska.lvice@seznam.cz',	'',	'Praha',	'f',	'guest',	1),
(273,	'Orolesko',	'd49446422c8b21661bb19019d15270df',	'Andrej',	'Zachar',	0,	'andrej@slacklineanimals.com',	'',	'Kremnica',	'm',	'guest',	1),
(301,	'Štěpinda',	'40697fc9e52d0e5f98eeddb46624f55e',	'Honza',	'Štěpánek',	92,	'gonzik.p@seznam.cz',	'606936163',	'čr',	'm',	'guest',	1),
(314,	'upr',	'7487eaa30b419456547e3de70625d8b4',	'Maryah Ware',	'Maryah',	0,	'andorranadministratorikd@itreg',	'',	'',	'm',	'guest',	1),
(325,	'simonjanosec',	'd5bad41e16c2c06f614e64376e636c57',	'Šimon',	'Janošec',	1997,	'simonjanosec@email.cz',	'739088353',	'opava',	'm',	'guest',	1),
(347,	'pepakriz',	'a98931e4e030e36eb253f4b6a6446cc6',	'Josef',	'Kříž',	0,	'pepakriz@gmail.com',	'',	'',	'm',	'guest',	1),
(382,	'Vica',	'2a8c58e6651c66554c4a89c2c1688ff9',	'Vítězslav',	'Rada',	0,	'csfvicek@gmail.com',	'',	'Třinec',	'm',	'guest',	1),
(387,	'Baarbucha',	'7bd59a5517c246b1aedb3d172b77df5f',	'Barbora',	'Kyjonková',	1990,	'bari.kyj@gmail.com',	'',	'Dětmarovice',	'f',	'guest',	1),
(396,	'Vivaista',	'5d951ca34d050e14c78ec59b4df7cd6d',	'Pavel',	'Zahradník',	1987,	'zpavel87@gmail.com',	'',	'Ostrava',	'm',	'guest',	1),
(409,	'nvxf',	'7487eaa30b419456547e3de70625d8b4',	'Keilah Holland',	'Keilah',	0,	'taxescloudfa@ac.itregi.com',	'',	'',	'm',	'guest',	1),
(434,	'Hynek',	'f76113a0d41529da1b42223460bbc401',	'Hynek',	'Novák',	0,	'nhynek@seznam.cz',	'',	'',	'm',	'guest',	1),
(448,	'mama',	'297109803322e6863c7eb95bcce335bc',	'Ludmila',	'Šikolová',	0,	'lida.sikolova@seznam.cz',	'720129625',	'',	'f',	'guest',	1),
(452,	'Lili',	'1919990454f204af74e0b3bc9d9e6d9b',	'Ludmila',	'Smutková',	0,	'LidaSmutkova@seznam.cz',	'',	'',	'f',	'guest',	1),
(455,	'Lilli87',	'1919990454f204af74e0b3bc9d9e6d9b',	'Ludmila',	'Smutková',	1987,	'LidaSmutkova@seznam.cz',	'776559984',	'Bruntál',	'f',	'guest',	1),
(460,	'obchod@vujo.cz',	'cab3fb69f60c75eb3e61420368bd83ca',	'Josef',	'Vůjtěch',	0,	'obchod@vujo.cz',	'352624936',	'Sokolov',	'm',	'guest',	1),
(491,	'Papin',	'b22f1d881325cf2a548f3e083590805d',	'Martin',	'Pintér',	0,	'martin.pinter@basalt.cz',	'',	'',	'm',	'guest',	1),
(562,	'Marináda',	'388805839773083b8c7a1dc45c93006a',	'Marek',	'Miluška',	1995,	'jamdreadlocks@gmail.com',	'606329666',	'Žďár nad Sázavou',	'm',	'guest',	1),
(635,	'Plenta',	'd482503d20591cb628dcddc8dcc1f2d7',	'Tomáš',	'Valenta',	1988,	'plenta001@seznam.cz',	'727827548',	'Jilemnice',	'm',	'guest',	1),
(675,	'mz',	'6dcab26036ceb8330f3ebb22eee96e28',	'Michal',	'Zvolánek',	0,	'michal.zvolanek@gmail.com',	'725 528 411',	'',	'm',	'guest',	1),
(728,	'Tomáš Petříček',	'4a6b4da810bae39e62e163ad4f2d025d',	'Tomáš',	'Petříček',	1972,	'tomas.pet@email.cz',	'',	'Třinec',	'm',	'guest',	1),
(735,	'Mari Dess',	'64bf8aa5980d7e6553e4e1f4e1123805',	'Marie',	'Šimková',	1980,	'simkovamar@seznam.cz',	'',	'Brno',	'f',	'guest',	1),
(747,	'Pupiik',	'432a98b178e2c3220a5ee1b18b6e1d2c',	'Jakub',	'Kočí',	1996,	'koci1234@gmail.com',	'725379304',	'Liberec',	'm',	'guest',	1),
(764,	'sonja.t',	'387255e571dbd4bf016a03fad45ec450',	'S',	'T',	0,	'xxx@seznam.cz',	'',	'',	'f',	'guest',	1),
(790,	'Katy',	'c02b8fb8418801939639f001d1f4caf4',	'Kateřina',	'Filipová',	1998,	'Kacfil@seznam.cz',	'',	'Praha 10',	'f',	'guest',	1),
(807,	'jan_valek',	'308194a616fc552ae8303ccc7c6b3378',	'Jan',	'Válek',	1989,	'jan_valek@volny.cz',	'',	'Kostice',	'm',	'guest',	1),
(808,	'oldies',	'ea0d04f9a19396bfa1990ce08f076c80',	'Oldřich',	'Fajrajzl',	0,	'ofajrajzl@centrum.cz',	'',	'Příbram 5',	'm',	'guest',	1),
(809,	'Fidorek',	'd4be1e866bdc0283b61b811e69fac2c5',	'Pavel',	'Filgas',	1975,	'filgas.pavel@seznam.cz',	'604246161',	'Vsetín',	'm',	'guest',	1),
(825,	'paja',	'f84325ed52891b24f2fb9e719346fe2c',	'Pavel',	'Veselý',	0,	'nuviael@gmail.com',	'',	'',	'm',	'guest',	1),
(829,	'Mišo',	'c8ea4fecd632082b15b8344989834b49',	'Michal',	'Pírek',	1996,	'michal-pirek@seznam.cz',	'',	'Holasice',	'm',	'guest',	1),
(830,	'Šimi',	'e91429ca9128f6e3e93d9c5d00b5e6b4',	'Šimon',	'Horečný',	1995,	'horecny.simon@gmail.com',	'0908 650 544',	'',	'm',	'guest',	1),
(832,	'mrrca',	'917708da1489e1591a1569dbe955b9ac',	'Martin',	'Rabovský',	0,	'mrrca.cz@gmail.com',	'',	'Brno',	'm',	'guest',	1),
(833,	'Kristin',	'96110e7f8623bc9ea74d00b0283ebf33',	'Kristina',	'Merunková',	0,	'kristinamerunkova@seznam.cz',	'',	'',	'f',	'guest',	1),
(835,	'niemante',	'e10adc3949ba59abbe56e057f20f883e',	'Martin',	'Strouhal',	0,	'niemante@centrum.cz',	'',	'',	'm',	'guest',	1),
(836,	'hrochm',	'135148a3710f778b3ab2982140583b03',	'Marek',	'Vachule',	1984,	'vachulem@gmail.com',	'+420606121520',	'Praha',	'm',	'guest',	1),
(843,	'rtert',	'96e79218965eb72c92a549dd5a330112',	'popp',	'opú',	0,	'ííé@sezas.cz',	'',	'',	'm',	'guest',	1),
(844,	'karel123',	'96e79218965eb72c92a549dd5a330112',	'tes',	'sda',	0,	'sasd@sezk.ct',	'',	'',	'f',	'guest',	1),
(845,	'Test1',	'90316871db6c6b9f7ec1412082813737',	'Vejvis',	'Test',	0,	'asfs@sdfsd.cz',	'',	'',	'm',	'guest',	0),
(846,	'Radek',	'7776f72fb85ea4ce738cfd799504c36e',	'Radek',	'Hůlka',	1993,	'radekhulka@seznam.cz',	'731107768',	'Heřmanův Městec',	'm',	'guest',	1),
(847,	'zelenyjan',	'cfabbe2dc4cf8900f71c3598ac13484e',	'Jan',	'Zelený',	1992,	'clopsprod@gmail.com',	'725269181',	'Ostrava',	'm',	'guest',	1),
(848,	'Vlk',	'd49701a8147f45722644a5c91a5fd729',	'Ondřej',	'Vlk',	1992,	'vlkondra@email.cz',	'731750770',	'Řehenice, Babice',	'm',	'guest',	1),
(849,	'Dawid',	'0822ac256a65d635d306a9daaf0d4ba6',	'David',	'Brnovjak',	0,	'david.brnovjak@gmail.com',	'',	'Kladno',	'm',	'guest',	1),
(850,	'Hanziáš',	'6be9409e1136d3c1d065c1e034b0f172',	'HanZ',	'Kyncl',	0,	'jan.kyncl@centrum.cz',	'',	'',	'm',	'guest',	1),
(851,	'NikiNeu',	'59c488c977261f402aba15f2f17c8ee6',	'Nicole',	'Neubauerová',	94,	'nicole.neubau@gmail.com',	'736437847',	'Zlín',	'f',	'guest',	1),
(852,	'Jirka',	'8aab264665f2085687d9eeca4c67a691',	'Jiří',	'Málek',	1988,	'jiri_malek@centrum.cz',	'',	'Třeboň',	'm',	'guest',	1),
(853,	'Santhů',	'997f25cbd85c27a0f4c4306456ffe298',	'Zbyšek',	'Dušek',	1989,	'Omshantiom23@seznam.cz',	'723449502',	'Písek',	'm',	'guest',	1),
(854,	'Kubajs',	'a47d139fe2bd6df5f2cd01a84648c2d2',	'Jakub',	'Vinter',	1999,	'kuba.vinter@seznam.cz',	'606688693',	'Jílové',	'm',	'guest',	1),
(855,	'PaBeer',	'fb3e7fa5e7b74bcde14b0af6f059cf72',	'Pavel',	'Šrom',	1992,	'srom-pavel@seznam.cz',	'777970594',	'Vrchlabí',	'm',	'guest',	1),
(856,	'Baj',	'c0af7c63dd6ace997d35450b05f32aa0',	'Barbora',	'Franklová',	0,	'franklova-barbora@seznam.cz',	'',	'',	'f',	'guest',	1),
(857,	'hanable',	'a38fc30a8d96f09dfde57c51022df138',	'Hana',	'Vicherková',	0,	'hanable@centrum.cz',	'+420777017035',	'Frýdek-Místek',	'f',	'guest',	1),
(858,	'Jasek',	'31cd94748abf1b7660e134d30bf85087',	'Pavel',	'Lier',	1979,	'Pavellier@yahoo.com',	'735852356',	'Zebrak',	'm',	'guest',	1),
(859,	'yondainik',	'301490ba0c54fb701fea555d3535a630',	'Nina',	'Dvořáková',	1998,	'yondainik@gmail.com',	'',	'Žďárky',	'f',	'guest',	1),
(860,	'michaelaprasilo',	'd9e7615c81ff211624be58e20ddd95e2',	'Michaela',	'Prášilová',	1988,	'michaelaprasilova@seznam.cz',	'734277320',	'Turnov',	'f',	'guest',	1),
(861,	'Drago',	'f23a67d2636415fed2edc166436f41fc',	'Michal',	'Kravčišin',	1981,	'mdrago@seznam.cz',	'774232561',	'Chomutov',	'm',	'guest',	1),
(862,	'noname',	'215cce2a80b3a3d453b1609bfa7f9a10',	'katherina',	'temprezová',	0,	'katerinatempelova@seznam.cz',	'',	'',	'f',	'guest',	1),
(863,	'AdamSK',	'a45f917884ba0e09ea88fee90dec9272',	'Adam',	'Kaniak',	1998,	'aadm383@gmail.com',	'',	'Povazska Bystrica',	'm',	'guest',	1),
(864,	'Louders24',	'b0579622c0b28c6046b9be8de6ea826b',	'Linda',	'Valentová',	0,	'lindsay24@seznam.cz',	'',	'',	'f',	'guest',	1),
(865,	'Livajz',	'f90feeb1ec54ba49cd857da5ab617d0a',	'dalibor',	'stepek',	0,	'daliborstepek@gmail.com',	'',	'Ostrava',	'm',	'guest',	1),
(866,	'Raduz',	'f2ea624abca6df526be3f66767a2b0fb',	'Radek',	'Tuma',	0,	'jura.u@email.cz',	'',	'',	'm',	'guest',	1),
(867,	'Tery_Dudy',	'636b73ab14a58c5842e6eece8bb66bcb',	'Téra',	'Dudová',	0,	'terkadudova@centrum.cz',	'777298193',	'',	'f',	'guest',	1),
(868,	'Panda',	'e523ab7c4a61913fcdf02142d4d5450e',	'Petr',	'Panoška',	1991,	'panda098@centrum.cz',	'',	'Pchery',	'm',	'admin',	1),
(869,	'jezevec',	'6a98efa061d53cf90ed11bee574ccd17',	'Baba',	'Jaga',	NULL,	'panda09823@gmail.com',	'',	'',	'm',	'guest',	0),
(870,	'Ondráš',	'bccac5e9fb3e1a676bc10fe55b0f3941',	'Ondra',	'Málek',	1993,	'macrorkf@gmail.com',	'+420774966656',	'Praha',	'm',	'guest',	1),
(871,	'Kosi',	'a367f8d4bc87a281cf3e87bcfe2305f5',	'Honza',	'K',	NULL,	'darneus@gmail.com',	'',	'',	'm',	'guest',	1),
(872,	'PavelK',	'6191d8f6c3efc8239a3d6eeeb5695c96',	'Pavel',	'Kratochvíl',	1992,	'pav.kratochvil@seznam.cz',	'',	'',	'm',	'guest',	1),
(873,	'Prokopiko',	'35ec2b7ac1fada0f78d162c490fe0a47',	'Prokop',	'Schmid',	1996,	'prokopschmid@gmail.com',	'',	'',	'm',	'guest',	1),
(874,	'1pifko',	'04a4aa65f0017ee85dfd2dfc7fe45b7e',	'Tomáš',	'Motáš',	1990,	'1pifko@seznam.cz',	'',	'',	'm',	'guest',	1),
(875,	'shadowsyd',	'3506beac87921b5fbf45a490e694eca1',	'Daniel',	'Sýkora',	1994,	'mail@danielsykora.cz',	'724587758',	'Praha',	'm',	'guest',	1),
(876,	'ananas',	'60118aaf8ca5864cdeb84699a45c0321',	'kokos',	'ananas',	NULL,	'petr.panoska@uzis.cz',	'',	'',	'm',	'guest',	0),
(877,	'23kikinka23',	'c51feee1f57b75c3c9c83891ba8b09db',	'Kandnsj',	'Najskans',	NULL,	'kristina.racova27@gmail.com',	'',	'',	'f',	'guest',	1),
(878,	'Terezka Slack',	'26ee370525192d2b98936b26a8e3533d',	'Tereza',	'Panochová',	NULL,	'slacklife.therapy@gmail.com',	'',	'České Budějovice',	'f',	'guest',	1),
(879,	'Šamšula',	'335ddb302bf960074a6bfd072e9b9212',	'Šimon',	'Klindera',	2002,	'simon.klindera@gmail.com',	'776533793',	'Planá nad Lužnicí',	'm',	'guest',	1),
(880,	'ayWIGMxoTVKtHB',	'2c545438e66c611754092a5a0d544436',	'JiPhBzTXxa',	'rhTOiXxZS',	0,	'aspecrotlm@gmail.com',	'7343510778',	'zgpjeTAvq',	'f',	'guest',	1),
(881,	'misazeli',	'd90ffc8c0eb139828a3aa71d7aef99dd',	'Michaela',	'Zeli',	NULL,	'miska.marxovic@gmail.com',	'',	'',	'f',	'guest',	1),
(882,	'LOpRnNtMYVcb',	'17c76a2c56bc1e93bd6a9087ff79bd8a',	'jbcOZWzPIMF',	'vOMCqTwhWX',	0,	'avernmellsmx@gmail.com',	'6777088369',	'PXAovTOJElcLzj',	'f',	'guest',	1),
(883,	'Dejv',	'f2ff87dddd6a633e5c851feb93e23b95',	'David',	'Blažek',	NULL,	'spixammer@gmail.com',	'',	'',	'm',	'guest',	1),
(884,	'aslxopRIQkN',	'65262883bc33ed914ca39fce9c1cfe96',	'XxezZTbjsSnNJyu',	'xJYptwBq',	0,	'hibashigemachigisen@gmail.com',	'7082115924',	'BzCWSTPDjFJcQ',	'f',	'guest',	1),
(885,	'lFsjqLAy',	'be9fe304120c87963aa4433b5098ebec',	'KEOalFXeBLzj',	'nUbtejoza',	0,	'bashigusozoka@gmail.com',	'3238254708',	'ImRCqjULJvcn',	'f',	'guest',	1),
(886,	'xqcQhPKomDNe',	'3addf25aa96a8660471b6bb9668fc24c',	'UiHlckMBeX',	'BoqbithxncZQIH',	0,	'normanbetty07@gmail.com',	'8353396806',	'EKBFpliWAT',	'f',	'guest',	1),
(887,	'Michal Schaffer',	'29d847ffce86b63c39a756a25b198751',	'Michal',	'Schaffer',	1982,	'michal.schaffer@czloko.cz',	'777606533',	'Pardubice',	'm',	'guest',	1),
(888,	'Hugo Labužník',	'e4bbfa000d0bcbdbbed27e05e0a352b4',	'Hugo',	'Labužník',	NULL,	'hugo.vlach@gmail.com',	'',	'',	'm',	'guest',	1),
(889,	'Aneta Labužnice',	'1f5bf531ccb7ec58cbd5dc2c9c08c545',	'Aneta',	'Labužnice',	NULL,	'anetabuckova@seznam.cz',	'',	'',	'f',	'guest',	1),
(890,	'abZlWIhNvdt',	'218531939553c7bdcf24e4e84b8cee57',	'YKLrQmpbOfdPRN',	'vJjakEbomT',	0,	'matthewrichards7390@gmail.com',	'2919884506',	'dYcbpVZXDsU',	'f',	'guest',	1),
(891,	'aAVcQreIlpSKzP',	'49deeea7e36dc23996918bbdb59f82d8',	'vMNThoQg',	'kNufhOJVmtG',	0,	'annewatts180@gmail.com',	'8036766955',	'kBxpqlcKiLeFhIg',	'f',	'guest',	1),
(892,	'Lenor',	'a981830d065f9f1204a52afe47b45374',	'Lenka',	'Pecková',	1983,	'lenule683@seznam.cz',	'723368778',	'Praha',	'f',	'guest',	1),
(893,	'HiVdYgSQx',	'cff46cec4a97e3cb2bcbf18a43358dc1',	'FAujIcHk',	'ZRSnrJMCoFm',	0,	'bb7822249@gmail.com',	'7819834881',	'NIACFvRlgOhxf',	'f',	'guest',	1),
(894,	'Soňa',	'8bfaa8901b8c375828c421cdfb775337',	'Soňa',	'Michelfeitova',	NULL,	'sona.michelfeitova@gmail.com',	'',	'',	'f',	'guest',	1),
(895,	'Káč',	'70fee7b3d194f0fd4179dcbf395d3156',	'Káťa',	'Zíková',	1996,	'kackazik@gmail.com',	'',	'Praha',	'f',	'guest',	1),
(896,	'oMaQnhFktZfAu',	'2e5adbc579a075dfbddda38ddf7e8691',	'jlyYfqNU',	'TIQpfhKdGbzaUv',	0,	'christaldouglas7@gmail.com',	'9828097695',	'YRXsfqvJhVCbHi',	'f',	'guest',	1),
(897,	'kfeDxZRcLnmNYJC',	'c44cc6e43bd73762f48a6735f8506fe9',	'VleLTpdGmBfKPrt',	'NqIQosOiZp',	0,	'ethanjoseph10159@gmail.com',	'4645832038',	'vCXahMAS',	'f',	'guest',	1),
(898,	'Dony',	'a277f4b04add9019ac9265b1351eed37',	'Martin',	'Donát',	1998,	'martasdonat@seznam.cz',	'',	'Kladno',	'm',	'guest',	1),
(899,	'MfHFuilWvNQeKCw',	'a182e719abc73f4f36674f8017c5191f',	'CxWKodraVDMZ',	'BPFVazsA',	0,	'dineyinegr@gmail.com',	'3963533290',	'hKaNlVZM',	'f',	'guest',	1),
(900,	'Dejví',	'9e1105a00b113b024296e3f38226a968',	'David',	'Novotný',	2001,	'xynovodav@email.cz',	'',	'',	'm',	'guest',	1),
(901,	'Shaun',	'808b40aa15d7c1331da4eb616b4a6c71',	'Luboš',	'Vlk',	1990,	'lubosvlkml@gmail.com',	'605880025',	'Tanvald',	'm',	'guest',	1),
(902,	'MboFIJEqkmZu',	'3d1f7364002b5739c50500fda39d5976',	'KQOXAVZlcixrbn',	'jAbdUaDt',	0,	'blazerodgers70@gmail.com',	'6438693080',	'LAWMRGdTagH',	'f',	'guest',	1),
(903,	'Prochy',	'2ae3d888e61630a2006d94126bd905f8',	'Honza',	'Procházka',	1990,	'johny.prochy.walker@gmail.com',	'',	'Praha',	'm',	'guest',	1),
(904,	'cnptTgdwVQzEva',	'52bc991ec6fb9cdc619f1a2504b01166',	'ENScITgVDqJU',	'GUaPDjSTwbQ',	0,	'nuiliversvh@gmail.com',	'3160244835',	'mRgjPbdlMsFqOxUo',	'f',	'guest',	1),
(905,	'Mates',	'0abead8565d4a4ef3bd3047037ac40d3',	'Matěj',	'Tobiáš',	NULL,	'matej.tobias.1996@gmail.com',	'',	'',	'm',	'guest',	1),
(906,	'vCsVjBqhXdUOP',	'f5f4963acef9c17dd16b3adbaf5d5bd4',	'WtoKUPYcXAIsEmV',	'CXlQYjdTEpBN',	0,	'pgkociveex@gmail.com',	'8604567924',	'LNxnWBlUqcSmhp',	'f',	'guest',	1),
(907,	'vaAzTdfpRlVxH',	'c8e16b038b00903207545f58ed3462f2',	'zsvyTohaSXHxKGRP',	'BlcupTjWFi',	0,	'johnferguson1734@gmail.com',	'9461362900',	'ATsjKnzHaCWPoy',	'f',	'guest',	1),
(908,	'NMoejJznVrUTP',	'00f06785ef898343aa644daadb0832b1',	'TkhbQoSPausGjFxw',	'kAESZHIXBxw',	0,	'leogeorge5078@gmail.com',	'6517810995',	'UqhzVZOTIJpeKkP',	'f',	'guest',	1),
(909,	'Ecofleet-LP',	'6e637e7a39a5a7bd860b2bdbe623df2f',	'Ladislav',	'Pospíšil',	NULL,	'Ladislav.Pospisil@ecofleet.cz',	'',	'',	'm',	'guest',	1),
(910,	'ujdhOkxbeQV',	'014a92a062d59c4006b5ec548175d556',	'wGmAkODXsobpfN',	'oxDlMNgaWFfXO',	0,	'ted76975@gmail.com',	'9230853814',	'yrLHxgsVcWmdBbZO',	'f',	'guest',	1),
(911,	'WgCQTDfz',	'fe33123a3e7614690e298c1ce7d7cc35',	'lhKBaRtiMA',	'LymbjgehQKZs',	0,	'robertsonjaime6@gmail.com',	'6729542215',	'ZpGbWvxVPyIJk',	'f',	'guest',	1),
(912,	'zDPAksTjfRt',	'b304d0c81493fd51db66c63ba408ac82',	'hvVuitZaSLqeXBb',	'VaRGZdSt',	0,	'nina.maslyakova93@gmail.com',	'8363688233',	'dBOleuZq',	'f',	'guest',	1),
(913,	'Michal',	'2e78bedf7332e524b0f79bb0bffdde5a',	'Michal',	'Kučera',	1994,	'm.kuci@email.cz',	'607731216',	'České Budějovice',	'm',	'guest',	1),
(914,	'Juráš',	'cc0e60553a67d5e0d68b258627006d5e',	'Jiri',	'Pertold',	1969,	'pertold@gmail.com',	'778454499',	'Praha',	'm',	'guest',	1),
(915,	'tdzwkoSl',	'976bd5212e7797e15272d134318a81bb',	'KhqcxjeOaBUXNkD',	'AerLXcUVWo',	0,	'therveresrg@gmail.com',	'9008052842',	'PlCzLyQOH',	'f',	'guest',	1),
(916,	'nkTZhNtuFpMjxUG',	'e04a30374596bedf7f16e730c1285155',	'dtCxvelnpyWYTa',	'GcBLpnxFqm',	0,	'hudsonoswald01@gmail.com',	'2249976455',	'vDQbaZTyR',	'f',	'guest',	1),
(917,	'Nordic-wind',	'd8d222a5cf9760ae4d08a6b3c1c97907',	'Martin',	'Kalivoda',	1984,	'martin.kalivoda@mensagymnazium',	'608400725',	'Hrádek nad nisou',	'm',	'guest',	1),
(918,	'MTOWIDJf',	'19683d30f301adca7b482600dbc389ee',	'cXLWDNhEgx',	'JQfAsnMaYgWreKh',	0,	'wfox24978@gmail.com',	'8895230104',	'NdeGDHnCwUJ',	'f',	'guest',	1),
(919,	'Luděk',	'd5e6f71af3cfb29a8546b38b42e80618',	'Luděk',	'Kabelík',	NULL,	'ludekkabelik@seznam.cz',	'606941063',	'Praha',	'm',	'guest',	1),
(920,	'bqgkGiPOJ',	'0eafa25271109cbd0229cc34cc7722c0',	'DcVvCJyN',	'IpFJzNWmVGtZT',	0,	'sheltondaniella34@gmail.com',	'4509557719',	'PKXQaVCpvErZJ',	'f',	'guest',	1),
(921,	'iLYjTHCfnUWdlg',	'944183236337eac888243f4b304a0b19',	'ZwvzCScYL',	'sAgUQowT',	0,	'siffrejules3x10pwg@gmail.com',	'7942933994',	'SEVklLofivJPdFKe',	'f',	'guest',	1),
(922,	'yaBrmiwUdTXMRWH',	'865d4b0581b1c51b4462d40ee83bb46a',	'OhElXQwuPbTKge',	'mItRNzPquTLnADyG',	0,	'christelwfopk23@gmail.com',	'8553768607',	'bRZAlrKGJ',	'f',	'guest',	1),
(923,	'jbkxmVMOwCYiz',	'ada77d868a00d9f2576ef76051759973',	'CPAYUHkDcET',	'FLXzEqKQoWbyvJiU',	0,	'frederiquerxmej86@gmail.com',	'6344166080',	'JNolqGACsyfcXZe',	'f',	'guest',	1),
(924,	'Kamča',	'd676ae517ecbb7ecf5df55841bd523e1',	'Kamila',	'Sedláčková',	2001,	'kamcasedl@gmail.com',	'722525028',	'Neveklov - Bělice',	'f',	'guest',	1),
(925,	'zfMObpIhuUoQriH',	'0246531b713e3e30d829e30b03ef068e',	'tMyEQcKNSaC',	'DhVpicAYgx',	0,	'coleennly4k89@gmail.com',	'4723268332',	'tcdkxTBQFew',	'f',	'guest',	1),
(926,	'wDMAiRKgVzZEqHr',	'0a3e919297ae3262ee6a3250372bb867',	'SCPRLTpekzx',	'KxVXsqbmQvzFtaPN',	0,	'julietueyzd90@gmail.com',	'6625965174',	'LaOjrWiKdh',	'f',	'guest',	1),
(927,	'midrXwyfBJUpvAh',	'3a29ce6cc99bb84fae6423ee998cacdb',	'ytwvIVHLXEFT',	'ZcNkFpTMlwaHoYf',	0,	'AmyOWoodv2zc@gmail.com',	'4212718273',	'OUBPojKtVlMEN',	'f',	'guest',	1),
(928,	'BtywipAuDvdjP',	'35f418f6f26ab3e48a1337f8aa849628',	'xmCGjUatseFpc',	'cGHJyQOqoCTAI',	0,	'iriscox819738@gmail.com',	'8580283209',	'gIGmuxchR',	'f',	'guest',	1),
(929,	'fItBLRGwC',	'530ffea8b964d142d5a042621374a4f1',	'mHIsWJXjgN',	'QordsFmhRklXzv',	0,	'mahsagari4211@gmail.com',	'3504422125',	'LZvuswFCSV',	'f',	'guest',	1),
(930,	'MNjrwRDJkYombL',	'4640ce55dc3fca0cd75ad3de760a14fa',	'OlXoWsDqdRFv',	'QGcFjBfkUTp',	0,	'davidmil40831@gmail.com',	'6691823540',	'eKRivCgUW',	'f',	'guest',	1),
(931,	'Holka1997',	'8fcc487d0f4edbe4cc2df0a148504a92',	'Mischel',	'K',	1997,	'mmmmkdjd@post.cz',	'',	'',	'm',	'guest',	1),
(932,	'EAeBJNmqa',	'35709ac48fb783d8e4837fda7def3dcc',	'cNfYLDPnhSAI',	'nYEAoVcIgXev',	0,	'janiekennedyfv15@gmail.com',	'6945528120',	'XEeVPdbWKZuyT',	'f',	'guest',	1),
(933,	'oQeNkwILushbUV',	'794e99d3cb7bd2fba6a08fc25961d429',	'klyTWEFpNOXnBPcK',	'pXdGbNnVE',	0,	'fetuiqa@gmail.com',	'4962897891',	'sUHbdkwOEYZDJ',	'f',	'guest',	1),
(934,	'WqAacSjTxd',	'e61c096ca17499f12678accb794181e2',	'tCyexBjRpcFodh',	'nVDHiNShTAszfQc',	0,	'riverollshorty39@gmail.com',	'9144405689',	'TepOUNDt',	'f',	'guest',	1),
(935,	'wmRXpVtayFAehU',	'175fa522ecc145dd492bd1e2ccbb2172',	'KDQrfUMuCoA',	'tzeiNXvubL',	0,	'jaberim256@gmail.com',	'9467069592',	'nouIkedCBqDLm',	'f',	'guest',	1),
(936,	'ZWuvlkEI',	'5dc349283fe645b473da76ff0d465de8',	'UWoBwTDnKAQbSLiP',	'KaIkJcqYsfeZQhL',	0,	'shericvruau411@gmail.com',	'6193642473',	'VmMIetswryLZkln',	'f',	'guest',	1),
(937,	'rcZgJbwkYLVHa',	'c25487fea155a57ef0dfd7ce75bac3e7',	'RPgtxzFLKb',	'feQjoDKSb',	0,	'majid3689akram@gmail.com',	'2938918513',	'flkXtqcDUiMoZhdR',	'f',	'guest',	1),
(938,	'FMsJwZkKSIeh',	'aded6c3084fc49bc616401261da6b46c',	'pDAeZdmUawQJB',	'qWdKcQDoPYEmGi',	0,	'spenslyre@gmail.com',	'6533712530',	'yOAgSVfm',	'f',	'guest',	1),
(939,	'vfuJAXkG',	'b92c60348e857cf3affd1ea944e75833',	'JXDRIncN',	'omXODwjT',	0,	'fardinvarsajad@gmail.com',	'5607873539',	'lOIyhMTm',	'f',	'guest',	1),
(940,	'nUQgPCRwKqeVau',	'185f26d0fb8800c7270a4736eee3c358',	'sdDBmeFVMnICUxSi',	'hCQXUbTDIxfdkO',	0,	'Uinnaideborahoq8166@gmail.com',	'2153509741',	'YTkioHgJuWULa',	'f',	'guest',	1),
(941,	'Janes',	'bda3bfdfa868d04f4003838f5776f25e',	'Ondřej',	'Janek',	NULL,	'ondrej.janes@gmail.com',	'',	'',	'm',	'guest',	1),
(942,	'chlXrRBWyCQHx',	'c14df2236d16b4e6cf8d746a5ba9765b',	'QoVgAkyZCsftjNDL',	'JZNQpFSUoHqf',	0,	'mywifeisaherolionggl243@gmail.',	'9458138757',	'YlNLmSArwVhvK',	'f',	'guest',	1),
(943,	'SUAXdzQBCjTn',	'601ab9e3b6c5d4fd053bfac0a8ef597f',	'IbzWHldtYETBZJhy',	'lFHciQKTngjeaX',	0,	'herreysonissac@gmail.com',	'3979128750',	'vCtnUTLmNMKR',	'f',	'guest',	1),
(944,	'hNJHQiXLSjby',	'b65dfd5dd9afb156c88a99d2c28c682f',	'LNeWdIQCDzBoY',	'pvTCDWfSt',	0,	'Omashaajenniferox1734@gmail.co',	'9073338390',	'NgsyRAweUlYqZxK',	'f',	'guest',	1),
(945,	'Kačka',	'7e2464a6dce78b05a68d68bac2fc54db',	'Kateřina',	'Pojerova',	2004,	'katerinapojerova6@gmail.com',	'723 121 499',	'Příbram',	'f',	'guest',	1),
(946,	'ViwpCkzsUDIvoy',	'2a9119b819462ed6fc1d3ce73b451bef',	'YBmDUGtfnWO',	'rnWRNEeOKAaDmB',	0,	'larraine1r295ac049@outlook.com',	'3836782210',	'PkQKJcGMngaZu',	'f',	'guest',	1),
(947,	'uKCmRIDqna',	'fff9917c8ce4d7058af6f5965170bb91',	'XtpCDoInhzMd',	'byVEHidOFa',	0,	'zkaremai5az610@outlook.com',	'3947199202',	'EZQfysrXhBwGgdzA',	'f',	'guest',	1),
(948,	'rMQFthOxpeBAdYo',	'a6a7fc0a435466524d9b08e116d2de5b',	'tTrklnGupMY',	'cpWzesHTMKAkBmr',	0,	'wjohnica1a714070w@outlook.com',	'9399621044',	'EDGkdZQRac',	'f',	'guest',	1),
(949,	'snNdTxCpFWHzEmO',	'e816b4c931fed514e41b567c5ad9fca2',	'ZKTQgBLAwtxEVH',	'pJeMKAtnScfB',	0,	'casady605ria037iv@outlook.com',	'2332762416',	'cUTZVgJvR',	'f',	'guest',	1),
(950,	'UuORaBST',	'acd480e17935f356e7da265fa94751be',	'ZbmYJWyxnteB',	'bMtZVhsvc',	0,	'qtho3yq1s51ue@outlook.com',	'3832364316',	'VcEfDFHSbZRnQ',	'f',	'guest',	1),
(951,	'averner',	'b76869bbd7733e6add3a92a751899036',	'Adam',	'Verner',	1999,	'slack@averner.cz',	'',	'Praha',	'm',	'guest',	1),
(952,	'vjYWmptxVzGkNEJ',	'8f33cfa7a2e238052b897f4b21436520',	'ykLQMZvIXUOgV',	'ofraLuplXS',	0,	'justenu6037g31@outlook.com',	'3397225029',	'lbQzYBvedsoEM',	'f',	'guest',	1),
(953,	'qgYCSBUrPGltJ',	'20b06a13a855e6bb78420ef76e3c9827',	'ZXodOGNlA',	'sSAtGgyulfLjXxzI',	0,	'iarlanda9iuk0iy9o@outlook.com',	'3399715685',	'oqKPtiyR',	'f',	'guest',	1),
(954,	'xEhUTebFOqIN',	'c7f7103b52584b422b928790f850e243',	'BvuxqsLoJpYSD',	'TLgPnlKWdFowZyOm',	0,	'lsaadl2yv5080g@outlook.com',	'2960754118',	'TNhSWJfVvBRE',	'f',	'guest',	1),
(955,	'sARfrByCnKVwiZY',	'97e0acf74c3de3b111c8124b209dc168',	'YLnkIAbOVlM',	'owgMGHOqDd',	0,	'ainsleeuah378wyk681@outlook.co',	'6106655400',	'fqxLJBTawd',	'f',	'guest',	1),
(956,	'LndSENkPOFTfc',	'6bf0bdd1724d6bc3d34d2924efb6dd89',	'guWwEFJdMo',	'acGLODUyZ',	0,	'kkaelin52k7e34oa6@outlook.com',	'5078805256',	'gmkIATJDriMGoKN',	'f',	'guest',	1),
(957,	'cHKYbykUAtC',	'796421024ae6e6569f9b922f4af4ebf5',	'wFaTEMfjIVn',	'MfLNkVGJetzDqO',	0,	'tyreeceui3ce09y568@outlook.com',	'2970832445',	'gHEpGWXFZjQtKdzL',	'f',	'guest',	1),
(958,	'MrsGDVTkKlj',	'ff47354a714b7d0272821f039ac76ccc',	'WAPEhCOZdgoR',	'OqgCYBbJuQsxj',	0,	'nbrewster7nu5e4yu@outlook.com',	'3991946395',	'vZTYprxiKbnBHlF',	'f',	'guest',	1),
(959,	'ayfvpNVGSmMEPIC',	'414bed683a126db0d623f9001f0019f2',	'ZhURxtbpneTPvFrL',	'XWFsLRDZcdrUwHvO',	0,	'cira4z3g46572u@outlook.com',	'6082995204',	'hXutxBvgfHMQ',	'f',	'guest',	1),
(960,	'YKLsmnoRHMPuUgX',	'1b26fdc30a466185f41fb81f2e807454',	'uLkxCXbFsYjm',	'QFGmbTZrnYztp',	0,	'ilya9ngear@outlook.com',	'4879343325',	'JWpxqANmDLrFkeZd',	'f',	'guest',	1),
(961,	'cgGYxMozpbk',	'4d8703eeeef63b42de9ef1056a83d4ad',	'whWikQXfDepG',	'wUCMAjGlbtHs',	0,	'grigoriyfoqj@outlook.com',	'4933248146',	'GMdKYoQVuS',	'f',	'guest',	1),
(962,	'IFwLDkmuv',	'85afca2986913c29d424ee5afab45fb4',	'AzcSnNqyFLCH',	'RliaJjCZHPGtB',	0,	'grigoriyb07h@outlook.com',	'2311141374',	'oXxIYaRdFfpt',	'f',	'guest',	1),
(963,	'vXOkwqitzbuTyj',	'86edec32ff045d7f2ca8505de4c14c29',	'EvQlCGOhFrUNZPm',	'wSjEPFaBsob',	0,	'ilyajqbqpestov@outlook.com',	'2880994555',	'UInbyQXlOx',	'f',	'guest',	1),
(964,	'kaEnvPCwTbyX',	'fe917f900d6becd3318fb1b859572e01',	'omPkXrHMu',	'SLWjdXUTbtynvGKP',	0,	'banpicisup@outlook.com',	'3395924791',	'XzucxVNTPmk',	'f',	'guest',	1),
(965,	'mqaxRCZwW',	'903e8f35f35b69f3bb4f7629a125120e',	'veUaEcWDIMX',	'QTozysJWeBgYawD',	0,	'buycimawax@outlook.com',	'5121390048',	'jgDobGBOwTCRdu',	'f',	'guest',	1),
(966,	'iEQsbJvdgwyGrZl',	'a506cadacd06d3fb5bbd19ddca088ac3',	'lqNKeEupA',	'TkofIUuDeAYC',	0,	'niqxolabow@outlook.com',	'8029215364',	'xeRDJIsjOGKcS',	'f',	'guest',	1),
(967,	'bzJieVYnmtEu',	'1ce86b657a8ef85e81a9c33e1290121f',	'RcKZSIqsy',	'FlCWpJdyUbKv',	0,	'wihnideduj@outlook.com',	'8669021535',	'qGTinrWeIxB',	'f',	'guest',	1),
(968,	'FZejUALoXbP',	'56af4a73d8154948c0496fa82ae95273',	'mSZcFTywuHU',	'vmWTqDBVO',	0,	'foyloracob@outlook.com',	'6536318223',	'wiAYtlxHQrbO',	'f',	'guest',	1),
(969,	'Tutifrutti',	'ee61eb0e55ea533fdcd2a742135f7467',	'Terka',	'Fríuittová',	NULL,	'ivettakabatova@gmail.com',	'',	'Hradec',	'f',	'guest',	1),
(970,	'NsWkwYOcVIpDegj',	'4f1e6aab1c827874c449b080ebad0a92',	'tdZUFhkyliPJqCLV',	'xYgiCnMGBbJftu',	0,	'jubhijurir@outlook.com',	'2666036452',	'HovypaQRwtlLkxMG',	'f',	'guest',	1),
(971,	'UAGcnqblsOm',	'8073abc4f9aadd62d32065c8571635fa',	'zEqHZgUKOJ',	'vKqXCLPVFSHdDge',	0,	'hihvagesel@outlook.com',	'3210267253',	'PvpYDIytWnXz',	'f',	'guest',	1),
(972,	'cKnVaPYWbTo',	'415d252a1edfc93a794b80e7e4996caf',	'sNxbJYoOazMQZgjV',	'qXpdBnWeawEKDhU',	0,	'deywosigeq@outlook.com',	'4837814456',	'HRmxCSdfaoMLT',	'f',	'guest',	1),
(973,	'Pan Dek',	'465ba81e9686d424478f9d954531e22c',	'Dan',	'Pek',	1998,	'daniel.pek@seznam.cz',	'',	'',	'm',	'guest',	1),
(974,	'Staypinda',	'28f487af89a0ec768c3da495fffeac33',	'Jan',	'Štěpánek',	NULL,	'jan.stepanek.prace@email.cz',	'723486723',	'Liberec',	'm',	'guest',	1),
(975,	'JennaHopkin',	'fefdd01a2096c644318815b8da319abf',	'Jenna',	'Hopkin',	1992,	'jennahopkin@isu.edu',	'2083608342',	'Idaho, USA',	'f',	'guest',	1),
(976,	'Šíma',	'4ee753c654746679a7119ff04dfa82aa',	'Šimon',	'Navrátil',	NULL,	'navratil.simon@gmail.com',	'',	'',	'm',	'guest',	1),
(977,	'Toncek',	'ce6a708792637bdd606094d1ce37ec15',	'Antonín',	'Veselý',	2004,	'tondavesely1@seznam.cz',	'723404777',	'Telč',	'm',	'guest',	1),
(978,	'qjEQRJCuFvbnX',	'745e757ca461c892bb66e215c73b79c7',	'GrSlueONFzECW',	'KhxdOUfVmzobvi',	0,	'sergeymardeb@outlook.com',	'2165611030',	'FImczePUqfMEn',	'f',	'guest',	1),
(979,	'RNiDfkcUjxs',	'6a0ba11cee7021dd9a1a71d4eec4c812',	'AnQoPJFuUldZ',	'UTFBWqSsOl',	0,	'peter.watkins.988@outlook.com',	'2749888987',	'OEyrGpCfixJ',	'f',	'guest',	1),
(980,	'BZdVisWPHzCLYp',	'10cde02abde5512bad66969015b48a76',	'ROoBDTsykCcaHeqh',	'wTSDLxEHYWCK',	0,	'vladislavign7id@outlook.com',	'4369345849',	'jfAwMvixoLDbgFHI',	'f',	'guest',	1),
(981,	'qKTBGLRe',	'96bd0c64398d5b280ad886fcec8677d9',	'oLixfVmHPnqBQ',	'rBmTzbecfYRZxtHl',	0,	'ivens2311@gmail.com',	'2317461315',	'mMrTeWRwuoil',	'f',	'guest',	1),
(982,	'yPperFSxZQRC',	'46296ecfba2ce26b6afa84b6e054f6f4',	'pbPkUKcFYxWORast',	'gpALeEBD',	0,	'KarrieDollar724@aol.com',	'6329143498',	'GkdSbLlVZxmuQtHO',	'f',	'guest',	1),
(983,	'Albi',	'479b6972befa468495faf3ff917a4050',	'Albert',	'Musil',	2002,	'albertmusil@gmail.com',	'',	'',	'm',	'guest',	1),
(984,	'hGAfjNgezJvwxi',	'cb8c396e5faceef341f9306c170398b5',	'wWOmqLeYcaTHhAX',	'TXjBsivKRtFalxqZ',	0,	'smithkimberly7817@yahoo.com',	'4920101369',	'shBovYiLg',	'f',	'guest',	1),
(985,	'emNupLAZGOrUshX',	'baff8b388e67444e9faf11dba8895278',	'ewdxrMCBvTXDU',	'ZlQcVhTdFnDkULma',	0,	'djibhq5878@gmail.com',	'4463733578',	'WpqwYJbyT',	'f',	'guest',	1),
(986,	'klxwiHsYcSKq',	'8a052a41db2e7d0c61a590a9b37f354f',	'vMFWPwrmRipGbOs',	'MUTtRZaKg',	0,	'tomas_wilkinson2bn1@outlook.co',	'4391899355',	'urmNqpaPx',	'f',	'guest',	1),
(987,	'zrcadlenickoo',	'6fc360c14640809c74b4fd90b3f3d892',	'Zita',	'Zrcadelniková',	1989,	'zzrcadlove@gmail.com',	'',	'',	'f',	'guest',	1),
(988,	'OwKdaTQVA',	'fc57d45703a5044682ff6d856d686aae',	'okWVUjyG',	'rIdENxJM',	0,	'kingcangemssched1974@yahoo.com',	'5164076970',	'qRYEsMkbitW',	'f',	'guest',	1),
(989,	'wodkgpQycjsr',	'940f5ec272dd86e3cccab4cdbb1900b6',	'RYNjuashvwJpWnSG',	'RMWPnzBJGTSKj',	0,	'john56goebelxwm@outlook.com',	'2528528588',	'SwBJFxgMYVp',	'f',	'guest',	1),
(990,	'iQNnFIchklYZUEe',	'd6ca786872cc333af9217b2eb38a6277',	'lFPcsTqvCtoj',	'ecfdISqBYUXKrMJv',	0,	'len_boyer3116@aol.com',	'3565112132',	'EetDVclvXM',	'f',	'guest',	1),
(991,	'irplIkaN',	'6c1809b912b8ee250640f91390de2269',	'TZxhGcVwtBLsmi',	'fojUYvLgpNTMh',	0,	'cain_chris489881@aol.com',	'3895284983',	'fOEqxJmSWuBoZD',	'f',	'guest',	1),
(992,	'pBbQkqExTgVaZm',	'bb85ffcfb7968ca3c8b99788ad1245e5',	'sMlTuVQjrP',	'EkRxHdbDINcLwq',	0,	'patricia42orangetae@outlook.co',	'8379258844',	'NispBTDm',	'f',	'guest',	1),
(993,	'PBoNwycYeJiHbg',	'ec11def2727bbb1c0af0b08f8bfb4526',	'JNziSTxtjVwpaB',	'efJaHcUZbCYTNuGA',	0,	'lori_winslowspdr@outlook.com',	'6896780214',	'PLXsyaTZGHEuwKv',	'f',	'guest',	1),
(994,	'Jeffrey',	'b3045ee0d0daaf4d56470346e6302d9c',	'Jan',	'Šafránek',	NULL,	'jan.safranek95@gmail.com',	'',	'',	'm',	'guest',	1),
(995,	'KfSEsbexQ',	'b299442cd976764364fe4eb31df9060a',	'RoiGdATU',	'THVlGezwCjqd',	0,	'lisa_miller6582@yahoo.com',	'5929210303',	'wqvKIrgCd',	'f',	'guest',	1),
(996,	'JirkaK',	'50cd5d0370b780e59e4abc3c02ad8688',	'Jiří',	'Kaláček',	NULL,	'kalacek@volny.cz',	'',	'',	'm',	'guest',	1),
(997,	'Vojta',	'788c6b7cb8ec37279e961cf7e109ebfb',	'Vojtěch',	'Hora',	2003,	'vojtahora852@seznam.cz',	'',	'Most',	'm',	'guest',	1),
(998,	'Onix',	'a3bb92747d140e2271e71fe7c0b156a5',	'Ondřej',	'Medek',	1992,	'mcmedek@gmail.com',	'731604527',	'Černillov',	'm',	'guest',	1),
(999,	'shadowseek',	'3506beac87921b5fbf45a490e694eca1',	'Daniel',	'Sýkora',	1994,	'mail@danielsykora.com',	'0724587758',	'Praha',	'm',	'guest',	1),
(1000,	'Krokodýl Dundee',	'3506beac87921b5fbf45a490e694eca1',	'Daniel Krokodýl',	'Sýkora',	1994,	'slack@danielsykora.com',	'724587758',	'Praha',	'm',	'guest',	1),
(1001,	'hitboy114',	'2029f95daa022339f61ac87f16afa543',	'hitboy114',	'hitboy114',	NULL,	'hitboy114@owleyes.ch',	'',	'',	'f',	'guest',	1),
(1002,	'김수아',	'c727252416193c357022c9bd0bba1fe4',	'REWWET',	'WETWET',	1980,	'joyojop135@adambra.com',	'01032582257',	'KOREA',	'm',	'guest',	1),
(1003,	'buydameve',	'2029f95daa022339f61ac87f16afa543',	'buydameve',	'buydameve',	NULL,	'buydameve@neko2.net',	'',	'',	'm',	'guest',	1),
(1004,	'hisfun536',	'2029f95daa022339f61ac87f16afa543',	'hisfun536',	'hisfun536',	NULL,	'hisfun536@via.tokyo.jp',	'',	'',	'm',	'guest',	1),
(1005,	'Vojtaa',	'a7b45dc6512361f7b970c432805d2748',	'Vojtěch',	'Hora',	2003,	'vojtahora54@gmail.com',	'',	'Most',	'm',	'guest',	1),
(1006,	'Wojtavojta',	'5c32bd927b8edb955195160bd3e70d18',	'Vojtěch',	'Hora',	2003,	'highlinewojta@seznam.cz',	'',	'Most',	'm',	'guest',	1),
(1007,	'Tom',	'229f6ec2532714e01210d8752e837029',	'Tom',	'Zemánek',	NULL,	'zemanektomas@centrum.cz',	'',	'Ostrava',	'm',	'guest',	1),
(1008,	'Sedlak.gif',	'416427604e63e688aa5ead21a7349007',	'Šimon',	'Sedlák',	1999,	'helsinky123@gmail.com',	'602391238',	'Český Krumlov',	'm',	'guest',	1),
(1009,	'SazeHdauakl',	'ddcf7d59df0d4fe30662a4a7d5d04f5e',	'eEyNtIMHaYpHdPb',	'TNxmfQkqIVD',	0,	'sconychleza1981@yahoo.com',	'4200065645',	'JAedFsPYISGK',	'f',	'guest',	1),
(1010,	'BupHfmKWjnVazw',	'3c6f16a6018114494793eec0d64da1a3',	'fYjGKBTUfz',	'tPbOsDDcAZjvQi',	0,	'obazills1994@gmail.com',	'5852324367',	'BQXfnWngtGF',	'f',	'guest',	1),
(1011,	'TqpJFWHzChuyh',	'9f18e5d7980d20be5859ecdf170e12fd',	'wKKTOjKTPN',	'JkVxlQwzjpIxNB',	0,	'robertinafry59@gmail.com',	'3032602386',	'OIEQGHUuaMD',	'f',	'guest',	1),
(1012,	'eKKpNTwoMNTN',	'e4eee731f25ba0ba2aab172caf6f6370',	'LMSMTiokheQNcW',	'VBrdReSdnte',	0,	'kadigilesen@gmail.com',	'7878655905',	'FoKxdlTmT',	'f',	'guest',	1),
(1013,	'aKkdWqWIQsmvxfs',	'f33b0449d8abf8e4720aad484a2d9dc0',	'YgPmquvMCg',	'TFXIocwbxCBrQWq',	0,	'freydannik2002@gmail.com',	'6636668200',	'VTciaKWWBitc',	'f',	'guest',	1),
(1014,	'ZhbDPpdsyEpOKI',	'7998f89ef4f7c4a17df621098be230c0',	'vBhLQJWQA',	'leCVOGqWf',	0,	'malvreni2004@gmail.com',	'5693587008',	'uOisrluEyOoUAd',	'f',	'guest',	1),
(1015,	'AywlyfcwqaA',	'd05c5bc1553aa078ef85468d8c2d535d',	'iweaBLnCZDxqM',	'biTaqDfLokbbsZ',	0,	'fbettzb@gmail.com',	'7751810771',	'OsEiHXeSGvJ',	'f',	'guest',	1),
(1016,	'JrmzviGKpcr',	'2b0f79235e0419e802ba2ef55d84990b',	'jnzpmJRKXne',	'EhhAXXKfgHlTvY',	0,	'stennizonmf@gmail.com',	'2642202381',	'mwWPzCzcacWi',	'f',	'guest',	1),
(1017,	'OQIrlNhCslg',	'd5e6974500fd24b2fd74a3abe7d3e069',	'JXSQdbKI',	'shcYmximy',	0,	'verinamarshtx2001@gmail.com',	'6690222938',	'OiHRDRlw',	'f',	'guest',	1),
(1018,	'prwRykzlIlqRYtO',	'1a03797c8a4375b003b34add41cd9961',	'UECylmhdjR',	'IoFoHnozV',	0,	'mjonesfl96@gmail.com',	'8368800073',	'FkISBTquBF',	'f',	'guest',	1),
(1019,	'dZNbuqdzQBLzCK',	'742037aba121f1b34b79642518ab73f7',	'fdZipzpKrxLef',	'LBzrolkZZTC',	0,	'markobradleyk1995@gmail.com',	'4516914852',	'YpWNgaUNeeLxcm',	'f',	'guest',	1),
(1020,	'SnMbbtoe',	'4d7ddeb96b89db90761a8dd3d706f376',	'OMDWLmJDpLRVTC',	'HAXyJyJGK',	0,	'gentrylukss33@gmail.com',	'7903412867',	'ghbcuKTxdX',	'f',	'guest',	1),
(1021,	'vilimf',	'967db5a2d660dc0fdd17ce31d17f362a',	'František',	'Vilim',	NULL,	'vilimf@gmail.com',	'',	'',	'm',	'guest',	1),
(1022,	'awvGekFflqoAfuX',	'839dc164e0e3cb807447d81a55492bf5',	'ZAItWffGi',	'qrydZsBcKIxFMr',	0,	'keimronm44@gmail.com',	'9958520893',	'RoyWBVIIdA',	'f',	'guest',	1),
(1023,	'OhXRZKAwbMmbf',	'954dffb0e6bede7da47122cd7ad36a46',	'CBXUHwuemrSPfzT',	'jXLPzXhfcTni',	0,	'osmyndmcc@gmail.com',	'5774791052',	'thFVlxpv',	'f',	'guest',	1),
(1024,	'aTzDPUYPgPXO',	'7d971f83dd907a1d5edbb997dd9f7f9a',	'ZWfljZIIlLZj',	'ToXvQfzjhlqgN',	0,	'guyrivas531047@yahoo.com',	'4876219680',	'wUDWLKwIOQIds',	'f',	'guest',	1),
(1025,	'LGJDHzfSngz',	'68ab2b2111b4da371660d4862380f82c',	'jeTeyKcIOlnOQU',	'qDvEPdTt',	0,	'jacobsbryannaf@gmail.com',	'5612426092',	'pmppUVhdf',	'f',	'guest',	1),
(1026,	'QWxXBtlpDhFlM',	'1825c43634a40da1592820bc04d711d7',	'viNQqsWa',	'rCfvdNQzJihJ',	0,	'brytysp5@gmail.com',	'4457687582',	'cvIVzbnyN',	'f',	'guest',	1),
(1027,	'iFTsGkrOggYBFc',	'1d12840c56e5394171b237850b33c5d6',	'QRjgNATKbwGa',	'gWYPZJKP',	0,	'vmosleymh@gmail.com',	'4368442339',	'EUDarwKrliM',	'f',	'guest',	1),
(1028,	'pMiksdfEt',	'c82ad8a12517fbf987b5426b12173b9a',	'edZhzhUrJGoVaY',	'MXEZJyOTZn',	0,	'shellyjohnson888900@yahoo.com',	'2293102459',	'ElpUUfwtiUuH',	'f',	'guest',	1),
(1029,	'mXjHOFSQCZ',	'6524c72e47cab0974176fb6fbfd49471',	'ZblGjOIl',	'zALryNGYNUxle',	0,	'semuelleeox1989@gmail.com',	'8307115410',	'OWeoQxwMg',	'f',	'guest',	1),
(1030,	'BnJAscIsdjXg',	'aba49591ab4149a71fbd9ce6f079f07f',	'NaYFlKbv',	'yTGjiLmwZwI',	0,	'dhaasmh1998@gmail.com',	'4557956002',	'drGBlfQcy',	'f',	'guest',	1),
(1031,	'RallgeWFPubZmy',	'85dd10ae6219c324432ea27e6fdb7406',	'mTYvqaShcsUJQ',	'VrQPRvprD',	0,	'oraligilbert@gmail.com',	'5535375042',	'okmlTZnkveYjaB',	'f',	'guest',	1),
(1032,	'vOcTfAlNNis',	'4de190eee88296d02bd550376c0795b3',	'DTezHbjdPVUaTg',	'xvKuBpuj',	0,	'jacksonbrandi813077@yahoo.com',	'2488489908',	'JYUdKFSojXqfBN',	'f',	'guest',	1),
(1033,	'SlGvSZASQnz',	'ebd1a0bc8f3486f35a101330008e5389',	'qldVmDwh',	'xmTUJwYaL',	0,	'woolleybrennan963170@yahoo.com',	'8242836024',	'lfEtwORpQzwLmA',	'f',	'guest',	1),
(1034,	'uZYOGUFKZcB',	'9a62dca944a6d158929a4a409368a559',	'sTLmftjNRxMGos',	'jhOUdXsdlceuo',	0,	'jacksonkelly981660@yahoo.com',	'2045962797',	'oMrgtifhV',	'f',	'guest',	1),
(1035,	'UrXnHWQsjEEGS',	'90ddb8ed7ec29e155c9672be2f934f82',	'snmbYVPhxznQI',	'oIgumVGW',	0,	'nicholsmary433357@yahoo.com',	'8361823134',	'NbmWUbvlISvAfca',	'f',	'guest',	1),
(1036,	'TFNyGiaTyj',	'5442fa9863f1f12dedf93cbdb022f52f',	'LdGFhTZM',	'qoCLcfnjMoTwE',	0,	'villastiw23@gmail.com',	'7947572616',	'hpapRdGxbd',	'f',	'guest',	1),
(1037,	'oTGNlVhp',	'fc7b30e0a081f22d0649386a24529380',	'LkEGFLlYk',	'UxTEuEtoti',	0,	'spaikatq@gmail.com',	'9073140594',	'fLmVJVUxQxjlLma',	'f',	'guest',	1),
(1038,	'kUBRXiAB',	'204ee386055493d382ca761ebbd8feb6',	'glamdcra',	'TLMLPCwhsBuP',	0,	'shezellnf18@gmail.com',	'4816328945',	'gmjUndeNS',	'f',	'guest',	1),
(1039,	'oongHgRriZmoe',	'22524da56d437603aeae1571bb8a1a66',	'BZnQqICMKzgs',	'HSKtKhtkeI',	0,	'hitkliffyoungro98@gmail.com',	'3311821021',	'oQsPbtQApTS',	'f',	'guest',	1),
(1040,	'SqrhLPllwXMmVLi',	'38da8969692460c6952f926b13e55fa0',	'HPGJAWdBryWftn',	'mpzYPRnmVNmtl',	0,	'robinsoncimenk726138@yahoo.com',	'6247173179',	'UzvxvKwZar',	'f',	'guest',	1),
(1041,	'XabMEJZYthZZNJv',	'01c82c63fdfc61271d408be1cb65343e',	'svDvNinNxfq',	'LojaKUgfejdSWZo',	0,	'hladonnawk81@gmail.com',	'2083109793',	'VTacXbkiWNAxX',	'f',	'guest',	1),
(1042,	'LpzQTeVT',	'8682c11d0369569d7486a6c5deb0945e',	'JHGzknAdHMxSeV',	'zsaNwJSrwUzCo',	0,	'hunterpeitonp5@gmail.com',	'4264506263',	'HHnoVApQffh',	'f',	'guest',	1),
(1043,	'qPlYTraIm',	'7a57b3d4f7f0b8c5cc5d52edf401baf9',	'XiKzlTxEqwstSIj',	'NChoWgjyDrQcP',	0,	'hannac1983@gmail.com',	'5472491616',	'MOKEvWszIVrXQB',	'f',	'guest',	1),
(1044,	'kbyIoLrshiMXWQ',	'5b4d959e35e2f438627b478d0ae4f75f',	'DVeVxmuaiNAV',	'kbdsFAssxF',	0,	'kelleygeorge505536@yahoo.com',	'2409133313',	'rbwsUDDkre',	'f',	'guest',	1),
(1045,	'Cenyp',	'd8b19213d9c142ff3e77a7ced5bb68bd',	'Jan',	'Pečený',	1981,	'Cenyp.aukro@gmail.com',	'736687386',	'Liberec',	'm',	'guest',	1);

DROP TABLE IF EXISTS `uzivatel_galerie`;
CREATE TABLE `uzivatel_galerie` (
  `id_u` int(11) NOT NULL,
  `id_f` int(11) NOT NULL,
  `popis` varchar(50) DEFAULT NULL,
  PRIMARY KEY (`id_u`,`id_f`)
) ENGINE=MyISAM DEFAULT CHARSET=latin1 COLLATE=latin1_swedish_ci;

INSERT INTO `uzivatel_galerie` (`id_u`, `id_f`, `popis`) VALUES
(50,	13,	'Zima pod Troskama'),
(1,	1,	'B?lidlo - 147m'),
(1,	2,	'UrbanLine u liberecký radnice :-)'),
(1,	3,	'Iceline na liberecké p?ehrad?'),
(1,	4,	'highline na Cukrovarák'),
(10,	1,	''),
(10,	2,	''),
(50,	4,	'Bišík - kultovní záležitost'),
(50,	3,	'Doga 2008'),
(50,	2,	'Frýdlantské cimbu?í 2009'),
(50,	1,	'Za?átky nad Libercem'),
(46,	1,	'Cimbu'),
(46,	2,	'Ješt?d'),
(46,	3,	'Ješt?d'),
(46,	4,	'J-fest'),
(46,	5,	'Bišík 2010'),
(46,	6,	'St?elnice u Sloupu'),
(46,	7,	'O?ešník'),
(46,	8,	'Green air'),
(46,	9,	'V p?lce 211m'),
(149,	1,	''),
(50,	5,	'Teplický High kláding'),
(50,	6,	'O?ešník 2008'),
(50,	7,	'Frýdlantské cimbu?í 2008'),
(50,	8,	'ký? jak bi?'),
(50,	9,	'Nové M?sto pod Smrkem 100+'),
(50,	10,	'Dolce Italia'),
(50,	11,	'Bišík - Black mirror'),
(50,	12,	'Sulov - Nad ohniskom'),
(50,	14,	'wasserline na Harcovské p?ehrad?'),
(50,	15,	'to samé v zim? - ICE line'),
(50,	16,	'Jizera'),
(50,	17,	'St?elnice - Sváte?ní'),
(50,	18,	'St?elnice - Velkono?ní'),
(107,	1,	''),
(10,	3,	''),
(75,	1,	''),
(75,	2,	''),
(10,	4,	''),
(1,	5,	'Stoletá Doga'),
(1,	6,	'Praha, Stromovka - 220m'),
(1,	7,	'Nová Louka'),
(59,	1,	'Trpasli?í '),
(46,	11,	'Bišík na p?d?'),
(46,	12,	'Trickline session na p?d?'),
(46,	13,	'Mládí vp?ed!'),
(46,	14,	'Mládí vp?ed! vol.2'),
(46,	15,	'Mládí vp?ed! vol.3'),
(46,	16,	'Stromovka, Brouk 222m'),
(46,	17,	'Stromovka, Brouk 222m'),
(46,	18,	'Wild Sarah'),
(136,	1,	''),
(129,	1,	''),
(136,	2,	''),
(136,	3,	''),
(136,	4,	''),
(148,	1,	''),
(100,	1,	'hejnice stena'),
(46,	19,	'O?ešník swami'),
(46,	20,	'O?ešník FS'),
(46,	21,	'Testování odsedky'),
(46,	22,	'Tréninkovka - 239m'),
(46,	23,	'Hejnice 2011'),
(46,	24,	'?okoládovej keksík'),
(46,	25,	'?okoládovej keksík vol.2'),
(165,	1,	''),
(158,	1,	''),
(171,	1,	''),
(102,	2,	'první midlajna nad Castou'),
(102,	3,	''),
(171,	2,	''),
(171,	3,	''),
(171,	4,	''),
(171,	5,	''),
(171,	6,	''),
(171,	7,	''),
(171,	8,	''),
(171,	9,	''),
(171,	10,	''),
(183,	1,	''),
(107,	2,	''),
(179,	1,	'Trikování na protahovaném du?áku.'),
(179,	2,	'Du?á?ek'),
(179,	4,	'x)'),
(179,	5,	'105m na letné'),
(179,	6,	'Trikování na letné'),
(179,	7,	'HL Šemík 42/15'),
(179,	8,	'Slacklinerz'),
(107,	3,	'');

-- 2025-07-18 10:36:43 UTC
